:020000040800F2
:10000000000006200169010875660108776601088D
:10001000796601087B6601087D6601080000000022
:1000200000000000000000000000000071A70008B0
:100030007F6601080000000011A8000875A80008EC
:1000400051690108516901085169010831670108C6
:1000500051690108516901086D670108516901087A
:100060005169010851690108516901085169010884
:100070005169010851690108516901085169010874
:100080005169010851690108516901085169010864
:100090005169010851690108516901085169010854
:1000A0005169010851690108516901085169010844
:1000B0005169010851690108516901085169010834
:1000C0005169010851690108516901085169010824
:1000D0005169010851690108516901085169010814
:1000E00073670108516901085169010851690108E4
:1000F00051690108516901085169010851690108F4
:1001000051690108516901085169010851690108E3
:1001100051690108516901088166010851690108A6
:10012000BD660108DD6601085169010851690108D1
:10013000E96601085169010851690108516901081E
:1001400051690108516901085169010851690108A3
:10015000ED66010819670108256701085169010862
:100160005169010851690108516901085169010883
:10017000516901088D6601085169010800000000FD
:100180005169010851690108516901085169010863
:100190005169010851690108516901085169010853
:1001A0009966010851690108A566010851690108AD
:1001B00051690108516901083D6701085567010847
:1001C000616701085169010849670108516901081F
:1001D0005169010851690108516901080D67010859
:1001E0005169010851690108516901085169010803
:0801F000516901085169010881
:1002000010B5054C237833B9044B13B10448AFF350
:1002100000800123237010BD0006002000000000B4
:10022000349E020808B5034B1BB103490348AFF3E2
:10023000008008BD0000000004060020349E020873
:100240004B1C012B98BF70472DE9F003911C9B08B4
:10025000B1F80480B1F802900A8831F802CC8044E9
:10026000814402448444D9F80070D8F800601568CD
:10027000DCF80040C9F80060C8F80070CCF8005005
:100280001460D9F80470D8F804605568DCF80440AC
:10029000C9F80460C8F80470CCF804505460083100
:1002A000013BD5D1BDE8F00370474B1C012B98BF33
:1002B00070472DE9F003911C9B08B1F80480B1F858
:1002C00002900A8831F802CC00EB580800EB59097B
:1002D00000EB520200EB5C0CD9F80070D8F800601B
:1002E0001568DCF80040C9F80060C8F80070CCF868
:1002F000005014600831013BDFD1BDE8F0037047C6
:1003000081F0004102E000BF83F0004330B54FEAC6
:1003100041044FEA430594EA050F08BF90EA020F33
:100320001FBF54EA000C55EA020C7FEA645C7FEAC6
:10033000655C00F0E2804FEA5454D4EB5555B8BFE9
:100340006D420CDD2C4480EA020281EA030382EA5A
:10035000000083EA010180EA020281EA0303362DEC
:1003600088BF30BD11F0004F4FEA01314FF4801CBF
:100370004CEA113102D0404261EB410113F0004FD1
:100380004FEA03334CEA133302D0524263EB430388
:1003900094EA050F00F0A780A4F10104D5F1200E26
:1003A0000DDB02FA0EFC22FA05F2801841F1000181
:1003B00003FA0EF2801843FA05F359410EE0A5F155
:1003C00020050EF1200E012A03FA0EFC28BF4CF086
:1003D000020C43FA05F3C01851EBE37101F000453C
:1003E00007D54FF0000EDCF1000C7EEB00006EEB49
:1003F0000101B1F5801F1BD3B1F5001F0CD34908D3
:100400005FEA30004FEA3C0C04F101044FEA445229
:1004100012F5800F80F09A80BCF1004F08BF5FEAB0
:10042000500C50F1000041EB045141EA050130BD90
:100430005FEA4C0C404141EB0101013C28BFB1F5A2
:10044000801FE9D291F0000F04BF01460020B1FAED
:1004500081F308BF2033A3F10B03B3F120020CDAC0
:100460000C3208DD02F1140CC2F10C0201FA0CF09E
:1004700021FA02F10CE002F11402D8BFC2F1200C03
:1004800001FA02F120FA0CFCDCBF41EA0C019040B9
:10049000E41AA2BF01EB0451294330BD6FEA040402
:1004A0001F3C1CDA0C340EDC04F11404C4F12002ED
:1004B00020FA04F001FA02F340EA030021FA04F3FF
:1004C00045EA030130BDC4F10C04C4F1200220FA56
:1004D00002F001FA04F340EA0300294630BD21FA94
:1004E00004F0294630BD94F0000F83F4801306BF5A
:1004F00081F480110134013D4EE77FEA645C18BF4E
:100500007FEA655C29D094EA050F08BF90EA020FE4
:1005100005D054EA000C04BF1946104630BD91EADC
:10052000030F1EBF0021002030BD5FEA545C05D1DF
:100530004000494128BF41F0004130BD14F580041E
:100540003CBF01F5801130BD01F0004545F0FE4192
:1005500041F470014FF0000030BD7FEA645C1ABFC7
:10056000194610467FEA655C1CBF0B46024650EAFE
:10057000013406BF52EA033591EA030F41F400212A
:1005800030BD00BF90F0000F04BF0021704730B5B0
:100590004FF4806404F132044FF000054FF0000185
:1005A00050E700BF90F0000F04BF0021704730B546
:1005B0004FF4806404F1320410F0004548BF40421B
:1005C0004FF000013EE700BF42004FEAE2014FEA70
:1005D00031014FEA02701FBF12F07F4393F07F4F4B
:1005E00081F06051704732F07F4208BF704793F04E
:1005F0007F4F04BF41F40021704730B54FF4607461
:1006000001F0004521F000411CE700BF50EA010263
:1006100008BF704730B54FF000050AE050EA01020C
:1006200008BF704730B511F0004502D5404261EB7C
:1006300041014FF4806404F132045FEA915C3FF4BD
:10064000D8AE4FF003025FEADC0C18BF03325FEA5A
:10065000DC0C18BF033202EBDC02C2F1200300FA0B
:1006600003FC20FA02F001FA03FE40EA0E0021FA30
:1006700002F11444BDE600BF80F0004002E000BF7C
:1006800081F0004142001FBF5FEA410392EA030F7D
:100690007FEA226C7FEA236C6AD04FEA1262D2EBC7
:1006A0001363C1BFD218414048404140B8BF5B42CC
:1006B000192B88BF704710F0004F40F4000020F065
:1006C0007F4018BF404211F0004F41F4000121F07B
:1006D0007F4118BF494292EA030F3FD0A2F10102C5
:1006E00041FA03FC10EB0C00C3F1200301FA03F103
:1006F00000F0004302D5494260EB4000B0F5000F26
:1007000013D3B0F1807F06D340084FEA310102F1E4
:100710000102FE2A51D2B1F1004F40EBC25008BF96
:1007200020F0010040EA03007047490040EB000060
:10073000013A28BFB0F5000FEDD2B0FA80FCACF161
:10074000080CB2EB0C0200FA0CF0AABF00EBC2508E
:1007500052421843BCBFD0401843704792F0000F7C
:1007600081F4000106BF80F400000132013BB5E7CF
:100770004FEA41037FEA226C18BF7FEA236C21D045
:1007800092EA030F04D092F0000F08BF08467047AA
:1007900090EA010F1CBF0020704712F07F4F04D178
:1007A000400028BF40F00040704712F100723CBF8B
:1007B00000F50000704700F0004343F0FE4040F4B5
:1007C000000070477FEA226216BF08467FEA236373
:1007D0000146420206BF5FEA412390EA010F40F45E
:1007E000800070474FF0000304E000BF10F00043AA
:1007F00048BF40425FEA000C08BF704743F0964391
:1008000001464FF000001CE050EA010208BF7047AB
:100810004FF000030AE000BF50EA010208BF704732
:1008200011F0004302D5404261EB41015FEA010C47
:1008300002BF84460146002043F0B64308BFA3F13F
:100840008053A3F50003BCFA8CF2083AA3EBC25321
:1008500010DB01FA02FC634400FA02FCC2F1200240
:10086000BCF1004F20FA02F243EB020008BF20F077
:100870000100704702F1200201FA02FCC2F12002DD
:1008800050EA4C0021FA02F243EB020008BF20EAD2
:10089000DC7070477BB972B90029BEBF00204FF0F1
:1008A000004106E008BF00281CBF6FF000414FF078
:1008B000FF3000F0F5B9ADF1080C6DE904CE002968
:1008C00009DB002B1ADB00F06FF8DDF804E0DDE94E
:1008D000022304B07047404261EB4101002B1BDB57
:1008E00000F062F8DDF804E0DDE9022304B04042E4
:1008F00061EB4101524263EB43037047524263EBA9
:10090000430300F051F8DDF804E0DDE9022304B010
:10091000404261EB41017047524263EB430300F0F8
:1009200043F8DDF804E0DDE9022304B0524263EB52
:100930004303704753B94AB9002908BF00281CBFB8
:100940004FF0FF314FF0FF3000F0AAB9ADF1080CC5
:100950006DE904CE00F028F8DDF804E0DDE90223BB
:1009600004B07047000000009FED0B6B41EC170BCB
:100970009FED0B5B27EE066BBCEEC66BB8EE464BED
:10098000A4EE457BFCEEC77B16EE101A17EE900A1C
:10099000704700BFAFF30080000000000000F03D92
:1009A000000000000000F0412DE9F047089D0F46CF
:1009B00004468C46002B48D18A42164661D9B2FAC9
:1009C00082F34BB1C3F1200201FA03FC20FA02F2D8
:1009D0009E4042EA0C0C9C404FEA164EB7B2BCFB5C
:1009E000FEF1220C0EFB11CC42EA0C4201FB07F097
:1009F000904209D9B21801F1FF3C80F0EE8090429C
:100A000040F2EB8002393244121AA4B2B2FBFEF07B
:100A10000EFB102244EA024400FB07F7A74209D963
:100A2000341900F1FF3280F0DA80A74240F2D7801B
:100A30003444023840EA0140E41B00211DB1DC408F
:100A40000023C5E90043BDE8F0878B4206D90DB10C
:100A5000C5E9000100210846BDE8F087B3FA83F13B
:100A6000002948D1BB4202D3824200F20781841A96
:100A700067EB030201209446002DE4D0C5E9004C49
:100A8000E1E7002A00F09280B2FA82F3002B40F0F6
:100A9000A8808A1A4FEA164E1FFA86FC0121200C04
:100AA000B2FBFEF70EFB172240EA02420CFB07F0F6
:100AB000904207D9B21807F1FF3802D2904200F2F3
:100AC000E2804746121AA4B2B2FBFEF00EFB1022DF
:100AD00044EA02440CFB00FCA44507D9341900F198
:100AE000FF3202D2A44500F2CB801046A4EB0C04E6
:100AF00040EA0740A2E7C1F120068B4022FA06FC3B
:100B00004CEA030C07FA01F420FA06F3F7404FEA27
:100B10001C49234300FA01F81FFA8CFEB7FBF9F0D9
:100B20001C0C09FB107744EA074400FB0EF7A742B0
:100B300002FA01F20AD91CEB040400F1FF3A80F03A
:100B40009B80A74240F2988002386444E41B9FB225
:100B5000B4FBF9F309FB134447EA044403FB0EFE1C
:100B6000A64509D91CEB040403F1FF3780F082800D
:100B7000A6457FD9023B644443EA0040A4EB0E043F
:100B8000A0FB02E7BC427346B94663D360D05DB1B7
:100B9000B8EB030264EB090404FA06F622FA01F347
:100BA0001E43CC40C5E9006400214CE762084808B8
:100BB00042EAC1710B0C43EA00438AB242EA0342A3
:100BC000B3FBF6F1E407B4463746B6461F23B0FB45
:100BD000F6F0D21B41EA004161E7614614E7104696
:100BE00028E7C3F1200120FA01F29E4027FA01F123
:100BF0009F403A434FEA164E1FFA86FCB1FBFEF7C0
:100C00000EFB1710110C41EA004107FB0CF8884558
:100C100004FA03F43AD9711807F1FF3001D288457C
:100C20001FD8A1EB0801B1FBFEF808FB0CF70EFB87
:100C3000181192B242EA0142BA422FD2B21808F118
:100C4000FF31C6D2BA42C4D2A8F102013244C0E791
:100C5000F0459CD2BEEB020367EB0C070138B946A6
:100C600095E7A6EB08084144B81EB1FBFEF808FB67
:100C70000CF7DCE73B467FE7504667E70846FBE6B4
:100C80003444023832E7023F32441BE7A1EB08014B
:100C90003846B1FBFEF808FB0CF7C8E7414698E779
:100CA000704700BF10F8012B11F8013B012A28BF43
:100CB0009A42F7D0D01A7047034613F8012B002A46
:100CC000FBD1181A01387047000000000000000036
:100CD00001F0FF01102A2BDB10F0070F08D010F8ED
:100CE000013B013A8B422DD010F0070F42B3F6D1F1
:100CF000F0B441EA012141EA014122F007047FF00A
:100D000000070023F0E80256083C85EA010586EA60
:100D1000010685FA47F5A3FA87F586FA47F6A5FA9C
:100D200087F68EB9EED1F0BC01F0FF0102F00702A8
:100D300032B110F8013B013A83EA010313B1F8D153
:100D40000020704701387047002D06BF3546033834
:100D5000073815F0010F07D1013015F4807F02BF6D
:100D6000013015F4C03F0130F0BC0138704700BFBE
:100D7000034AD2F8883043F47003C2F888307047D1
:100D800000ED00E090F83D30012B33D1022380F8D4
:100D90003D300368DA6842F00102DA60164A934295
:100DA0001AD0B3F1804F17D0A2F57C42934213D0F2
:100DB00002F5806293420FD002F5806293420BD01D
:100DC00002F57842934207D002F57052934203D065
:100DD000A2F59432934207D19968084A0A40062A3C
:100DE00006D0B2F5803F03D01A6842F001021A60C3
:100DF00000207047012070470000014007000100FB
:100E00007047704770477047036870B5DD680446E7
:100E10001E69B2070DD5A9070BD56FF002021A6142
:100E2000012202779B699A0775D0FFF7EAFF00233A
:100E30002377730710D568070ED523686FF0040277
:100E400020461A61022222779B6913F4407F68D002
:100E5000FFF7D7FF0023237731070FD52A070DD5DA
:100E600023686FF0080220461A6104222277DB69AA
:100E70009B075CD0FFF7C5FF00232377F10610D551
:100E8000EA060ED523686FF0100220461A61082288
:100E90002277DB6913F4407F4FD0FFF7B2FF0023C6
:100EA0002377F30708D5E80706D523686FF001021A
:100EB00020461A610BF0B4FF16F4025F08D0290631
:100EC00006D523686FF4025220461A6100F0C1F87B
:100ED000F20508D52B0606D523686FF480722046EC
:100EE0001A6100F0B7F8700608D5690606D52368C0
:100EF0006FF0400220461A61FFF785FFB20622D547
:100F0000AB0620D523686FF0200220461A61BDE8A9
:100F1000704000F09DB8FFF773FF2046FFF772FFA7
:100F200085E7FFF76DFF2046FFF76CFF92E7FFF7BD
:100F300067FF2046FFF766FF9EE7FFF761FF204649
:100F4000FFF760FFABE770BD274A0368904212D0FD
:100F5000B0F1804F0FD0A2F57C4290420BD002F549
:100F60008062904207D002F58062904203D002F581
:100F70007842904208D123F070034A68134323F467
:100F80004073CA68134316E0184A9042F7D002F53E
:100F900080629042F3D002F580629042EFD0A2F5D9
:100FA00098329042EBD002F580629042E7D002F591
:100FB00080629042E3D04A6923F0800313438A6839
:100FC000C2620A688262084A904203D002F58062D7
:100FD000904201D10A690263026842F00402026091
:100FE000012242610360704700000140004001405F
:100FF00010B5044650B390F83D3003F0FF021BB922
:1010000080F83C2015F00EFA02232068211D84F898
:101010003D30FFF799FF0123002084F8483084F821
:101020003E3084F83F3084F8403084F8413084F812
:10103000423084F8433084F8443084F8453084F8F2
:10104000463084F8473084F83D3010BD0120FCE77D
:1010500070477047704700002DE9F341044618B906
:10106000012002B0BDE8F0810368DE0710D42368D8
:101070009D075ED42368190700F1A38023685A07EF
:1010800000F1C480A269002A40F02E810020E8E728
:10109000934B9A6802F00C02042A07D09A6802F077
:1010A0000C02082A0AD15B68590207D58C4B1B68D1
:1010B0009A03DCD56368002BD9D1D1E76368884DEA
:1010C000B3F5803F11D12B6843F480332B6001F0DE
:1010D0006BFB834E054633689B03C8D401F064FB69
:1010E000401B6428F7D90320BBE79BB92B6823F486
:1010F00080332B602B6823F480232B6001F054FB9A
:1011000006462B689F03B2D501F04EFB801B642876
:10111000F7D9E8E7B3F5A02F2B6803D143F4802378
:101120002B60D0E723F480332B602B6823F48023DB
:10113000CCE76B4B9A6812F00C0F07D09A6802F05C
:101140000C02082A11D15B685D020ED4644A136850
:10115000990702D5E368012B82D11368216923F036
:10116000F80343EAC103136084E7E3685C4DBBB155
:101170002B6843F001032B6001F016FB06462B6839
:101180009B0707D52B68226923F0F80343EAC203C3
:101190002B606FE701F008FB801B0228EFD9A2E764
:1011A0002B6823F001032B6001F0FEFA06462B6842
:1011B0009F077FF55FAF01F0F7FA801B0228F6D991
:1011C00091E76369464D83B16B6F43F001036B6731
:1011D00001F0EAFA06466B6F9B073FF54FAF01F04F
:1011E000E3FA801B0228F6D97DE76B6F23F0010339
:1011F0006B6701F0D9FA06466B6F9F077FF53EAF2C
:1012000001F0D2FA801B0228F6D96CE7344B1A6C35
:10121000D50027D41A6C012742F080521A641B6C47
:1012200003F080530193019B2E4D2B68D8051BD5ED
:10123000A3682B4D012B27D12B6F43F001032B67A4
:1012400041F2883801F0B0FA254E0546336F9A070F
:101250003FD5002F3FF416AF214A136C23F0805383
:1012600013640FE70027DFE72B6843F480732B60DC
:1012700001F09AFA06462B68D905D9D401F094FA00
:10128000801B6428F7D92EE7ABB92B6F41F2883861
:1012900023F001032B672B6F23F004032B6701F06E
:1012A00083FA06462B6F9B07D3D501F07DFA801B8E
:1012B0004045F7D917E7052B2B6F03D143F0040303
:1012C0002B67B9E723F001032B672B6F23F004038F
:1012D000B5E701F069FA401B4045B7D903E700BF05
:1012E00000380240007000403C4DAB6803F00C0336
:1012F000082B42D02B68022A23F080732B602FD159
:1013000001F052FA06462B68990123D4D4E907323A
:101310001343626A43EA8213E26A43EA0263226B7E
:1013200043EA0273A26A5208013A43EA02436B603D
:101330002B6843F080732B6001F036FA274D04468A
:101340002B689A013FF5A2AE01F02EFA001B02288D
:10135000F6D9C8E601F028FA801B0228D3D9C2E6E4
:1013600001F022FA04462B689B017FF58FAE01F055
:101370001BFA001B0228F6D9B5E6012A6B683FF478
:101380006FAE03F48002E1698A427FF469AE03F034
:101390003F02216A8A427FF463AE47F6C072616AF7
:1013A0001A40B2EB811F7FF45BAEA26A03F44031B6
:1013B0005208013AB1EB024F7FF452AE03F0706273
:1013C000E16AB2EB016F7FF44BAE226B03F0E043B6
:1013D000B3EB027F14BF0120002042E60038024038
:1013E00070B5214C88B00E461546236BE8B943F022
:1013F00001034FF4807C03A92363236B079003F060
:1014000001030193019B0223CDE903C30323CDE92B
:101410000503164800F00EFDA36823F0EC6343EAD1
:1014200006012943A16008B070BD43F004034FF4E6
:10143000007203210E482363236B03F0040302931D
:10144000029B0223CDE903230023CDE9053103A943
:10145000079300F0EFFCA36823F0784343EA06010A
:1014600041EAC501DEE700BF00380240000002404B
:1014700000080240134908B58B6803F00C03042BE5
:101480001BD0082B1BD14A684B68496802F03F0209
:1014900013F48003C1F388111ABF0B4800230B48D3
:1014A000A1FB0001FFF746FA064B5B68C3F301435B
:1014B00001335B00B0FBF3F008BD0348FCE70348D1
:1014C000FAE700BF0038024040787D010024F400B4
:1014D0002DE9F0410D46044610B90120BDE8F08128
:1014E000454A136803F00F038B4228D321688F0706
:1014F00030D4C80743D4404A136803F00F03AB420B
:1015000066D8226851076FD4130707D53B4A216973
:10151000936823F4604343EAC1039360FFF7AAFF93
:10152000364B374A9B68C3F30313D35CD840354B23
:101530001860354B186815F03FF90020CEE71368A6
:1015400023F00F030B431360136803F00F038B4268
:10155000C3D1CBE711F0040F284B03D09A6842F4B3
:10156000E0529A600E0703D59A6842F460429A608E
:101570009A68A06822F0F00202439A60B9E76168B5
:101580001E4B01291A681BD112F4003FA5D09A689E
:1015900041F28838194F22F003020A439A6001F0A1
:1015A00003F90646BB68626803F00C03B3EB820FD5
:1015B000A1D001F0F9F8801B4045F3D903208DE755
:1015C000022902D112F0007FE0E712F0020FDDE7FE
:1015D000136823F00F032B431360136803F00F030A
:1015E000AB427FF47AAF8CE70449E0688B6823F460
:1015F000E05303438B6087E7003C02400038024021
:10160000949F0208040000200C000020014B186881
:10161000704700BF04000020044B054A9B68C3F3D9
:101620008223D35C034A1068D840704700380240D8
:101630008C9F0208040000200F2303600B4B9A6864
:1016400002F0030242609A6802F0F00282609A6837
:1016500002F4E052C2609B68DB0803F4E0530361CC
:10166000034B1B6803F00F030B6070470038024008
:10167000003C02402DE9F7430268044612F00103E2
:101680000BD0AF498B6823F400038B60636B8868D1
:101690001843B3FA83F35B09886012F4002612D072
:1016A000A748E66BD0F88C10B6F5801F21F44011E6
:1016B00008BF012341EA060116BFB6FA86F60026E6
:1016C0007609C0F88C10D00211D59D4D206CD5F84C
:1016D0008C10B0F5800F21F4400141EA0001C5F8FB
:1016E0008C1000F0A981002808BF46F00106C2F363
:1016F0000067910647EA030731D5914B914D1A6C6B
:1017000042F080521A641B6C03F080530193019BDA
:101710002B6843F480732B6001F046F880462B68F9
:10172000DA0540F18B81864D2B6F13F4407340F046
:101730009081236B03F44072B2F5407F804A40F001
:10174000AE81916823F0704021F4F81120F44070CC
:1017500001439160C3F30B03116F0B4313672568BB
:10176000E9060CD5764BD3F88C2022F08072C3F8B2
:101770008C20D3F88C20A16B0A43C3F88C206A0418
:1017800008D56F4A616ED2F8903023F440330B4392
:10179000C2F890302B0408D5694AA16ED2F8903077
:1017A00023F440230B43C2F89030E80308D5644A81
:1017B000E16ED2F8903023F440130B43C2F890301E
:1017C000A90308D55E4A216FD2F8903023F4400374
:1017D0000B43C2F890306A0608D5594A616CD2F8BA
:1017E000903023F003030B43C2F890302B0608D54A
:1017F000534AA16CD2F8903023F00C030B43C2F88B
:101800009030E80508D54E4AE16CD2F8903023F0CC
:1018100030030B43C2F89030A90508D5484A216D22
:10182000D2F8903023F0C0030B43C2F890306A0521
:1018300008D5434A616DD2F8903023F440730B43CE
:10184000C2F890302B0508D53D4AA16DD2F89030F2
:1018500023F440630B43C2F89030E80408D5384ABB
:10186000E16DD2F8903023F440530B43C2F890302E
:10187000A90408D5324A216ED2F8903023F44043AF
:101880000B43C2F890306A0208D52D4AA16FD2F8F6
:10189000903023F080630B43C2F89030AB020DD53B
:1018A0002749E26FD1F89030B2F1006F08BF46F0DF
:1018B000010623F000631343C1F89030680308D594
:1018C0001F4A616FD2F8903023F040730B43C2F887
:1018D0009030290209D51A4AD4F88010D2F89030F5
:1018E00023F080530B43C2F890306A0109D5144AA3
:1018F000D4F88410D2F8903023F000530B43C2F890
:1019000090302B0109D50E4AD4F88810D2F88C30CB
:1019100023F000730B43C2F88C30E80009D5084A65
:10192000D4F88C10D2F88C3023F080630B43C2F8CB
:101930008C30002F40F0B780A90100F1B48003E0A3
:101940000038024000700040C5F3C0053543012D4A
:1019500070D19F4D2B6823F080532B6000F024FF43
:1019600006462B689F0000F1248121680E0301D5F3
:10197000E36B1BB1CD021DD5236CDBB9944AD2F8C1
:101980008830D2F8880003F4403300F0E04003438D
:10199000606943EA8013A06943EA0063C2F88830B3
:1019A000D2F88C30A06A23F4F853013843EA0023BC
:1019B000C2F88C30880215D5E36FB3F1006F11D1F6
:1019C000834AD2F88830D2F8880003F0706300F0C0
:1019D000E0400343606943EA8013206A43EA00431E
:1019E000C2F888300A0719D57949D1F88820D1F88A
:1019F000883002F0706203F440331343626943EAB3
:101A00008213E26943EA0273C1F88830D1F88C305E
:101A1000E26A23F440331343C1F88C306C4C2368E2
:101A200043F08053236000F0BFFE054623689B000F
:101A300040F1C680002009E0012358E600F0B4FE22
:101A4000A0EB080064287FF66AAE032003B0BDE86F
:101A5000F083226B02F4407293423FF46AAE2B6F24
:101A60002A6F23F4407342F480322A672A6F22F4EB
:101A700080322A672B672B6FDB077FF55AAE00F0A9
:101A800093FE41F2883980462B6F98073FF551AE9F
:101A900000F08AFEA0EB08004845F5D9D5E791682B
:101AA00021F4F81155E64A4F3B6823F080633B6010
:101AB00000F07AFE80463B681A0173D42268D3078F
:101AC00012D5636B83B9D7F88430D7F8841003F448
:101AD000403301F070610B43616843EA8113A168F0
:101AE00043EA0173C7F88430170303D5E36BB3F5FA
:101AF000801F05D0D0021ED5236CB3F5800F1AD1FC
:101B00003349D1F88430D1F8840003F4403300F035
:101B1000E0400343606843EA8013E06843EA0063FF
:101B2000C1F88430D1F88C00636A20F01F00013BBB
:101B30000343C1F88C30D10111D52549D1F8843047
:101B4000D1F8840003F0706300F0E0400343606864
:101B500043EA8013206943EA0043C1F884309201CC
:101B60000DD5236962681B0443EA8213E26843EAE5
:101B70000263A26843EA0273154AC2F88430144F24
:101B80003B6843F080633B6000F00EFE80463B689C
:101B90001B013FF5D9AE00F007FEA0EB080064285A
:101BA000F5D952E700F000FEA0EB0800642882D9C6
:101BB0004BE700F0F9FD801B64287FF6D2AE44E7C6
:101BC00000F0F2FD401B64287FF630AF3DE700BF18
:101BD000003802405C4B03605C4BD3F88420C2F3B6
:101BE00088124260D3F88420C2F301420261D3F824
:101BF0008420C2F30362C260D3F88420C2F302726D
:101C00008260D3F88820C2F388124261D3F888201A
:101C1000C2F301420262D3F88820C2F303628261F8
:101C2000D3F88820C2F30272C261D3F88C2002F08C
:101C30001F024262D3F88C20C2F304228262D3F8DE
:101C40008C20C2F30142C262D3F88C2002F440120D
:101C5000C263D3F88C2002F4400202649A6802F452
:101C600000024263D3F8902002F440324266D3F877
:101C7000902002F440228266D3F8902002F44012B1
:101C8000C266D3F8902002F440020267D3F8902095
:101C900002F003024264D3F8902002F00C02826446
:101CA000D3F8902002F03002C264D3F8902002F002
:101CB000C0020265D3F8902002F440724265D3F866
:101CC000902002F440628265D3F8902002F44052E2
:101CD000C265D3F8902002F440420266D3F8902007
:101CE00002F040724267D3F8902002F0806282676F
:101CF000D3F8902002F00062C267D3F8902002F07F
:101D00008052C0F88020D3F8902002F00052C0F832
:101D10008420D3F88C2002F00072C0F88820D3F819
:101D20008C2002F08062C0F88C2099681A6F01F450
:101D3000F81102F440720A430263D3F88C3003F0C6
:101D400080738363704700BFF1FFFF1C00380240BF
:101D5000B0F5002F43D1334BD3F88C2002F440125E
:101D6000B2F5001F5BD01ED8002A47D15A6812F482
:101D7000800F5A6808BF2C4B02F03F0218BF2B4B54
:101D8000B3FBF2F3274AD2F88810D2F88800C0F3E8
:101D900088105843C1F30363B0FBF3F0D2F88C30E2
:101DA000C3F3042317E0B2F5401F30D00020704782
:101DB0001E4BB3FBF2F31B4AD2F88410D2F8840016
:101DC000C0F388105843C1F30363B0FBF3F0D2F8BB
:101DD0008C3003F01F030133B0FBF3F07047B0F514
:101DE000801FE3D10F4BD3F88C2002F44002B2F5F0
:101DF000000F14D0B8D9B2F5400FD6E75A6812F4E4
:101E0000800F5A6802F03F02D2D1074BD1E75B68DE
:101E1000054813F4800F054B18BF18467047044857
:101E2000704700BF003802400024F40040787D0174
:101E30000080BB002DE9F74F0023DFF8BC916C4A0E
:101E400001240D689C4004EA0506AC4340F0B780CD
:101E50004D6803274FEA430E05F0030407FA0EFC12
:101E6000671E6FEA0C0C012F34D8876807EA0C084C
:101E7000CF6807FA0EF747EA08078760476827EA3E
:101E80000608C5F300179F4047EA08074760C76880
:101E9000022C07EA0C088F6807FA0EF747EA0807D2
:101EA000C76019D14FEAD30803F0070A4FF00F0BB0
:101EB00000EB88084FEA8A0AD8F820700BFA0AFB70
:101EC00027EA0B0B0F6907FA0AF747EA0B07C8F86E
:101ED000207001E0032CDAD1076804FA0EF415F43F
:101EE000403F07EA0C0744EA0704046067D0D9F8CA
:101EF000444023F0030703F0030C4FF00F0E44F4AB
:101F0000804407F180474FEA8C0CC9F8444007F53C
:101F10009C37D9F844400EFA0CFE04F48044019436
:101F2000019CBC6824EA0E0E324CA0424ED004F54F
:101F30008064A0424CD004F58064A0424AD004F5ED
:101F40008064A04248D004F58064A04246D004F5E5
:101F50008064A04244D004F58064A04242D004F5DD
:101F60008064A04240D004F58064A0423ED004F5D5
:101F70008064A04214BF0A24092404FA0CF415F466
:101F8000801F44EA0E04BC606FEA060794680CBF29
:101F90003C40344315F4001F9460D4680CBF3C40AF
:101FA000344315F4003FD46054680CBF3C403443C4
:101FB000ED035460146854BF3C4034431460013353
:101FC000102B7FF43DAF03B0BDE8F08F0024D4E7C1
:101FD0000124D2E70224D0E70324CEE70424CCE78F
:101FE0000524CAE70624C8E70724C6E70824C4E78F
:101FF000003C014000000240003802402DE9F04F53
:1020000000224FF0010A4FF00F084FF0030B464C2F
:102010000AFA02FC3CEA01030CEA01066CD122F048
:10202000030502F0030705F18045BF0005F59C3567
:1020300008FA07F9AB6809EA030E3C4B984260D0F6
:1020400003F5806398425ED003F5806398425CD0CC
:1020500003F5806398425AD003F58063984258D0C4
:1020600003F58063984256D003F58063984254D0BC
:1020700003F58063984252D003F58063984250D0B4
:1020800003F58063984214BF0A230923BB407345BC
:1020900013D1236823EA06032360636823EA060357
:1020A0006360E36823EA0603E360A36823EA0603A8
:1020B000A360AB6823EA0903AB6053000568D60848
:1020C0000BFA03F300EB860625EA0305056002F030
:1020D0000705376AAD0008FA05F527EA05073762F4
:1020E000C56825EA0305C560456825EA0C05456015
:1020F000856825EA030383600132102A88D1BDE890
:10210000F08F0023C2E70123C0E70223BEE70323C9
:10211000BCE70423BAE70523B8E70623B6E707239D
:10212000B4E70823B2E700BF003C014000000240D2
:1021300000690840003818BF012070470AB181616A
:1021400070470904FBE70000044A5169014208B5E1
:1021500002D0506112F05EFE08BD00BF003C01409D
:10216000036802461820D9B21039B1FBF0F010B55F
:10217000054C5F29205CD06523F47F7020F00300BC
:1021800088BF0430906510BDA49F020870B5044656
:1021900000F00AFB0546002C60D00223226884F878
:1021A0003530002384F83430136823F001031360C2
:1021B00022681368D8072ED413683248A1691840E2
:1021C000D4E901352B43E5682B4325692B43656929
:1021D0002B43E5690B432B43256A2B430343606A7A
:1021E000042802BFD4E90B5635432B43042813605F
:1021F000536923F0070343EA000335D1A06AE56A77
:1022000003438DB391B9012820D030F002012BD1C6
:10221000E90129D51DE000F0C7FA401B0528C7D900
:1022200020230320636584F8350070BDB1F5005F9D
:1022300016D1032818D801A151F820F05322000824
:1022400011220008532200084D220008B5F1C07F7A
:102250000AD140236365002384F835300120E4E788
:102260000228F6D90328D3D053612046FFF778FF20
:10227000E26D3F239340836000200123606584F872
:102280003530D2E73F8010E038B5054620B390F8EE
:102290003530022BDCB21DD0036800241A6822F00E
:1022A00001021A6021221C605C609C60DC601C6181
:1022B0005A61FFF755FFEA6D3F23934083606C65D9
:1022C00085F8344085F83540C5E90F44C5E9114427
:1022D000C5E91344204638BD0124FBE770B590F8EA
:1022E0003440866D012C34D0012480F8344090F8BD
:1022F0003540012C4FF0000429D1022580F83550DB
:1023000044650468256825F480252560636083683A
:10231000402B19D1A260E160C26D3F239340B360AE
:10232000236843F016032360636943F0800363610D
:10233000036C1BB1236843F008032360236800206B
:1023400043F00103236070BDA160E260E4E780F820
:1023500034400220F7E770B50446866D00F024FA99
:10236000054694F83530022B06D0802301206365A2
:10237000002384F8343070BD23681A6822F01602F6
:102380001A605A6922F080025A61226C0AB9A26C62
:102390001AB11A6822F008021A601A6822F00102C3
:1023A0001A602368186810F0010007D1E26D3F231E
:1023B0009340B360012384F83530D9E700F0F4F995
:1023C000401B0528EDD920230320636584F83500E0
:1023D000CEE790F83530022B03D0802343650120EF
:1023E00070470268052380F835300020136823F019
:1023F00001031360704700000023F7B50193082222
:102400005B4B0446856D1F68C36D2E689A4032424F
:102410000CD001680868400708D5086820F004005F
:102420000860AA60626D42F00102626501229A4072
:10243000324208D021684969090604D5AA60626D54
:1024400042F00202626504229A40324208D02168BA
:102450000968880704D5AA60626D42F004026265CB
:1024600010229A40324210D02368196809070CD50F
:10247000AA601A68500337D51B68190301D4236C6E
:1024800000E0A36C0BB120469847E16D20228A4002
:1024900032423AD023681868C60636D5AA6094F846
:1024A0003520052A1A6827D122F016021A605A69C7
:1024B00022F080025A61226C0AB9A26C1AB11A6821
:1024C00022F008021A603F238B40AB60012384F89E
:1024D0003530002384F83430236D002B45D020465E
:1024E00003B0BDE8F04018471A68D205C7D41A688F
:1024F00022F008021A60C2E7500327D51B681903AF
:1025000031D4636C0BB120469847636D6BB3636D38
:10251000DA0719D54FF416532268B7FBF3F70523F2
:1025200084F83530136823F001031360019B0133F5
:10253000BB42019302D81368DB07F7D4012384F868
:102540003530002384F83430E36CC6E71A6812F49F
:10255000807208D1196821F010011960012384F8F4
:10256000342084F83530E36BCCE703B0F0BD00BF16
:102570000400002090F835007047406D704700005F
:10258000024A136843F48073136070470070004080
:10259000194B37B51A6C194C42F080521A641B6CF7
:1025A00003F080530193019B236843F4803323603D
:1025B00000F0FAF805466368DA030CD523680F4D7E
:1025C00043F40033236000F0EFF804466B689B038C
:1025D0000AD5002006E000F0E7F8401BB0F57A7F4E
:1025E000E9D9032003B030BD00F0DEF8001BB0F5E0
:1025F0007A7FEBD9F5E700BF003802400070004059
:1026000007490302CA6803F4E06322F4E06212049B
:10261000120C134343F0BF6343F40033CB607047A5
:1026200000ED00E0164B30B5DC68C4F30224C4F1C1
:102630000703251D042B28BF0423062D4FF0FF356B
:102640008CBF033C002405FA03F3002805FA04F5C7
:1026500021EA030322EA050203FA04F343EA020330
:102660004FEA0313DBB206DB00F1604000F5614086
:1026700080F8003330BD00F00F00024A1354F9E730
:1026800000ED00E014ED00E0002807DB4109012324
:1026900000F01F00024A834042F82130704700BF1B
:1026A00000E100E000280CDB4309012200F01F00DC
:1026B00004492033824041F82320BFF34F8FBFF3FA
:1026C0006F8F704700E100E0BFF35F8F044B5A6AE1
:1026D00022F480325A620022C3F89420704700BF6F
:1026E00000ED00E0064B40F00100C3F894005A6A88
:1026F00042F480325A62BFF34F8FBFF36F8F70473F
:1027000000ED00E04378144AC2F89830D2F8A030C7
:1027100023F00103C2F8A0304368C2F89C30C37AAA
:10272000017B1B0643EA017301780B43817A43EA7C
:10273000C143417B43EA8143817B43EA4143C17BFF
:1027400043EA0143417A43EA0123017A43EA410320
:10275000C2F8A030704700BF00ED00E0002808DBA1
:102760004309012200F01F0002496033824041F812
:102770002320704700E100E008B50320FFF740FF89
:10278000002014F019F813F0F9FF002008BD000034
:10279000034A044B11681B780B441360704700BF59
:1027A0001C06002008000020014B1868704700BF7D
:1027B0001C06002038B50446FFF7F6FF0546631CEB
:1027C0001EBF044B1B78E418FFF7EEFF431BA34228
:1027D000FAD338BD0800002003689A69910701D533
:1027E00000229A629A69D20703D49A6942F00102E0
:1027F0009A61704730B5039DC1F3090104682B430A
:10280000606843EA0243054A0B4342EA555223F00B
:10281000004320EA02000343636030BDFF63FF030F
:10282000204B426B9A4201F0010370B50DB201F0EA
:10283000020420D01C4EB2421DD01C4EB2421AD00F
:10284000002DC3F10003B4BFB822002203F0F2034D
:10285000134314B143F0F40308E0102902D143F00C
:10286000900303E0202901D143F0200301680A68A6
:1028700013430B6070BD002DC3F10003B4BFB82239
:10288000002203F0F2031343002CE3D11029E6D019
:10289000202902D143F06003E8E7402908BF43F054
:1028A0004003E3E781360008013B00083D3500089E
:1028B00011F0010307D090F8413003F02803282BD2
:1028C00014BFF22342238A0709D590F8412002F071
:1028D0002802282A0CBF43F0440343F0F4030A04FF
:1028E000016848BF43F0B8030A6822EA03030B609B
:1028F00070472DE9F8430568064688461746AC69D7
:1029000014F0100470D000241023A146EB61356848
:10291000AB69980662D4B9F1000F34D044F00404D6
:102920000120AB69D90505D54FF4807244F001044C
:102930000120EA615A0505D54FF4806244F008048D
:102940000120EA619B0551D54FF4007344F0020465
:10295000EB613046FFF740FF6B68012023F0FF7307
:1029600023F48B3323F4FF7323F001036B60736C48
:1029700023437364202386F84130002386F84230D5
:1029800086F8403034E0B8F1FF3FC1D0FFF70CFFCC
:10299000C01B404502D8B8F1000FB8D13368596860
:1029A00096F842209869D2B200040AD5490408D4A6
:1029B000202A06D05A6842F480425A60FFF7F4FE9B
:1029C000074633689B699D06A1D4FFF7EDFEC01B47
:1029D0001928F6D920244FF0010998E7B9F1000F22
:1029E0009CD12023EB6199E720469AE70028B0D1DB
:1029F000BDE8F88370B504460D46164623689B690A
:102A00009B0701D500201FE0324629462046FFF7EC
:102A100070FFC0B96A1CF1D0FFF7C6FE801BA84248
:102A200001D8002DEAD123689B6913F00203E5D198
:102A3000626C84F8403042F020026264202284F804
:102A4000412084F84230012070BD2DE9F041DDF8CD
:102A5000188004460F4616461D4623689B6937EAD0
:102A600003030CBF01230023B34201D0002025E063
:102A7000424629462046FFF73CFFF0B96B1CECD0DC
:102A8000FFF792FEA0EB0800A84201D8002DE4D188
:102A900023689B6937EA03030CBF01230023B34279
:102AA000DBD1636C43F020036364202384F841305E
:102AB000002384F8423084F840300120BDE8F081E2
:102AC00070B504460D46164623689B699B0601D5E2
:102AD00000201DE0324629462046FFF70AFFB0B924
:102AE000FFF762FE801BA84201D8002DECD12368BD
:102AF0009B6913F02003E7D1626C84F8403042F008
:102B000020026264202284F8412084F842300120AF
:102B100070BD10B5044600284ED090F8413003F047
:102B2000FF021BB980F8402012F0AAFE242384F88B
:102B3000413023681A6822F001021A60626822F0AC
:102B400070621A619A6822F400429A60D4E9022104
:102B5000012906D142F400429A605A6822F40062C8
:102B600007E042F4044202299A60F6D15A6842F41E
:102B700000625A6000205A6842F0007242F400423B
:102B80005A60DA6822F40042DA60D4E904210A4388
:102B9000A16942EA0122DA60D4E907210A431A60F6
:102BA0001A6842F001021A602023606484F8413000
:102BB000206384F8420010BD0120FCE72DE9F74FA7
:102BC000994690F8413004460F46202B1646BDF832
:102BD00034A0DDF8388040F0C6800C9B13B1BAF108
:102BE000000F06D14FF400736364012003B0BDE809
:102BF000F08F90F84030012B00F0B5804FF0010BC2
:102C000080F840B0FFF7D0FD1923054600905A46E2
:102C10004FF400412046FFF718FF0028E5D121239B
:102C200060635FFA89F2394684F84130402384F8C2
:102C300042300C9B6064204663624C4BA4F82AA08F
:102C400000934FF08073FFF7D5FD2A46414620469A
:102C5000FFF7D0FE18BBB9F1010F236815D1F6B20A
:102C60000022802120469E6243460095FFF7EDFE3C
:102C7000A8B9638D9BB2FF2B15D8628D4FF00073FE
:102C800092B22285D2B2009012E0320A414620462A
:102C90009A622A46FFF7AEFE08B92368DFE70023F1
:102CA00084F84030A1E7FF224FF080732285009026
:102CB00039462046FFF79EFD2A4641462046FFF74B
:102CC00099FE002891D1636A226813F8011B916272
:102CD0006362638D228D013B013A9BB292B26385A0
:102CE000638D22859BB2B3B1AAB9434680212046A9
:102CF0000095FFF7AAFE00287FF477AF638D9BB2A3
:102D0000FF2B28D9FF224FF080732285009039468F
:102D10002046FFF76FFD638D9BB2002BCCD12A4676
:102D200041462046FFF7CCFE00287FF45EAF2368C3
:102D30002021D9615A6822F0FF7222F48B3222F4EA
:102D4000FF7222F001025A6084F8411084F84000BA
:102D500084F842004AE7628D4FF0007392B22285F8
:102D6000D2B20090D3E7022040E700BF00200080ED
:102D70002DE9F74F994690F8413004460F46202B35
:102D80001646BDF834A0DDF8388040F0C9800C9BB1
:102D900013B1BAF1000F06D14FF400736364012040
:102DA00003B0BDE8F08F90F84030012B00F0B88000
:102DB0004FF0010B80F840B0FFF7F6FC19230090AC
:102DC00005465A464FF400412046FFF73EFE0346B3
:102DD0000028E4D122226063394684F84120402251
:102DE00084F842200C9A6064204662624D4AA4F83E
:102DF0002AA000925FFA89F2FFF7FCFC2A464146BE
:102E00002046FFF7F7FD20BBB9F1010F236816D16B
:102E1000F6B20022402120469E6243460095FFF70D
:102E200014FEB0B9638D9BB2FF2B3F4B15D8628D5A
:102E300092B22285D2B200934FF0007312E0320AB0
:102E4000414620469A622A46FFF7D4FD08B9236816
:102E5000DEE7002384F84030A1E7012222850093B9
:102E60004FF0807339462046FFF7C4FC43460022EA
:102E7000042120460095FFF7E8FD00288FD1236844
:102E80005A6A636A1A70636A228D0133013A636277
:102E9000638D92B2013B22859BB26385638D9BB2A9
:102EA000B3B1AAB94346802120460095FFF7CDFD76
:102EB00000287FF474AF638D9BB2FF2B28D90122C9
:102EC0004FF080732285009039462046FFF792FC30
:102ED000638D9BB2002BC9D12A4641462046FFF79D
:102EE000EFFD00287FF45BAF23682021D9615A6889
:102EF00022F0FF7222F48B3222F4FF7222F00102E0
:102F00005A6084F8411084F8400084F8420047E792
:102F1000628D4FF0007392B22285D2B20090D3E757
:102F200002203DE70020008000240080F7B5044621
:102F30001D46089F94F84130BDF82400202B3FD156
:102F400007B128B94FF400730120636403B0F0BDEA
:102F50002668B36913F4004332D194F840C0BCF141
:102F6000010F2DD04FF0010C012D676284F840C095
:102F70004FF0220C84F841C04FF0400C84F842C05E
:102F80006364104B6085E3620F4BE1646363D3B20B
:102F900013D1B3624FF0FF332365EAB20B4B002528
:102FA000204600930023FFF725FC2046012184F8EA
:102FB0004050FFF735FC2846C8E7120AB262EBE73B
:102FC0000220C3E70000FFFF9137000800200080C7
:102FD0002DE9FF471D46002304461746039390F84A
:102FE0004130202B79D103689B6913F4004374D1DD
:102FF00090F84020012A70D0C1F30906012246F062
:10300000007880F84020242248F4205880F841209D
:103010004364E3682268012B0ABF46F0007343460D
:1030200043F400535360FFF7BFFB81462268936966
:103030009269C3F34013C2F3001213431DD02368F7
:103040009A6912F0100A38D12B46524620212046A8
:10305000CDF80090FFF7F9FC28B3636C042B04D182
:1030600023682022DA61C4F844A0039B0133039350
:10307000039B039BBB42CCD309E06B1CD6D0FFF76C
:1030800093FBA0EB0900A84201D8002DCED120234C
:10309000012084F84130636C43F020036364002313
:1030A00084F8403006E020232268D36184F8413060
:1030B00084F8400004B0BDE8F087102220212046AB
:1030C000DA612B460022CDF80090FFF7BEFC002805
:1030D000CBD123682022DA61C7E70220EAE70000AB
:1030E00037B590F8423004460D46102BDAB201D0C5
:1030F000402A2FD194F84030012B2DD094F8413044
:103100000121212B84F840101AD12046FFF7D0FB73
:1031100011232363602329460025012284F84130CE
:1031200020460E4B00934FF00073FFF763FB2046E1
:10313000202184F84050FFF773FB284603B030BDD0
:1031400094F84130222BE5D102212046FFF7B0FB55
:103150001223DEE70120F1E70220EFE700400080C4
:103160000268436B9169126803B118477047704752
:10317000704738B5002580F8425090F84130212B37
:103180004FF0200380F841300AD11123012145631B
:103190000363FFF78DFB80F84050FFF7E8FF38BD71
:1031A0001223022145630363FFF782FB80F840503E
:1031B000FFF7DEFFF3E77047704708B503680021AB
:1031C0001A6880F84210510415D51A6822F480421A
:1031D0001A6090F84130292B13D12823012180F85F
:1031E000413021230363FFF763FB002380F8403065
:1031F000FFF7E1FF08BD1204EBD51A6822F4004284
:10320000E6E790F841302A2BF4D12823022180F8F8
:10321000413022230363FFF74BFB002380F840304B
:10322000FFF7CAFFE6E7704790F8412002F0280256
:10323000282AF8B5036835D19E69C2689D69C6F32E
:103240000046022A99684FEA1545DF6805F0FE0539
:103250001FD185EAD115C1F3090215F006050ED17B
:10326000816C01318164816C022907D10821856458
:10327000D96180F840503146FFF7D5FFF8BD4FF4D3
:103280000041FFF715FB002307F0FE0280F84030F5
:10329000F1E74FF40041FFF70BFB00232A4680F8CB
:1032A0004030E8E70822DA61002380F84030E5E7A3
:1032B0007047000008B5164B2022C3620023036349
:1032C000436380F8412080F842304B0712D50368F1
:1032D0005A6A436A1A70436A01334362038D4BB1E1
:1032E000013B0385438D013B9BB24385436C43F017
:1032F0000403436448F20301FFF7DAFA036810227B
:10330000DA61002380F84030FFF7D2FF08BD00BF2C
:103310000000FFFF704790F84120602A4FF0000244
:1033200008B508D1202180F8402080F841100263C0
:1033300011F056FD08BD026380F8402011F030FD09
:10334000F8E7000070B5002290F841303C4D04468B
:1033500080F84220283BC5624285022B426C42EA3B
:10336000010242642AD80321FFF7A2FA282380F839
:103370004130344BA06B6363236B002841D0112B89
:1033800001D0212B3DD123681A68510403D51A6856
:1033900022F480421A60FFF7EDF801282CD02A4B66
:1033A000A06B0365002384F84030FFF712F8002873
:1033B00045D0A06B036DBDE87040184748F203018B
:1033C000FFF776FAFFF708FA90F84130602B11D03A
:1033D000202380F8413003689A6995060AD59A69D6
:1033E000D00605D51022DA61626C42F004026264F4
:1033F0002022DA610023BDE72046BDE87040FFF7D8
:103400008ABFE06B0028F7D0122B01D0222BF3D11A
:1034100023681A68120403D51A6822F400421A605D
:10342000FFF7A8F80128E7D0074BE06B03650023FE
:1034300084F84030FEF7CDFF08B1E06BBAE770BD0D
:103440000000FFFFFB3B00080D3D000873B5202383
:10345000056804460E46EB6190F84130212B36D1C9
:103460000121FFF725FA112323636B68F20623F08D
:10347000FF7323F48B3323F4FF7323F001036B609A
:103480004FF000036363A3F58033E36205D5102397
:10349000EB61636C43F00403636494F84130602B88
:1034A00005D1730703D56B6ADBB20193019B2046FC
:1034B000FFF792F9636C94F84120602A00D07BB149
:1034C000616C204602B0BDE87040FFF73BBF90F84A
:1034D0004130222BC9D10221FFF7EAF91223C3E7B9
:1034E00094F84120212A12D1202284F8403084F817
:1034F0004120236394F8422084F84230402A03D1CB
:10350000FFF708FF02B070BDFFF731FEFAE794F84D
:103510004120222AF6D1202284F8403084F841202C
:10352000236394F8422084F84230402A02D111F0FB
:1035300019FCE7E7FFF71CFEE4E7000037B590F859
:1035400040300446012B00F09480012380F8403085
:10355000CB0612D5D30610D5036810222021DA61DC
:10356000436C43F004034364FFF75AF9FFF734F95F
:10357000002084F8400003B030BD880708D59307C9
:1035800006D52368226D9A624FF0FF332365EFE77B
:1035900008063ED553063CD501212046FFF788F9A1
:1035A0001021FFF73DF9638D9BB2002B2DD0638D69
:1035B0009BB2FF2B1FD923689B69E16C13F4803FFA
:1035C0004FF000030CBFFF250125258500932A46F7
:1035D0004FF0807389B2FFF70DF9638D5B1B9BB2CF
:1035E000638594F841202368222A1A6836D142F470
:1035F00000421A60BCE7658D0023E16CADB2258501
:103600000093EAB24FF00073E4E74021FFF79AFE1F
:10361000AEE7480625D5530623D501212046FFF7FE
:1036200047F91021FFF7FCF894F84110124A134BA8
:10363000222918BF1346628D92B2FF2A09D9226847
:103640009269E16C12F4803F0CBFFF2501252585AE
:10365000BCE7658DE16CADB22585D1E742F48042CF
:10366000C7E7880684D5930682D52046FFF7EEFE8D
:103670007EE702207FE700BF00200080002400805A
:1036800073B590F840300446012B7FD00123CD065E
:1036900080F8403012D5D30610D5036810222021BF
:1036A000DA61436C43F004034364FFF7B9F8FFF7B2
:1036B00093F8002084F8400002B070BD0E0648D593
:1036C000550646D525682B6823F040032B60638D93
:1036D0009BB2002B31D06968638DC1F309019BB2A5
:1036E000FF2B1FD9AB69D8031AD5012323854FF0CF
:1036F00080730022268D2046009294F82820FFF740
:1037000079F8638D9B1B9BB2638594F84130222B23
:103710002B680CBF43F4004343F480432B60C8E79D
:10372000FF23E3E7638D2385E36A13F5803F01D030
:10373000E36ADEE74FF00073DBE76B689A0103D4BE
:103740002046FFF716FDB4E740212046FFF7FAFDBB
:10375000AFE74B0612D5560610D5638D9BB2002BF2
:10376000F2D123685A689501A3D4E26A12F5803F2A
:10377000E6D15A6842F480425A609AE7880698D5A2
:10378000930696D52046FFF761FE92E7022093E765
:1037900073B590F8403004460D461646012B00F0F4
:1037A0009E80012380F84030CB0617D5D10615D571
:1037B00003681022DA61436C43F004034364FFF7AB
:1037C0000BF8AA0605D5B30603D529462046FFF710
:1037D0003DFE002084F8400002B070BD6A0712D59B
:1037E000730710D5236825F004055A6A636A1A70B6
:1037F000636A01336362238D013B2385638D013B43
:103800009BB26385DDE7A80710D5B1070ED5236D00
:103810002268013304D1636A13F8011B9162E9E75E
:10382000236D93624FF0FF332365CAE72A0629D53B
:10383000730627D5638D9BB2FBB1238DEBB9628DE7
:1038400092B2FF2A10D922689269E16C12F4803F8B
:103850000CBFFF220122228500934FF0807389B2B2
:103860002046FEF7C7FFACE7628DE16C92B222857D
:10387000D2B200934FF00073F1E740212046FFF7EA
:1038800061FD9EE768069CD571069AD50121204608
:10389000FFF70EF80221FEF7C3FF94F84110114A1A
:1038A000114B222918BF1346628D92B2FF2A0DD9FF
:1038B00022689269E16C12F4803F0CBFFF22012262
:1038C000228500934FF0807389B2CAE7628DE16C64
:1038D00092B22285D2B200934FF00073F4E7022037
:1038E0007AE700BF00200080002400800368996907
:1038F0001A6810B4CC0508D5140606D5446C44F0FB
:10390000010444644FF48074DC614C0508D514064E
:1039100006D5446C44F0080444644FF48064DC61D0
:10392000890508D5120606D5426C42F002024264AF
:103930004FF40072DA61416C11F00B0F03D05DF8A7
:10394000044BFFF7FFBC5DF8044B70472DE9F041D5
:103950000568202204460E46D5F80080C76A90F814
:103960004130EA61213B092B0CD8DFE803F0056BFD
:103970000B0B0B0B0B71056B48F20101FEF798FF67
:10398000212323636B68204643F400436B606B681C
:1039900023F0FF7323F48B3323F4FF7323F001032D
:1039A0006B60FEF719FF18F4804F57D02B6823F493
:1039B00080432B60A36B1BB11B685B689BB2638564
:1039C00072070FD5636A26F004066A6A1A70636A82
:1039D00001336362238D2BB1013B2385638D013B52
:1039E0009BB26385638D9BB21BB1636C43F0040390
:1039F0006364F30611D518F0100F0ED0638D9BB2DF
:103A0000002B45D194F84130282B30D1B7F1007FFD
:103A10002DD131462046FFF74DFC002384F842307B
:103A2000656C6363002D42D0616C2046FFF78AFC11
:103A300094F84130282B4CD131462046BDE8F04166
:103A4000FFF738BC48F20201FEF732FF222398E765
:103A500048F20301FEF72CFF002392E718F4004F11
:103A6000AED02B6823F400432B60E36BA3E794F8FC
:103A700041202368292A4FF01002DA61CDD117F5D1
:103A8000803FCAD02046FEF7A7FEFFF796FBC4E7AB
:103A900023681022DA61636C43F00403636437F037
:103AA0008073BAD1616C2046FFF74CFCB5E7E36A3E
:103AB00013F5803F0FD02046FFF77FFB0F4B2046CA
:103AC00084F84050E362202384F841302563FFF7F7
:103AD000EFFBBDE8F08194F84130204684F8405077
:103AE000222B4FF0200384F84130256302D1FFF7E9
:103AF00063FBEEE7FFF75FFBEBE700BF0000FFFFB4
:103B000070B590F8406004460B46C56A012E72D02D
:103B1000012680F840608E0607D5960605D5FFF78A
:103B200015FF002084F8400070BDDE065BD5D0068E
:103B300059D5C2F3803002F4004252EA00014ED05F
:103B4000E16BC9B122B10A685268B2FA82F2520935
:103B5000A16B19B110B10968496809B1012A1ED1D8
:103B600094F84120282A09D1B5F1007F06D11946E1
:103B70002046FFF79FFBD4E70A46E9E794F8412087
:103B80002368292A4FF01002DA61CAD115F5803F67
:103B9000C7D02046FEF720FEFFF70FFBC1E72368E2
:103BA0001022DA6135F08072636C43F004036364C1
:103BB00094F84130DBB2B4D1213B092B08D8DFE8BF
:103BC00003F0050C070707070707050C21232363EC
:103BD000616C2046FFF7B6FBA3E72223F7E72368D3
:103BE0001022DA619DE719079BD5130799D5204666
:103BF000FFF71AFB95E7022096E770B590F8406052
:103C000004460B46C56A012E7ED0012680F840602E
:103C10008E0607D5960605D5FFF798FE002084F896
:103C2000400070BDD90630D5D6062ED5628D92B231
:103C3000E2B994F84120282A07D1B5F1007F04D1D8
:103C400019462046FFF736FBE8E794F84120236841
:103C5000292A4FF01002DA61E0D115F5803FDDD05E
:103C60002046FEF7B9FDFFF7A8FAD7E72368102230
:103C7000DA61636C43F00403636435F08073CDD183
:103C8000616C2046FFF75EFBC8E758071BD551075C
:103C900019D5638D9BB26BB123685A6A636A1A7037
:103CA000636A01336362238D013B2385638D013B8E
:103CB0009BB26385638D9BB2002BAFD115F5803F1E
:103CC000ACD02046CFE71E0705D5100703D5204608
:103CD000FFF7AAFAA2E79907A0D593079ED5638DAF
:103CE0009BB26BB1636A226813F8011B9162636235
:103CF000638D013B9BB26385238D013B23858DE75B
:103D000035F080738AD1DCE702208AE7806B836B11
:103D10000BB100221A65C36B0BB100221A65FFF7C5
:103D2000FABA10B590F841200346202AD4B21CD12B
:103D300090F84020012A18D0242280F841200268FF
:103D4000106820F001001060106820F480501060AE
:103D50001068014300201160116841F001011160F9
:103D600083F8414083F8400010BD0220FCE710B505
:103D700090F841200346202AD4B21BD190F840206D
:103D8000012A17D0242280F841200268106820F010
:103D900001001060106820F4706040EA01210020EA
:103DA0001160116841F00101116083F8414083F80E
:103DB000400010BD0220FCE710B5044608B9012000
:103DC00010BD437F03F0FF0213B9027711F070F9C1
:103DD000022363772379E3B92368134A5A619A6807
:103DE00022F018029A6062792368D2B94FF0FF324C
:103DF0001A6100209A68616922F060020A43A16991
:103E00009A609A6822F080020A439A6001236377DD
:103E1000D6E7D4E90212204600F008F80028E2D0E4
:103E2000CDE72269E4E700BFB71DC104CB0710B599
:103E30000BD51E2321FA03F4E40708D5102A18D065
:103E4000102A09D862B1082A15D0012010E0013BE0
:103E5000F0D2102AF4D1F8E7182AF6D1062BF4D8BC
:103E600000684161836823F01803134383600020D6
:103E700010BD072BF3E70F2BF1E710B5044670B325
:103E800090F8513003F0FF021BB980F8502011F078
:103E9000B1F90223616884F8513023681A6822F46A
:103EA00040320A43A1681A605A6B22F007020A43A3
:103EB000E1685A631A6C6FF30D020A431A64596B76
:103EC000D4E9040221F44011520542EA00520020D4
:103ED0000A435A630123606584F8513010BD012004
:103EE000FCE770477047036870B55E6804461D685C
:103EF000F20714D5E90512D51A6822F480721A6007
:103F0000426D42F00102426501229A60042380F86A
:103F10005130002380F85030C36903B19847B2068E
:103F200016D5AB0414D523681A6822F400521A601F
:103F300020229A60636D43F002036365042384F8D2
:103F40005130002384F85030E3690BB12046984784
:103F5000300716D5290514D523681A6822F40062A3
:103F60001A6008229A60636D43F0040363650423BA
:103F700084F85130002384F85030E3690BB12046B7
:103F8000984772070BD56B0509D5236820461A6838
:103F900022F480621A6004229A60FFF7A2FFB00741
:103FA00014D5A90512D523681A6822F400721A6084
:103FB00002229A60636D6365012384F85130002307
:103FC00084F85030A3690BB120469847F20613D508
:103FD000EB0411D5236820461A6822F480521A6037
:103FE00010229A60636D6365012384F851300023C9
:103FF00084F85030FFF776FF70BD426B036890F88D
:104000004C103AB91A6842F400321A6001291CD1E6
:1040100002231BE01A68032922F001021A601A68C1
:1040200042F400221A601A6842F001021A60EDD1CF
:10403000826B1AB91A6842F002021A6090F8403096
:10404000012B0CBF436C01238364042380F84C30A4
:10405000704703681A6822F001021A60426B012A55
:1040600003D11A6822F400221A601A6842F0010291
:104070001A6090F84C20042A10D1826B1AB91A6881
:1040800042F002021A6090F84030012B0CBF436CE2
:1040900001238364032380F84C307047022AF9D14E
:1040A0000123F8E7114B984214D02033984213D0E3
:1040B0002033984212D02033984211D020339842B6
:1040C00010D0203398420FD02033984214BF0720DD
:1040D000062070470020704701207047022070477B
:1040E000032070470420704705207047007401408A
:1040F0007047000038B50446002867D0344D00688A
:10410000FFF7D0FF55F82030002B5FD12046FFF796
:10411000EFFF304B1A6801321A601B68012B19D16E
:104120002D4B1A6822F080421A601A68A1680A436F
:104130001A601A6822F47F021A602279012A05D1D6
:10414000E1681A68013942EA01421A601A6842F0CD
:1041500000421A602068036823F471430360026818
:10416000D4E904310B43A1690B4313430360036893
:1041700023F00F0303600268D4E907310B43616A3F
:104180001343A26A0360013A836823F45F038360E8
:1041900083680B4343EA0243226B8360436803F066
:1041A00007034360436843EAC203E26A43EA022327
:1041B0004360036843F080030360012384F83430D4
:1041C000FFF770FF45F82040002038BD0120FCE7D4
:1041D00020060020400600200074014070470000C7
:1041E00038B5044618B30268124D1046FFF75AFF5F
:1041F00055F82030DBB1136823F0800313600E4BB9
:104200001A68013A1A601B6823B90C4A136823F034
:10421000004313602046FFF7E1FF0022206884F886
:104220003420FFF73FFF45F82020104638BD01201D
:10423000FCE700BF2006002040060020007401407B
:104240007047000038B50446002869D00268354B35
:104250009A4205D14068012861D0E06801285ED00B
:1042600000230122204623632365C4E91122FFF7BE
:10427000E7FF23681A6822F400221A60227A012AD2
:104280001A680CBF42F0005222F000521A60627AA3
:10429000012A1A680CBF42F4001222F400121A60BC
:1042A0001A68E56822F4FE42022D22F008021A6024
:1042B00003D11A6861690A431A60207C1A680128D0
:1042C0000CBF42F0100222F010021A60627C012A38
:1042D0001A680CBF42F0200222F020021A605A69CC
:1042E00022F0634202F0FF225A61626A5969013A80
:1042F0000A43E1690A43216A013942EA01425A61EB
:10430000626884F840000020C4E90D25A269E263D8
:104310001A6842F001021A60012384F84C3038BD5B
:104320000120FCE700750140704710B5044650B10C
:104330000268136823F001031360FFF7F5FF002004
:1043400084F84C0010BD0120FCE710B590F84C300B
:10435000013BDBB2FD2B14D803680902012A1C685B
:1043600001F07F4124F0E06424F480241C601C6888
:1043700041EA040108BF41F4802119600263002072
:1043800010BD0120FCE7000038B5134604460A467C
:1043900059B353B301680868800226D5606B30B901
:1043A000206B20B9A06AC069E0B9012B1DD194F837
:1043B0004C0000F0FD00012817D1A06A1C310E4D01
:1043C000C5630E4DC564C569B5F5807F0C4D18BF3A
:1043D00000250564FDF782FF054648B1FF2384F8F8
:1043E0004C3002E0B0F5807FE1D10125284638BD90
:1043F0002046FFF702FEF9E733440008494400086D
:104400003D44000810B590F84C300446022B01D012
:10441000042B07D1A06AFDF79EFF014628B1FF23B8
:1044200084F84C300121084610BD2046FFF711FEEC
:10443000F9E7806B08B513F0B5FD08BD806B08B5D2
:1044400013F0E0FE08BD704708B5806B03230365D9
:10445000FFF7F9FF08BD2DE9F04107460D46144668
:104460001E46FEF7A1F980463B685A6FD2070AD56F
:1044700044EA0624069A002044EA024444EA8514E9
:10448000DC66BDE8F081FEF78FF9A0EB0800B0F51F
:104490007A7FE9D90320F4E7037C0246012B5BD045
:1044A00003680020C3F8C400C3F8C800C8079161BE
:1044B00007D5D3F8C4006FEA10406FEA0040C3F894
:1044C000C400880705D5D3F8C40040F4F810C3F839
:1044D000C400480705D5D3F8C80040F00100C3F870
:1044E000C800080705D5D3F8C80040F00200C3F89B
:1044F000C800C80605D5D3F8C80040F00C00C3F8C2
:10450000C800880605D5D3F8C80040F01000C3F8ED
:10451000C800480605D5D3F8C80040F02000C3F80D
:10452000C800080605D5D3F8C80040F04000C3F81D
:10453000C800C80505D5D3F8C80040F08000C3F80E
:10454000C800890505D5D3F8C81041F4F851C3F85F
:10455000C810002010747047022070477FB50D46C8
:104560000446002800F0E980437C0BB911F05AF8AA
:1045700003236374002300932368D3F8302442F0AC
:104580008072C3F83024D3F8303403F08073009382
:10459000009BFEF709F906462268D2F80C34D904CC
:1045A0006ED5D2F8303423F45E3323F4FE73C2F8B0
:1045B0003034D2F83014D5E90003DB0243EA80033B
:1045C000A86843EA004301200B43C2F830340023BB
:1045D0000193D2F8303443F00103C2F83034D2F8FA
:1045E000303403F001030193019BFEF7E3F8FEF77B
:1045F000DBF806462368D3F80C24D20549D50022FF
:10460000A16802925A6842F001025A605A6802F0A8
:1046100001020292029A9A6822F0FF029A609A6856
:104620000A43E1689A60D3F8A02042F00202C3F87E
:10463000A020D3F8A02042F00402C3F8A020D3F8B1
:10464000A42022F00302C3F8A420D3F8A4200A4334
:10465000C3F8A420FEF7A8F823680646D3F8A430D0
:104660009B0726D02368D3F8B02002F09402942A46
:1046700026D0FEF799F8801BB0F57A7FF2D915E0C5
:10468000FEF792F8801BB0F57A7F85D9032004B03D
:1046900070BDFEF789F8801BB0F57A7FAAD9F5E7DF
:1046A000FEF782F8801BB0F57A7F02D900232374CD
:1046B000ECE72368D3F8B02002F01402142AEFD1FB
:1046C0006A6846F2A8101E49012A38BF01224A43EF
:1046D000A96801F003018A40296841430020B2FB28
:1046E000F1F2D3F8181421F03F01C3F81814D3F8ED
:1046F00018140A436168C3F81824C3F8C400C3F847
:10470000C80003905A68A06122F001025A605A68FA
:1047100002F001020392039AD3F8942022F00302DC
:10472000C3F89420D3F894200A4342F00102C3F85E
:104730009420012360616374A9E70120A7E700BF0B
:1047400000093D007047704770470368D3F80C2498
:10475000D10710B5044608D5D3F80824D20704D5EC
:104760000122C3F81024FFF7EDFF2368D3F80C24CF
:10477000910709D5D3F80824920705D502222046CF
:10478000C3F81024FFF7DFFFA369002B4ED0216888
:10479000D1F8BC20D1F8C4301A40D1F8C030D1F8DB
:1047A000C8100B4091B219B1616941F0010161611A
:1047B00012F4F81F03D0626942F002026261D80766
:1047C00003D5626942F004026261990703D5626908
:1047D00042F00802626113F00C0F03D0626942F0EC
:1047E00010026261DA0603D5626942F0200262615A
:1047F000980603D5626942F040026261590603D50A
:10480000626942F0800262611A0603D5626942F46D
:104810008072626113F4F85F03D0636943F400733C
:104820006361636913B12046FFF78EFF10BD027C00
:104830000346012A0AD00268106B20F003001063BF
:10484000106B0143002011631874704702207047F9
:1048500030B5037C0446012B00F0E880012303748B
:104860000368C8685A6B4D6922F001025A63D3F895
:10487000002422F00102C3F800249A6B22F0030204
:104880009A639A6B024308699A63DA6B6FF30D02BD
:10489000DA63DA6B02436648DA631A6C02401A6420
:1048A0001A6C2A431A645A6C024088695A645A6C1A
:1048B000024308685A64DA6822F00302DA60DA68B0
:1048C0000243DA605A6922F007025A615869D1E955
:1048D00008522A43CD692A4302435A611A6922F0D9
:1048E0000F021A614A681869032A40EA0200186137
:1048F000D3F8000420F00E00C3F80004D3F800043D
:1049000040EA4200C3F8000407D11A69886822F41B
:1049100080721A611A6902431A619A6C45488D6A5D
:1049200002409A649A6C2A434D6B9A64DA6C024096
:10493000C86ADA64DA6C0243086BDA641A6D6FF3E2
:104940000E021A651A6D02433B481A655A6D024001
:104950005A655A6D2A438D6B5A659A6D02409A6565
:104960009A6D2A439A65DA6D0240C86BDA65DA6D92
:104970000243DA651A6E6FF30D021A661A6E086C3E
:104980000243486C1A669A6B22F400429A639A6B4F
:104990000243886C9A639A6922F47F029A619A6949
:1049A00042EA0042C86C9A619A6922F0FF029A6159
:1049B0009A690243086D9A619A6B22F400529A63D5
:1049C0009A6B0243486D9A639A6B22F480529A6301
:1049D0009A6B0243886D9A639A6B22F400629A6321
:1049E0009A6B02439A639A6BC86D22F480629A6351
:1049F0009A6B0243086E9A639A6B22F400729A6370
:104A00009A6B0243486E896E9A639A6B22F48072A5
:104A10009A639A6B024300209A639A6B22F4804255
:104A20009A639A6B0A439A63207430BD0220FCE7B4
:104A300000E0FFFF00F0FFFF00FCFFFF30B5037C4C
:104A40000246012B29D00068154B846E23408366F3
:104A5000846ED1E900352B438D682B43CD682B4301
:104A60000D692B434D692B438D692B43CD692B4336
:104A70000D6A2B434D6A2B438D6A2B43CD6A096B1C
:104A80002B4323438366836E23F002038366836E86
:104A90000B4383660020107430BD0220FCE700BF8A
:104AA000FF80F0FE027C0346012A0AD00268D06A29
:104AB00020F01F00D062D06A01430020D162187438
:104AC00070470220704730B5037C0446012B34D078
:104AD000D1E90003984238BF18462368D3F89820DC
:104AE00002F0FC22C3F89820D3F8982042EA004252
:104AF0000243C3F89820D3F89C2002F40042C3F884
:104B00009C20D3F89C00D1E90225120642EA054216
:104B10000D6949692A4302430020C3F89C20D3F859
:104B2000A42022F47F42C3F8A420D3F8A42042EAB0
:104B30000122C3F8A420207430BD0220FCE700004D
:104B400030B5037C0446012B5BD0036808689A6883
:104B50008D6822F47F429A609A6842EA002248688F
:104B60009A609A6F92B29A679A6F42EA00429A6785
:104B7000254A986F10409867986F2843CD689867CA
:104B8000D86F1040D867D86F28430D69D867D3F81D
:104B900080001040C3F88000D3F8800028434D699E
:104BA000C3F88000D3F884001040C3F88400D3F821
:104BB00084002843C3F88400D3F8840020F0807078
:104BC000C3F88400D3F884008D692843CD69096A4D
:104BD000C3F88400D3F888001040C3F88800D3F8E5
:104BE00088002843C3F88800D3F88C0002400020D6
:104BF000C3F88C20D3F88C200A43C3F88C2020748F
:104C000030BD0220FCE700BF0000FFFF037C82B044
:104C1000012B1CD0026800230093516841F0010170
:104C20005160516801F00101009100990193D2F89F
:104C3000041441F00801C2F80414D2F804240374E7
:104C4000184602F008020192019A02B07047022051
:104C5000FBE737B5057C0446012D09D00125057415
:104C6000069D0095FFF7F7FB0023237403B030BDCA
:104C70000220FBE72DE9F84F1C46037C06460F4651
:104C8000012B1546DDE90A9852D001230374FDF784
:104C90008BFD83463268536F13F0010A19D0032C41
:104CA00020464FF0000328BF032083421DD1E01AA5
:104CB0004344C2F8709010BB013445EA87152302C3
:104CC00024029BB204F47F041D432543D56630744F
:104CD00009E0FDF769FDA0EB0B00B0F57A7FD9D9AB
:104CE000032086F810A0BDE8F88F18F803100133F0
:104CF0004FEAC30C01FA0CF149EA0109D5E704288F
:104D00004FF0000C8646614628BF4FF0040E13F8A2
:104D100001804FEAC109013108FA09F88E454CEAD1
:104D2000080CF4D1A0EB0E007344C2F870C0C2E7C7
:104D30000220D8E72DE9F7431E46037C05460C46C2
:104D4000012B1746DDF82890DDF830806FD0012365
:104D5000022E03740DD9C6F3072337220093F3B252
:104D6000FFF779FB28B1002301202B7403B0BDE8C5
:104D7000F083B9F1060F0FD10B9B2A681B0243EA9F
:104D8000841343F00603D366FDF70EFD0446002EA0
:104D900027DC00202874E9E7B9F1040F05D1A4014C
:104DA0002B6844F00404DC66EEE7B9F1140F08D177
:104DB00098F80020A4012B6844EA022444F014046B
:104DC000F1E7B9F1240FCED198F80120A4012B68A6
:104DD00044EA024498F8002044EA022444F02404FF
:104DE000E1E72A68536F13F010030DD1042E106F02
:104DF000324628BF0422D90020FA01F1F9540133C8
:104E00009A42F8D1B61A1744FDF7CEFC001BB0F554
:104E10007A7F03D9002303202B74A7E72B685A6FEE
:104E20005206B4D4D3F8C0309B069CD4AFE702201E
:104E30009CE7027C0346012A0FD00268D2F81C04CA
:104E400020F0C060C2F81C04D2F81C0440EA4161A2
:104E50000020C2F81C1418747047022070472DE916
:104E6000F041D1E9012CD1E90738D1F824E043EA37
:104E70000803D1E90376D1E90554096881B943EA09
:104E80000E03016813436FF30E0143EA0C033B4327
:104E900033432B4323430B4303600020BDE8F081E1
:104EA000016843EA0E0321F4F8410B43036042EA30
:104EB0000C0341683B4321F4FF42334322F07F025D
:104EC0002B43234313434360E7E7CB6803F1FF3CE5
:104ED0004B69F0B5013B4C688F680E691B058D6905
:104EE000013C013F013E013D096824013F020139B7
:104EF00036042D0643EA0C335AB90B438268234328
:104F000002F070423B4333432B4313438360002042
:104F1000F0BD826822F4700222F470421343836071
:104F200044EA0703C2680B4302F0704233432B4349
:104F30001343C360EBE710B5D1E9003402692343A2
:104F4000CC686FF3150243EA442313438A68013A9D
:104F500043EA42130361002010BD43696FF34D0320
:104F600043EA410343610020704738B50D460446CB
:104F7000C8B190F82C3003F0FF021BB980F82D2047
:104F800010F0E4FB0223211D206884F82C30FFF789
:104F900066FF626829462068FFF797FF012300201B
:104FA00084F82C3038BD0120FCE770B590F82C3027
:104FB00005460E46022BD8B210D000F0FB04012C9F
:104FC00010D10223286885F82C30FFF7B4FF33682E
:104FD000022B04D1052385F82C30002070BD85F804
:104FE0002C40FAE70120F9E738B590F82C30044658
:104FF000022BD8B20DD094F82C30012BDDB209D1A0
:105000000223206884F82C30FFF7A7FF002084F8E3
:105010002C5038BD0120FCE7704770477047F8B549
:10502000036804461D6915F0800605D080220264DD
:105030001A6942F080021A61E8070FD52222E26362
:10504000628E01326286DA68A36A1A70A36A2268E5
:105050000133A362136943F001031361A90710D55B
:1050600022680027618E2046136943F00203136112
:105070002023C4E90F37A36A5B1AA362FFF7CDFFB1
:105080006786EA0512D5238E2268013B9BB22386F0
:105090001BB9136843F004031360E36A13F8011BA0
:1050A0009160E362136943F480731361AB050DD51E
:1050B00022682046136943F4007313612023A3631D
:1050C000002384F834302364FFF7A6FF41F67C41C7
:1050D0000D4213D0226815F07C0F2564136943EA52
:1050E000010313610BD0628EA36A9B1AA362002393
:1050F00063862023E3632046FFF790FFF8BD002E70
:10510000F9D115F4E05F1CBF2023A363F3E700008F
:10511000D201006884328318F0B5C7685D684C68B6
:10512000C7F30B4705F470450E6827445D6006F130
:10513000010CC568A41BC5F30B45654445EA07454A
:105140005D60C768CD68C7F30A072F449D6805F402
:1051500070459D608D68D0F80CC00135CCF30A0C09
:105160006544D1F810C045EA07458F69BCF1070FC7
:105170009D601D6925F007051D61C3F810C091F8F9
:10518000305045EA076591F8317045EA072591F8F6
:10519000327045EA07459D615D6925F0FF055D6157
:1051A0004D695D61DD6925F4E06525F00705DD6188
:1051B000D1E9075745EA070588BF0127DD614D6A38
:1051C0009D629CBF0C4D15F80C70DD6A7C4305F0A8
:1051D000E0250334DD628D6AC96A7D4344EA0544F3
:1051E000DC621C6B6FF30A041C631963835843F081
:1051F00001038350F0BD00BFAC9F020838B50446E0
:1052000000284ED090F8A13003F0FF021BB980F8BF
:10521000A02010F02FFC022384F8A13023689A69A3
:1052200022F070429A619969D4E901200243E06852
:105230000243206902430A439A61D4E9051242EA13
:1052400001429A60D4E9071242EA0142DA60D4E9E5
:10525000091242EA01421A61D4E90B1242EA014200
:105260005A61DA6A94F8350002F07F4294F83610F9
:10527000DA62DD6A94F834202A4342EA00220020F0
:1052800042EA0142DA625A6B42F006025A639A69B4
:1052900042F001029A610123C4F8A40084F8A1300D
:1052A00038BD0120FCE77047036870B59E6B04466B
:1052B0005D6B720714D5690712D55A6B22F0040290
:1052C0005A630422DA63D0F8A43043F00103C0F833
:1052D000A430002380F8A12080F8A0301BF0CAFA87
:1052E000B20716D5AB0714D5236820465A6B22F0B7
:1052F00002025A630222DA63D4F8A4301343C4F8DA
:10530000A430042384F8A130002384F8A0301BF0DB
:10531000B1FAF00710D5E9070ED5236820465A6B7D
:1053200022F001025A630122DA63002384F8A120EB
:1053300084F8A0301BF024FA320711D52B070FD5C3
:10534000236820465A6B22F008025A630822DA6367
:10535000012384F8A130002384F8A030FFF7A3FFD5
:1053600070BD2DE9F04190F8A03006460F469446F6
:10537000012B4FF002001FD034244FF001080D46DE
:1053800086F8A10004FB026486F8A08038340FCDB3
:105390000FC40FCD0FC40FCD0FC42B68304662462B
:1053A00039462360FFF7B4FE33680020C3F8248039
:1053B00086F8A18086F8A000BDE8F081034630B5EC
:1053C00090F8A00001284FF0020026D083F8A10039
:1053D000342000FB0230D201806C8432072896BF53
:1053E0000E4C0124245C18684C430244D06A6FF3CD
:1053F0001C40D0620A48456A45F001054562D56AFD
:1054000045EA0444D462426A42F001024262012247
:10541000002083F8A12083F8A00030BDAC9F0208D3
:105420000068014090F8A02003460220012A12D013
:105430001A6883F8A100506B20F001005063064801
:1054400001640020516B41F001015163012283F896
:10545000A00083F8A12070470068014038B50A4ACF
:1054600004460368DA60FDF79FF905462368DB68A8
:105470009B0601D5002038BDFDF796F9401BB0F51D
:105480007A7FF3D90320F6E75FFF0100036870B568
:10549000DC68054614F0400417D1DA6842F0800257
:1054A000DA60FDF781F906462B68DB685B0600D4FD
:1054B0000CB1204670BDFDF777F9801BB0F57A7FFF
:1054C000F2D9042301246B77EEE70024F1E70368A7
:1054D000DA6822F0800210B5DA6004469B689B0609
:1054E00001D5002010BDFFF7B9FF0028F9D0042333
:1054F00001206377F6E710B5044608B9012010BD16
:10550000437F03F0FF0213B9027710F043FB02233D
:1055100063772368DA68D20603D501230020637716
:10552000EDE7CA2220465A6253225A62FFF7AEFFC5
:1055300030B101202368FF225A620028EDD0DDE758
:10554000236820699A6822F4E00222F040029A60FF
:105550006268996802436069024320460A43A16871
:105560009A60E2681A611A6942EA01421A61FFF719
:10557000AEFF0028DDD12368A169DA6C22F00802B1
:10558000DA64DA6C0A43DA64D4E70023092803D822
:1055900040EA0310C0B270470A380133C0B2F5E7E1
:1055A0002DE9F041037F05460E460220012B2BD04A
:1055B0000123296868772B7730787478B7788B68FF
:1055C00022BB13F0400308BFF370FFF7DEFF8046F5
:1055D0002046FFF7DAFF04463846FFF7D6FFF37898
:1055E00040EA835343EA084343EA0424CA23284693
:1055F0004B6253234B62FFF749FF98B101202B68A0
:10560000FF225A6200232B77BDE8F081240213F0B9
:10561000400344EA004408BFF370F3783C4344EA93
:105620008354E3E704F07F342A6824F0FE441460D6
:10563000936823F4802393609168D6E90330034391
:1056400028460B439360FFF742FF0028D6D1012381
:105650006B77D4E7F8B5037F05460220012B1CD0F9
:10566000012368772B770E78C8784C7876038F788B
:10567000A2B146EA00433B43CA2243EA04242B6812
:1056800028465A6253225A62FFF700FFE0B1012018
:105690002B68FF225A6200232B77F8BDE30641BF37
:1056A00024F010040A34E4B24C70FFF76EFF014698
:1056B0002046FFF76AFF04463846FFF766FF40EAD8
:1056C000060343EA0143D7E724F07F442A682846CB
:1056D00024F0C0045460FFF7FAFE0028D7D101235C
:1056E0006B77D5E72DE9F047037F05460220012BB4
:1056F00079D001232E6868772B77087891F801908C
:1057000091F802A091F82070CC69B368002A4AD1C0
:1057100013F0400308BFCB70FFF737FF80464846C1
:10572000FFF733FF02465046FFF72FFF814638460A
:10573000FFF72BFF4B692343CC7843EA845343EABA
:10574000090343EA084343EA022343EA00648B69FE
:105750004F681F43CA237362532373624B6AB3F5C6
:10576000807FB36841D123F48073B360B36823F4BE
:105770008053B360F368DBB263F4C073F360FDF78A
:1057800013F806462B68DA68D1071ED5DC615F6422
:105790009A6842F480729A60FF2200205A620123C4
:1057A00028776B771FE013F0400308BFCB704B697D
:1057B0001C43CB7844EA0A0444EA004444EA09243E
:1057C00044EA835444EA0764C1E7FCF7EDFF801B19
:1057D000B0F57A7FD6D92B68FF2203205A620323C3
:1057E0006B7700232B77BDE8F08723F40073B36059
:1057F000B36823F40053B360F368DBB263F420733F
:10580000F360FCF7D1FF06462B68DA68920705D5EE
:105810001C629F649A6842F40072BCE7FCF7C4FF04
:10582000801BB0F57A7FEFD9D5E70000304B37B554
:105830001D684FF4FA430446B5FBF3F54FF47A7351
:105840005D43037F0220012B019517D00123607770
:10585000CA2023772368586253205862986810F44E
:10586000806F11D0019801380190019840B9FF2252
:1058700003205A62032363770023237703B030BDEC
:10588000D86810F0040FECE7986820F48060986006
:10589000D868C0B260F49060D86001950198013872
:1058A000019001980028E2D0D8684007F6D59868A2
:1058B00020F0070098609868024300209A600D4A23
:1058C0005961116841F480011160916841F48001CF
:1058D00091609A6842F480429A609A6842F48062C9
:1058E0009A60FF225A62012320776377C6E700BFE0
:1058F00004000020003C014070B5037F04460220F4
:10590000012B2AD00123CA226077237723685A62A9
:1059100053225A629A6822F480629A609A6822F44A
:1059200080429A60FCF740FF06462268D56815F071
:10593000040506D0FF2300205362012320776377FC
:105940000BE0FCF731FF801BB0F57A7FEDD92368BF
:10595000FF2203205A626077257770BD094B4FF410
:10596000800210B55A6104460268D3685B0506D50B
:10597000D368DBB263F49063D36010F051F9012374
:10598000637710BD003C01400368503343F8212089
:1059900070470368503353F8210070470129016BA9
:1059A00042680CBF09230123082905D122F0020116
:1059B000012908BF43F01003023A012A94BF43F0C3
:1059C000600043F0040070470C4B41F658321B68EE
:1059D000B3FBF2F302689B00116821F4803111607F
:1059E00033B9D0F8803043F04003C0F880307047BE
:1059F0001168013BC903F3D4704700BF04000020C5
:105A000070B50446002800F0C88090F87D3003F09F
:105A1000FF021BB980F87C2010F00AFA022320460E
:105A200084F87D30FFF7D0FFE368012B00F0A580FC
:105A3000981E434243415B01A568022D00F0A180FE
:105A4000032D00F09C80691E4D424D41AD0222683D
:105A5000534954488A4203D0534EB24240F0948096
:105A6000C0F80038E3693BB38A4203D04E4B9A42F8
:105A700040F08D804FF40020FCF76AF923684B4A10
:105A8000934202D02032934203D14FF48010FCF7AE
:105A90005FF90A22E36950435B02B0FBF3F0B0FB0D
:105AA000F2F302FB1300226B092808BF0133042A1A
:105AB000236204BF5B0823626368E16B33F0020278
:105AC00067D1013918BF0121226849023848166898
:105AD0003040266B3343666B10603343A66B10680F
:105AE0003343666A3343266933436669334303436A
:105AF000206A43EA0053A06A2B430B4313605368A8
:105B000023F4604323F00F035360A36951680343F8
:105B1000E06A0343A06C0B435360264B91680B4033
:105B20009360236D91680343E06C03430B43216C46
:105B300001390B43616C013943EA01239360D36857
:105B400023F47D6323F00F031B041B0CD360D16887
:105B5000D4E91530034300200B43216E43EA01438F
:105B6000E16D013943EA0123D3600123C4F88000C9
:105B700084F87C0084F87D3070BD10235CE743F02E
:105B800001034FF4006562E7C0F8003C6AE70020BB
:105B900074E74A1E5142514196E70120ECE700BFED
:105BA000045801400050014024580140045C014069
:105BB00010C005FF0080F8FF70B50546C0B1022394
:105BC0000668002480F87D304FF0FF333461B36104
:105BD000FFF7FAFE736843F00803736010F0AAF948
:105BE0002046C5F8804085F87C4085F87D4070BD32
:105BF0000120FCE790F87C200346012A08D00168C8
:105C000000200A6822F400320A6083F87C007047A2
:105C10000220704790F87C200346012A0FD00268CA
:105C2000116841F4003111601168C90303D411688F
:105C300041F480311160002083F87C00704702201D
:105C4000704738B590F87C300446012B40D00125D0
:105C500080F87C50FFF7B8FE0268C06E136823F42A
:105C60000033136008BB0025206F88B194F87D30A5
:105C7000222B0DD1FCF76FFB50B1236F5B6D802B96
:105C800006D0D4F88030012543F08003C4F880307A
:105C90002268536843F008035360012384F87D3081
:105CA000002384F87C30284638BD94F87D30122BD0
:105CB000D9D1FCF750FB0028D5D0E36E5B6D802B6B
:105CC000D1D0D4F8803043F08003C4F88030CBE7E3
:105CD0000225E8E72DE9F0410E4604461546FCF79B
:105CE00063FD07464EB345B394F87D30012BDAB21D
:105CF00053D194F87C30012B4FD04FF00008122381
:105D0000E06E3146C4F8808084F87D30244B84F8FE
:105D10007C20A4F86850A4F86A5066660364214B9E
:105D20002268C363204B1C32C0E913382B46FCF7B2
:105D3000D5FA054628B184F87C8001252846BDE8BF
:105D4000F08101462046FFF729FE23681A690243C5
:105D50001A611A6842F400321A6023685E6916F408
:105D6000E0260AD01A68D20303D41A6842F48032BB
:105D70001A60002384F87C30E0E7FCF715FDC01BB7
:105D8000B0F57A7FE9D9D4F88030032584F87C60B7
:105D900043F04003C4F88030D0E70225CEE700BFCF
:105DA000815E0008495E0008CD5E000813460A4681
:105DB00070B5044631B32BB390F87D100129C8B2F9
:105DC0003AD194F87C10012936D00026222184F89B
:105DD0007C00C4F88060206F84F87D1017496266EB
:105DE000A4F86830A4F86A3001641549C163154904
:105DF000C0E9131621681C31FCF770FA054620B182
:105E000084F87C600125284670BD01462046FFF7D6
:105E1000C5FD23681A6902431A611A6842F4003208
:105E20001A601A68D20303D41A6842F480321A60E6
:105E3000002384F87C30E6E70225E4E7C35E00082F
:105E40008B5E0008CD5E000838B5C369846BB3F57E
:105E5000807F11D02568002120462B68A4F86A10A5
:105E600023F400332B60FFF799FD2B6923EA00032D
:105E70002B61012384F87D30204611F043FE38BDAC
:105E8000806B08B511F04CFE08BD38B5C369846B52
:105E9000B3F5807F11D02568002120462B6823F4BC
:105EA00000332B60A4F86A10FFF778FD2B6923EA12
:105EB00000032B61012384F87D30204612F06EF838
:105EC00038BD806B08B512F0CDFA08BD806B08B5FF
:105ED000D0F8803043F08003C0F88030C36E5B6D33
:105EE000012B03D0036F5B6D012B0CD1026813688B
:105EF00023F400331360FFF767FD012380F87D3042
:105F00000023A0F86A3012F0B1FA08BD90F87D00C5
:105F1000704784B010B503AC84E80E000B460499BA
:105F200042680B43059922F4FD420B43069922F087
:105F30007F020B4307990B4308990B43BDE81040C0
:105F4000134304B0436000207047D0F880007047CE
:105F50000B68C0F8803000207047032303600020E6
:105F600070470346002018607047006800F0030087
:105F700070470B6810B58360C268D1E901346FF3D4
:105F80000B022343CC68096923430B431343C360CB
:105F9000002010BD1430405870470B6810B54362A4
:105FA0004B688362C26AD1E9023422F0F7022343CC
:105FB0000C69496923430B431343C362002010BD9E
:105FC00010B5002386B0044601A9CDE90133CDE91F
:105FD00003334FF480630593FFF7CBFF0A4B4FF475
:105FE000FA521B68B3FBF2F341F28832534343B1D8
:105FF000626B013B1206FAD5C5230020A36306B0ED
:1060000010BD4FF00040FAE704000020034644486A
:1060100010B500684FF4FA54B0FBF4F04243002A84
:1060200049D0586B10F0450F07D0000505D45A6BC6
:10603000540704D50420986310BD013AEFE75A6B6A
:10604000D00703D501229A630120F5E7C5229A63A0
:106050001A69D2B29142F7D15B69324818400028E0
:10606000EAD0002B2ADB5A002BD49C002BD4D90079
:106070002BD41A012CD45C012DD4D9012ED41A02B0
:106080002FD45C0230D4990231D4DA0232D45C03CA
:1060900033D4990334D4DA0335D41C0436D45904E8
:1060A00037D49A0438D413F0080F0CBF4FF4803063
:1060B0004FF40000C0E74FF00040BDE74FF0007024
:1060C000BAE74020B8E78020B6E74FF48070B3E726
:1060D0004FF40070B0E74FF48060ADE74FF400601C
:1060E000AAE74FF48050A7E74FF40050A4E74FF41D
:1060F0008040A1E74FF400409EE74FF400309BE75B
:106100004FF4802098E74FF4002095E74FF480107B
:1061100092E74FF400108FE74FF480008CE700BF48
:106120000400002008E0FFFD30B5402387B01025B3
:1061300004460022019101A9CDE902534FF4806386
:10614000CDE90423FFF715FF41F2883229462046A6
:1061500007B0BDE83040FFF759BF30B5402387B0E6
:10616000112504460022019101A9CDE902534FF403
:106170008063CDE90423FFF7FCFE41F28832294613
:10618000204607B0BDE83040FFF740BF30B54023A0
:1061900087B0122504460022019101A9CDE90253DE
:1061A0004FF48063CDE90423FFF7E3FE41F2883228
:1061B0002946204607B0BDE83040FFF727BF30B57D
:1061C000402387B0182504460022019101A9CDE99A
:1061D00002534FF48063CDE90423FFF7CAFE41F276
:1061E00088322946204607B0BDE83040FFF70EBF91
:1061F00030B5402387B0192504460022019101A93A
:10620000CDE902534FF48063CDE90423FFF7B1FEDB
:1062100041F288322946204607B0BDE83040FFF7FA
:10622000F5BE000030B5002387B00C25402204469F
:1062300001A9CDE90323CDE901354FF4806305932E
:10624000FFF797FE034A2946204607B0BDE83040D5
:10625000FFF7DCBE00E1F50530B5402387B0072528
:1062600004460192002201A9CDE902534FF4806354
:10627000CDE90423FFF77DFE41F28832294620460E
:1062800007B0BDE83040FFF7C1BE30B5402387B04E
:10629000372504460022019101A9CDE902534FF4AC
:1062A0008063CDE90423FFF764FE41F2883229467A
:1062B000204607B0BDE83040FFF7A8BE30B5402308
:1062C00087B0062504460022019101A9CDE90253B9
:1062D0004FF48063CDE90423FFF74BFE41F288328F
:1062E0002946204607B0BDE83040FFF78FBE30B5E5
:1062F000002387B033254022044601A9CDE90323BA
:10630000CDE901354FF480630593FFF732FE41F28A
:1063100088322946204607B0BDE83040FFF776BEF8
:1063200030B5402387B00D2504460022019101A914
:10633000CDE902534FF48063CDE90423FFF719FE42
:1063400041F288322946204607B0BDE83040FFF7C9
:106350005DBE0000114B4FF4FA5102461B68B3FBBF
:10636000F1F341F288314B43ABB1516B11F0450F62
:1063700007D0090505D4536B5B0704D5042090634F
:106380007047013BF0E7506B10F0010014BF012390
:10639000C523936370474FF000407047040000200E
:1063A00010B5002386B00222044601A9CDE90132CE
:1063B000C022CDE903234FF480630593FFF7D9FD95
:1063C000204606B0BDE81040FFF7C4BF10B5092253
:1063D00086B0C023044601910021CDE902234FF489
:1063E0008063CDE9041301A9FFF7C3FD204606B081
:1063F000BDE81040FFF7AEBF0F4B4FF4FA51024615
:106400001B68B3FBF1F341F288314B438BB1516B05
:1064100011F0450F08D0090506D4506B10F00400A8
:1064200004D0042090637047013BEFE7C5239363DA
:1064300070474FF0004070470400002041F00041D9
:106440002922402341F4801110B586B00446019101
:106450000021CDE902234FF48063CDE9041301A9A3
:10646000FFF787FD204606B0BDE81040FFF7C4BF28
:1064700003461E4810B500684FF4FA54B0FBF4F020
:1064800041F28834604358B35C6B14F0450F07D079
:10649000240505D4586B440704D50420986310BD27
:1064A0000138F0E7586BC00703D501229A63012039
:1064B000F5E71869C0B28142F9D1C52199635B69DA
:1064C00013F4604002D11B0C1380E8E75A040AD48D
:1064D00013F4004F0CBF4FF480304FF48050DEE7D0
:1064E0004FF00040DBE74FF40050D8E704000020F5
:1064F00070B5002386B00326402204460D4601A94C
:10650000CDE90323CDE901364FF480630593FFF70E
:1065100030FD2A463146204606B0BDE87040FFF700
:10652000A7BF0000134B4FF4FA5102461B68B3FBA0
:10653000F1F341F288314B43CBB1516B11F0450F70
:1065400007D0080505D4536B590704D50420906380
:106550007047013BF0E7506B10F0010002D00123BF
:1065600093637047536B5B0603D54023F8E74FF006
:10657000004070470400002010B54FF4D57286B07B
:10658000082340210446CDE901230023CDE903136C
:106590004FF4806301A90593FFF7EBFC204606B09A
:1065A000BDE81040FFF7BEBF836B1A68D36B43F49E
:1065B0008073D3637047F0B5054689B00E46FCF78B
:1065C000F3F80023074608212868CDE90033FFF7D8
:1065D000ABFD0446D8B9296D28680904FFF755FEBC
:1065E0000446A0B94FF0FF320823302106902868F6
:1065F000CDE902230223CDE90413012302A9079365
:10660000FFF7CBFC2868FFF772FE044690B12046E6
:1066100009B0F0BD436B9B0212D5FFF796FC08ABA7
:1066200003EB8403013443F8200CFCF7BDF8C01BD6
:10663000013023D02868436B13F02A0FEAD002E020
:10664000436B9904F1D4436B1A0702D50824846381
:10665000DDE7436B9B0701D50224F8E7446B14F098
:10666000200401D02024F2E740F23A538363019BD7
:106670001BBA3360009B1BBA7360C8E74FF000443D
:10668000C5E710B5044668B1032380F834300068CC
:10669000FFF767FC20460FF005FD0020A06384F89B
:1066A000340010BD0120FCE72DE9F04F0D4687B006
:1066B000044616469946DDF84080FCF775F8074613
:1066C0003DB9A36B43F00063A363012007B0BDE8AD
:1066D000F08F94F83430012B40F0D58006EB09039D
:1066E000E26D00219342A16303D9A36B43F00073D1
:1066F000EAE703234FF0020B20684FF0010A84F809
:106700003430636CC1626946012B4FF0FF33009354
:106710004FEA492318BF760201939023CDE9023B4B
:106720000023CDE9043AFFF738FCD145206811D9A0
:106730003146C4F830B0FFF729FD88B12368544AC8
:106740009A63A36B0343A363012384F834300023CB
:106750002363BAE73146C4F830A0FFF7FEFCECE74C
:10676000019E2068436B13F4957F436B16D0DB05C5
:1067700009D5B9F1010F06D9636C032B03D0FFF7DC
:1067800051FD0028DAD12368596B11F0080133D08C
:106790003F4A9A63A36B43F00803D4E71A0418D561
:1067A000BEB105F1040A05F1240B20680AF1040AC0
:1067B000FFF7CBFB0AF8080C030A0AF8073C030CA6
:1067C000000E0AF8063C0AF8050CDA45EDD1203E29
:1067D0002035FBF7E9FFC01B4045C2D323680320E7
:1067E0002B4A9A63A36B43F00043A363012384F80D
:1067F00034300023236369E75A6B12F002020AD097
:10680000234A9A63A36B43F00203A363012384F832
:106810003430216359E7596B890625D51C499963A2
:10682000A36B43F02003A363012384F83430226375
:106830004BE7FFF78AFB05F8040C030A043E043516
:1068400005F8073C030C05F8063C030E05F8053C6B
:10685000FBF7AAFFC01B404507D323680C4A9A6385
:10686000A36B43F000436EE704352068436B9B0243
:1068700001D5002EDDD140F23A538363012300207D
:1068800084F8343022E7A36B43F000531CE700BFC9
:10689000FF0540002DE9F0470D4688B004469146BB
:1068A0001F46FBF781FF80463DB9A36B43F00063B1
:1068B000A363012008B0BDE8F08794F83430012BC1
:1068C00040F0A48009EB0703E26D00219342A1632D
:1068D00003D9A36B43F00073EAE70323206884F82D
:1068E0003430636CC1629021012B4FF0FF3302936F
:1068F0004FEA472318BF4FEA492903930023CDE904
:1069000004130693012302A90793FFF746FB012F07
:10691000206811D9202349462363FFF769FC88B119
:1069200023683C4A9A63A36B0343A363012384F85F
:10693000343000232363BCE7102349462363FFF769
:106940003EFCECE7039E2068436B13F48D7F436BA2
:1069500015D0DB0508D5012F06D9636C032B03D0B6
:10696000FFF760FC0028DBD12368596B11F00801A8
:1069700027D0284A9A63A36B43F00803D5E75A044B
:106980000CD55EB105F1200A55F8043B01A9206839
:106990000193FFF7DDFAAA45F6D1203EFBF704FF8D
:1069A000109BA0EB08009842CDD323680320194A1E
:1069B0009A63A36BA363012384F834300023236319
:1069C00078E75A6B12F002020AD0124A9A63A36B5C
:1069D00043F00203A363012384F83430216368E7A2
:1069E000586B10F010000AD00A499963A36B43F06A
:1069F0001003A363012384F83430226359E740F283
:106A00003A529A63012384F8343053E7A36B43F07E
:106A100000534DE7FF0540002DE9F043154687B0D0
:106A200004461F460A4641B9836B43F00063A363E3
:106A30000126304607B0BDE8F08390F83430012BD2
:106A40005FFA83F96BD10023E9198363C06D81423A
:106A500003D9A36B43F00073E9E726680321206C98
:106A60004FEA472884F83410F362F16B41F49571D2
:106A7000F1632C498360C1632B49C0E9131301689A
:106A80000B6823F0C0030B6006F180014FEA980306
:106A9000FBF724FC2268064660B1D36B23F49573A0
:106AA000D363224B9363A36B43F08043A36384F8C7
:106AB0003490BDE7D36A9021002043F00803D362ED
:106AC000636C012B4FF0FF33CDE900384FF0020328
:106AD00018BF6D02CDE9021301236946CDE9040315
:106AE0001046FFF75AFA012F206812D9822329464F
:106AF0002363FFF74BFB00289BD023680B4A9A6364
:106B0000A36B0343A363012384F83430002323637E
:106B10008EE7812329462363FFF71FFBEBE702265D
:106B200087E700BF3D6C000881710008FF05400049
:106B3000F0B50F4687B0044611461E463FB9836B39
:106B400043F00063A3630127384607B0F0BD90F817
:106B50003430012B6AD100228B198263C06D8342CD
:106B600003D9A36B43F00073ECE720680323304D97
:106B700084F83430C262C36B43F01A03C363E36B1F
:106B8000DD632C4DC3E91352636C012B18BF49021E
:106B9000012E11D9A0232363FFF72AFB05462268A3
:106BA00078B1254B9363A36B0343A363012384F85C
:106BB000343000232363C6E790232363FFF7FFFAF3
:106BC000ECE7D36A7602E06B803243F00803016899
:106BD00042F8543C402383600B6823F0C00343F029
:106BE00040030B603946B308FBF778FB0746206883
:106BF00077B1C36B23F01A03C3630F4B8363A36B9B
:106C000043F08043A363012384F8343025639AE77B
:106C10004FF0FF3369460495CDE900369023CDE966
:106C2000023501230593FFF7B8F98DE702278BE7BB
:106C3000A965000881710008FF05400010B5846B4C
:106C4000236B822B09D12068FFF7ECFA28B1A36BE4
:106C500003432046A36305F0CDFF23682046DA6A8C
:106C600022F00802DA6240F23A529A63012384F871
:106C700034300023236305F0BBFF10BD426E034692
:106C8000900F30B50870C2F383604870C2F30160A2
:106C90008870C2F30740C870C2F30720D2B20871EF
:106CA0004A719A6E100DC880C2F303400872C2F395
:106CB000C0304872C2F380308872C2F34030C8726C
:106CC000C2F30030087300204873586C00286AD162
:106CD00040F6FC74D86E04EA820242EA90720A61BD
:106CE000C0F3C2620A75C0F302624A75C0F3425231
:106CF0008A75C0F38242CA75C0F3C2320A760C6943
:106D00000A7E013402F007020232944001225C65DF
:106D10000D7A05F00F05AA409A65520A6243DA65BA
:106D20004FF400721A66C0F380324A76C0F3C6127E
:106D300000F07F008A76C87600201B6FDA0F0A7792
:106D4000C3F341724A77C3F382628A77C3F38352F3
:106D5000CA77C3F3405281F82020C3F3004281F880
:106D6000210081F82220C3F3C03281F82320C3F32D
:106D7000803281F82420C3F3403281F82520C3F308
:106D8000003281F82620C3F3812281F82720C3F343
:106D90000122C3F3460381F8282081F8293001231A
:106DA00081F82A301BE001280FD11204D86E02F4BA
:106DB0007C1242EA10420A610A69013292025A6563
:106DC000DA654FF400729A65AAE71A68012004494F
:106DD00091639A6B42F080529A6383F8340030BD1D
:106DE000FF05400070B5762398B0002504460C934B
:106DF0000AAB0B95CDE9095593E8070007ABCDE940
:106E000007558DE807000ECB2068FFF782F8206851
:106E1000436823F480734360FFF79FF822680220E1
:106E2000536843F480735360FBF7C4FC20680695F5
:106E3000FFF7C6F8054698B92068FFF79DFB30B10B
:106E40002068A564FFF7BCF8A0B1054608E001235F
:106E5000A36400212068FFF718FA70B14FF0805545
:106E6000012384F83430A36B2B43A3630125284608
:106E700018B070BDA36C012BEBD000214FF6FE764D
:106E800014E02068FFF701FA05460028E8D15449CC
:106E90002068FFF7D3FA0028E0D129462068FFF7E1
:106EA00079F8069B0546C10F01330693069BB34252
:106EB00001D80029E5D0069BB34211D8C5F38075EF
:106EC000012320686564ADF81630FFF74EF850B91D
:106ED0004FF08061012384F83430A36B0B43C4E787
:106EE0004FF08075BCE7636C032B44D02068FFF73C
:106EF00057FA01460028EDD12068FFF74BF804212E
:106F000060672068FFF746F80821A0672068FFF750
:106F100041F80C21E0672068FFF73CF8636CC4F887
:106F20008000032B206826D00DF11601FFF7E0FA50
:106F300001460028CED1636C2068032B1BD0BDF81E
:106F4000161021650904FFF741FA01460028C1D156
:106F50002068FFF71FF8042160662068FFF71AF821
:106F60000821A0662068FFF715F80C21E06620686C
:106F7000FFF710F8206704212068FFF70BF80DA930
:106F8000000DE0642046FFF779FE054628BB226D20
:106F9000034620681204FFF75FF90146002899D1E3
:106FA00004F1100393E80700231D8DE807000ECBC2
:106FB0002068FEF7AEFF4FF400712068FFF7B4F8C9
:106FC00000283FF454AF2368064A9A63A36B034337
:106FD000A363012384F8343048E74FF0805179E708
:106FE000000010C1FF05400010B5044608B901209B
:106FF00010BD90F8343003F0FF0213B902770EF0A1
:10700000F1FF0323204684F83430FFF7EBFE00281D
:10701000EDD10123A063206384F83430E8E7436CAA
:107020000B60836C4B60C36C8B60036DCB60436DF6
:107030000B61836D4B61C36D8B61036E0020CB616F
:10704000704700000323F0B58BB080F83430436CF8
:1070500004460D46032B02D0B1F5805F03D1A36B2C
:1070600043F080531FE0B1F5006F006838D1002174
:107070000491FEF78FFF10F000704AD1059004A92B
:107080002046FFF798FA60B9059B590344D5216D56
:1070900020680904FFF7F9F818B902212068FFF702
:1070A0000DF9A36B0343A363A66B2768002E3AD0A8
:1070B000284B0125BB6384F834504FF400712068DD
:1070C000FFF732F830B123680125224A9A63A36B97
:1070D0000343A3630123284684F834300BB0F0BD8A
:1070E000E9B90491FEF756FF820112D404A92046A3
:1070F0000595FFF760FA0028D3D1059BDB030BD57C
:10710000216D20680904FFF7C0F80028C9D10146A5
:10711000C4E74FF40060C4E74FF08060C1E7A36BA1
:1071200043F00063BFE763680493A3680593E368D3
:10713000CDE90635636935460893A36909930AAB1F
:1071400013E9070004AB8DE8070038460ECBFEF7C5
:10715000E0FEB2E7FF054000016D10B509040446EA
:107160000068FFF7DDF8014628B92068FEF712FF36
:10717000C0F3432010BDA36B03430020A363F7E7D4
:1071800010B5846BFBF7F9F9022826D0236C5A6DF1
:10719000E36B012A5B6D01D0012B1BD123682046D4
:1071A0000E4A9A63DA6B22F49D72DA63A36B43F0A2
:1071B0008043A363FFF7D0FF0538012805D8206876
:1071C000FFF730F8A36B0343A363012384F8343043
:1071D00000232363204605F00DFD10BDFF05400090
:1071E00010B5846B40F23A52236820469A63FFF749
:1071F000B3FF0123053884F83430002301282363CA
:1072000005D82068FFF70EF8A36B0343A363A36BB5
:10721000204613B905F0F8FC10BD05F0EBFCFBE7C8
:107220002DE9F341056B04460068436B1F041FD52D
:107230002E071DD5E76AC7B1A66A351D06F12408D9
:1072400020680435FEF781FE05F8080C030A05F8EE
:10725000073C030C000E05F8063C05F8050C4545F7
:10726000EED12036203FA662E76202B0BDE8F08191
:10727000436BD90544D54FF480732A078363C36BEE
:1072800023F4414323F03A03C363C36A23F00103A9
:10729000C3621AD515F0220F08D0FEF7C3FF28B13C
:1072A000A36B03432046A36305F0A4FC236840F2CC
:1072B0003A5220469A63012384F834300023236332
:1072C000AB071AD005F094FCCFE72F06CDD5AE065C
:1072D00008D5FEF7A7FF28B1A36B03432046A3639D
:1072E00005F088FCA807C0D122682046D36A23F0A5
:1072F0000803D362012384F8343005F06FFCB4E74F
:10730000436B590426D52A0724D5676A002FACD0D1
:10731000266A351D06F1240815F8043C043501A938
:107320002068019315F8072C43EA0223019315F80E
:10733000062C43EA0243019315F8052C43EA026345
:107340000193FEF705FE4545E6D12036203F266233
:1073500067628AE7436B13F03A0F86D0436B9B0753
:1073600003D5A36B43F00203A363436B1F0703D54D
:10737000A36B43F00803A363436B9E0603D5A36B83
:1073800043F02003A363436BD90603D5A36B43F0FB
:107390001003A36340F23A538363C36B23F49D73DA
:1073A000C363FEF73FFFA36B2A0743EA0003A3630F
:1073B00008D50123204684F834300023236305F0E8
:1073C00019FC52E72B067FF550AF15F0300F0DD0AA
:1073D000E06B114B0365FAF7FCFF00283FF445AF63
:1073E000E06B02B0BDE8F041FFF7FABE15F003050F
:1073F00009D0206C094B0365FAF7EBFF00283FF436
:1074000034AF206CEDE70123A563204684F83430C7
:10741000256305F0F9FB28E7E171000821740008F5
:10742000FFF7DEBE0368026BD96B21F49D7110B5C6
:10743000D96340F23A5104469963D96A21F00101B7
:10744000D96211060ED5D96A12F0300F21F0080169
:10745000D9621BD0C06BFAF77EFF18B1A36B43F063
:107460008043A3630123204684F834300023236340
:10747000FFF772FE0538012803D82068FEF7D2FE18
:10748000A063A06B003818BF012010BD9307E9D09E
:10749000006CE0E7F7B5044618B390F8953405683A
:1074A00003F0FF021BB980F894240FF00DF80323BA
:1074B000B5F1A04F206804F1040584F8953404BFA9
:1074C0000023A37100F058FE237C8DF80030206863
:1074D00095E80E0000F09CFD014630B1022384F8CF
:1074E00095340125284603B0F0BD206800F04AFE1F
:1074F0000028F3D1267904F1140301270246C1B212
:1075000024338E4220D8002104F515730A46C8B2F0
:107510002433864226D8237C8DF80030206895E8F5
:107520000E0000F0A9FE05460028D7D101236074A3
:1075300084F89534237B012B02D1204600F02CFDEA
:10754000206801F0ECF9CDE723F80A0C013003F8CC
:10755000237C03F8241C03F8202C43F8142C43E963
:107560000722CCE7013103F8232C03F8240C03F89D
:10757000202C43F8142C43E90722C8E738B5044609
:1075800010B90125284638BD032380F895340068DA
:1075900001F085F905460028F3D120460FF032F8B6
:1075A00084F89554EEE710B590F894340446012B16
:1075B0000CD0012380F89434006800F0D7FD2068D7
:1075C00001F09FF9002084F8940410BD0220FCE72C
:1075D00010B590F894340446012B10D0012380F8A4
:1075E0009434006800F0C8FD206801F098F910217B
:1075F000206800F0F5FD002084F8940410BD0220FE
:10760000FCE710B590F894240446012A0AD0012220
:10761000417480F89424006801F063F9002084F834
:10762000940410BD0220FCE770B50546242401F047
:107630000F0011F0800FC2F30A0200FB04F414BF24
:1076400004F1140104F5157105EB040619BF0124BA
:1076500049194919002414BF747586F855428A6087
:107660004A7808700B7102B14883022B04BF0023D3
:107670004B7195F89434012B09D00123286885F8C3
:10768000943400F0BCFE002085F8940470BD022004
:10769000FCE701F00F02242311F0800F02FB03F33B
:1076A00010B514BF03F1140103F515710446184415
:1076B00015BF012300230919091914BF437580F868
:1076C00055320A7094F89434012B09D001232068B4
:1076D00084F8943400F0D2FE002084F8940410BDA5
:1076E0000220FCE738B51546242401F00F0254436C
:1076F00004F515710444C4E99853002384F8542216
:10770000014484F85532C4F8683282790068012A4D
:1077100008BFC4F8705200F05DFF002038BD01F0D2
:107720000F01242303FB0100D0F86802704738B52D
:107730001546242401F00F02544304F114010444BB
:10774000C4E90853002322750144A3620123637531
:10775000827900689A4208BF256300F03BFF002051
:1077600038BD38B501F00F0503790446AB422BD381
:1077700011F0800F4FF024031DD06B43012203F161
:107780001401034401445A7501230D708B7094F861
:1077900094249A421AD0206884F8943401F02BF88B
:1077A0002DB904F29C42A179206801F007F900206C
:1077B00084F8940438BD4B43002203F5157103444B
:1077C000014483F85522DFE70120F3E70220F1E7C7
:1077D00038B501F00F0203790446934225D32423E0
:1077E00011F0800F4FF0000502FB03F314BF03F10B
:1077F000140103F51571184419BF0123091909195A
:10780000002314BF437580F855328D700A7094F8C8
:107810009434012B0BD00123206884F8943401F0B8
:1078200015F8284684F8945438BD0120FCE702205E
:10783000FAE701F00F03242253430A064CBF03F179
:10784000140103F515710144006800F06DBE0000DD
:107850002DE9F04F066889B00446304601F09BF8E8
:107860000390002840F06E81206801F066F800283F
:1078700000F06881D6F8083806F500652068C3F383
:107880000D23C4F8D43401F058F88707236803D5D2
:107890005A6902F002025A61184601F04EF8C00619
:1078A0002DD52268936923F010039361D6F82080C8
:1078B00008F4F01308F00F07B3F5802F40F045816E
:1078C00047F6F07318EA030F14D02423C8F30A19FB
:1078D000304603FB07474A46D7F8601200F06AFFBC
:1078E000D7F860324B44C7F86032D7F868324B445F
:1078F000C7F868322268936943F0100393612068E7
:1079000001F01BF8010300F13381206801F015F844
:1079100042030CD5274606F5106B4FF0000A20688D
:1079200001F017F80490049B002B40F0EB812068D5
:1079300001F003F8002813DA6B6823F001036B6091
:1079400094F8CC34012B40F085820021204684F845
:10795000CC1400F034FB2268536903F000435361F8
:10796000206800F0EAFF03050AD5AB68DF0702D5FF
:1079700020460AF0EAFD2268536903F4006353616C
:10798000206800F0DAFF000114D523685A6902F07C
:1079900000625A6194F8CC24002A40F05F820121F1
:1079A000204684F8CC145B6DC3F38303C4F8D03451
:1079B00000F005FB206800F0C0FFC10433D56B6800
:1079C0001021206823F001036B6000F009FC20798E
:1079D00006F510634FF67F31039A904200F242821F
:1079E000EB6943F00113EB61E37B002B00F058825D
:1079F000D5F8843043F00B03C5F884306B6C43F04A
:107A00000B036B64D6F8003804F29C42206823F420
:107A1000FE63C6F80038A17900F0D0FF22685369F0
:107A200003F480535361206800F087FF820416D569
:107A3000206800F0B4FF206800F0D6FC2768E071F1
:107A4000F9F7E4FDE2790146384600F01FFB2046D5
:107A50000AF067FD2268536903F4005353612068FC
:107A600000F06BFF030707D520460AF056FD226899
:107A7000536903F008035361206800F05EFF0706B6
:107A800000F11982206800F058FFC0020CD5A04612
:107A900006F5126901272379BB4200F2258222688C
:107AA000536903F480135361206800F046FF81029C
:107AB0002BD594F804E0234606F532614FF0010C13
:107AC000E6451DD993F87C720868012F40F02282A8
:107AD000002880F21F82D4F8D42482EA1040C20722
:107AE00000F1188283F87B72B06940F08000B061C9
:107AF0007069000600F10E826B6843F400736B60DE
:107B00002268536903F400135361206800F015FFE5
:107B1000410007D520460AF028FD2268536903F08A
:107B200080435361206800F008FF42070AD52368AC
:107B30005D686B0702D520460AF01BFD226853687A
:107B40002B43536009B0BDE8F08FB3F5402F7FF4AD
:107B5000D1AE082204F29C413046C8F30A1800F066
:107B600029FE242303FB0747D7F868324344BFE6C6
:107B700006F53068A2460027206800F0E2FE049077
:107B8000049B002B3FF4C1AE049BDB0779D55FFA61
:107B900087FB2068594600F0E4FE10F0010F814693
:107BA0001FD001232068C8F8083000F5306394F82E
:107BB00006C003EB4713016CBCF1010F9A6840F05B
:107BC0008B8012F0080F07D0B348814209D9120404
:107BD00007D54FF4004203E012F0200F5AD02022C4
:107BE0009A6019F0080F21D00823AB49C8F8083073
:107BF00023681A6C03F530638A4203EB47139868D5
:107C000004D9000402D54FF4004098602046059244
:107C10000AF06CFC059AA0498A4207D9A17901298A
:107C200004D104F29C42206800F0C8FE19F0100F45
:107C300002D01023C8F8083019F0020F14D073696D
:107C4000190603D56B6843F480636B609AF857326A
:107C5000012B06D10023594620468AF857320AF0F4
:107C60007CFC0223C8F8083019F0200F02D0202332
:107C7000C8F8083019F4005F03D04FF40053C8F877
:107C80000830049B013708F120080AF1240A5B0838
:107C9000049375E7DFF800C2614501D9120498D456
:107CA0001A69DAF87432C2F312029B1ACAF86832FF
:107CB0006FB9D4F864222AB904F29C42012100F081
:107CC0007DFE04E0D4F860221A44C4F860225946CC
:107CD00020460AF011FC84E7DFF8C0C1614507D1F6
:107CE00011043FF576AF9206F1D520229A60EEE7B7
:107CF000002FECD1D4F86432002BE8D104F29C427E
:107D00003946DCE7049BDA0740F19B805FFA8AF38F
:107D100020681946079300F02DFE10F0010F8046F1
:107D200020D001210AF00F026B6B01FA02F223EA64
:107D300002036B63CBF80810A17901290DD1D7E9B3
:107D4000072313443B62BAF1000F06D1636A23B9DB
:107D500004F29C42206800F031FE5FFA8AF120466E
:107D60000AF0D3FB18F0080F02D00823CBF8083034
:107D700018F0100F02D01023CBF8083018F0400F85
:107D800002D04023CBF8083018F0020F10D0514633
:107D9000304600F025FAFB7D012B06D100235FFA67
:107DA0008AF12046FB750AF0DCFB0223CBF8083091
:107DB00018F0800F45D0D7E909329A4241D8A3EB99
:107DC0000208FB6921689845059128BF984601F58E
:107DD000106308F1030803EB4A134FEA980806936F
:107DE000069B996989B24145D7E9093227D3934265
:107DF0000BD8059B0AF00F000121D3F834288140ED
:107E000022EA0102C3F834281BE0A3EB0209FB6954
:107E1000079A9945059828BF9946A37900931FFAB8
:107E200089F3396A09F1030800F0C0FB3B6A4FEAA5
:107E300098084B443B62BB6A4B44BB62D0E7934219
:107E4000D7D9049B0AF1010A24370BF1200B5B08F8
:107E5000049368E520460AF07CFB7CE520460AF0A6
:107E600074FBA7E59960203353F8202C22F400120C
:107E700043F8202CC3F8E811D3F8E02122F40012D3
:107E8000C3F8E021D3F8E02142F00062C3F8E0211A
:107E9000039A013203929FE50A30544F0A31544F3E
:107EA0006B6943F4005343F02B036B612B6943F080
:107EB0000B032B61A6E5B369012704F257284FF0A5
:107EC000240923F08003B3612379BB427FF6DAAD46
:107ED00009FB07F318F80330012B03D1F9B2204650
:107EE000FFF7A7FC0137EFE798F83C30D9F80020FE
:107EF000012B09D1002A07DA67F07F01204688F8B4
:107F00003B30C9B2FFF795FC013708F1240809F1AD
:107F10002009C0E50CF1010C24332031D0E500BF6D
:107F200010B590F894340446012B10D0012380F84A
:107F300094340B06006807D501F00F0100F050F9EA
:107F4000002084F8940410BD00F06DF9F8E70220D9
:107F5000F9E700681204436A70B519B913438362E4
:107F6000002070BD846A4E1E03EB14430024A64219
:107F700005D83F31134300EB81004360F0E704F183
:107F80004005013400EB85056D6803EB1543EEE712
:107F90000368002059627047012102680346C0F857
:107FA000D814002083F8CC04936943F000639361F4
:107FB000536D43F0805343F003035365704770479C
:107FC00082B0002302460193019B01330193019B80
:107FD000B3F1706F1AD81369002BF5DA0A230193F5
:107FE000019B83B9136943F001031361019B0133C2
:107FF0000193019BB3F1706F08D8106910F0010074
:10800000F4D102B07047019B013BE8E70320F8E799
:1080100084B038B505AD044685E80E009DF81930EA
:10802000012B28D1836B23F480338363C36823F44B
:10803000840323F04003C360C36823F44013C36088
:108040009DF82030012B03D1C36843F48013C36033
:108050002046FFF7B5FF9DF81630012B07D1A36826
:1080600043F00603A360A36843F02003A360BDE8C8
:10807000384004B07047C36843F04003C360FFF763
:108080009FFFA36B43F48033A363E4E7022A4AD142
:10809000274B284A0B44934239D9274B274A0B4494
:1080A000934236D9A1F57403254AA3F510539342A0
:1080B00031D9A1F18373234AA3F5E74393422CD32B
:1080C000214B224A0B44934229D9214B214A0B448C
:1080D000934226D3204B214A0B44934223D3A1F150
:1080E000B7731F4AA3F5585393421ED31D4B1E4A24
:1080F0000B4493422CBF06230723C26822F470521C
:10810000C260C26842EA8323C360002070470F2325
:10811000F3E70E23F1E70D23EFE70C23EDE70B2345
:10812000EBE70A23E9E70923E7E70823E5E700BFD0
:10813000405327FFFF340C00401E1BFF3F420F003F
:108140007F4F120020D6130060B6E5FE5FE31600F5
:1081500000D3CEFE40771B00C05BB3FEC091210070
:1081600020753800E05459FEE09C4100836843F0DC
:108170000103836000207047836823F0010383605C
:108180000020704738B5C368012905460C4623F026
:10819000C043C36013D1C368002443F00053C360DD
:1081A0000A200A34FAF706FB6B69D90702D4C82CF7
:1081B000F6D1C824A4F1C8035842584138BD69B962
:1081C000C36843F08043C3600A200A34FAF7F2FA26
:1081D0006B69DA07EED5C82CF6D1EAE70120EDE7A6
:1081E00082B0002302460193019B01330193019B5E
:1081F000B3F1706F15D81369002BF5DA89010023EC
:1082000041F0200101931161019B01330193019B16
:10821000B3F1706F05D8106910F02000F4D102B0EE
:1082200070470320FBE782B0002302460193019BC5
:1082300001330193019BB3F1706F13D81369002BC5
:10824000F5DA0023019310231361019B013301939D
:10825000019BB3F1706F05D8106910F01000F4D1D4
:1082600002B070470320FBE7D0F800381943C0F88C
:10827000001800207047000084B02DE9F843044640
:1082800009A880E80E0000239DF824609DF82E5078
:10829000194603F14002013304EB82020F2B5160B7
:1082A000F7D104F50067002D6CD17B6843F0020321
:1082B0007B60A36B23F40013A363236843F04003A4
:1082C0002360236843F0800323600023C4F8003E4A
:1082D0009DF82930012B5CD19DF82710002956D13B
:1082E00020464FF67F38FFF7BFFF10212046FFF7EB
:1082F00077FF01462046FFF796FF0843002304F569
:108300001062C0B24FF0904C19464FF0006E00382A
:108310003B617B6118BF0120FB619E423BD800227C
:1083200004F530634FF0904C4FF0006E11464FF65D
:108330007F38964242D83B6923F480733B61002327
:10834000A3616FF0804363619DF826301BB9A36978
:1083500043F01003A361A269224B1343A3619DF86C
:108360002A301BB1A36943F00803A361012D05D195
:10837000A36943F0804343F00403A361BDE8F843DD
:1083800004B07047A36B43F40013A3639DE7194641
:10839000A6E70321A4E7D2F80090B9F1000F0BDAA9
:1083A0003BB9C2F800E011610133C2F80880203205
:1083B000B3E7C2F800C0F6E71160F4E7D3F8009025
:1083C000B9F1000F0BDA3AB9C3F800E019610132D4
:1083D000C3F808802033ACE7C3F800C0F6E71960A3
:1083E000F4E700BF00383C80D0F8083813F00600EE
:1083F00004D013F0020F14BF02200F20704730B5D5
:108400000C78012200F5006304F00F0500EB441026
:10841000AA404D78012D19D1DD692A43DA61D0F8DF
:1084200000391A0410D48A68D0F80059C2F30A033C
:108430000A792B4343EA824343EA845343F080534F
:1084400043F40043C0F80039002030BDDC6944EA41
:108450000242DA61D0F8003B1B04F5D48B68D0F8F7
:10846000002BC3F30A0313430A7943EA824343F020
:10847000805343F40043C0F8003BE5E710B50A78A9
:10848000497800EB421300F50060012902F00F0269
:1084900022D1D3F8001900290BDAD3F8001941F0E2
:1084A0000061C3F80019D3F8001941F08041C3F806
:1084B00000190121C46B01FA02F224EA0204C46328
:1084C000C16921EA0202C261154AD3F800190A40C3
:1084D000C3F80029002010BDD3F8001B00290BDAD7
:1084E000D3F8001B41F00061C3F8001BD3F8001B58
:1084F00041F08041C3F8001B4FF48031C46B01FA96
:1085000002F224EA0204C463C16921EA0202C261E0
:10851000044AD3F8001B0A40C3F8002BDAE700BF77
:10852000007833EC0078F3EF002382B04A780193AF
:10853000012A0B784FEA43131ED100F51060C25890
:10854000C118002A02DB002002B07047C25842F076
:108550000062C250C25842F08042C25042F21072D1
:10856000019B01330193019B934201D90120EBE769
:108570000B68002BF4DBE6E700F53060C258C11849
:10858000002AE0DAC25842F00062C250C25842F0FB
:108590008042C25042F21072019B01330193019B51
:1085A0009342E3D80B68002BF6DBCCE710B59DF8BF
:1085B000084044B9033301329B0800EB023001EB61
:1085C0008303994201D1002010BD51F8042B0260B1
:1085D000F7E700002DE9F7434B78174691F800E0E4
:1085E000012B0A6900EB4E1591F804C06E4B6F4CDD
:1085F00040F08E8005F5106642BB3269134033614E
:10860000336943F400233361336923403361012F1D
:1086100053D1CB6903B17361BCF1010F0CD1D0F818
:10862000083813F4807FD5F800390CBF43F00053AD
:1086300043F08053C5F80039D5F8003943F00443BE
:10864000C5F80039002003B0BDE8F083D6F81080EB
:1086500008EA040434613469234033618B68BEF155
:10866000000F0DD193423CBF1A460B61336943F4AE
:10867000002333613369C2F312041C433461C6E73B
:108680009C18D6F81080BCF1010F04F1FF34B4FB44
:10869000F3F4474B1FFA84F903EAC44444EA08049C
:1086A0003461E7D1336923F0C04333614FEA497342
:1086B000346903F0C0432343DBE7D5F80039BCF14C
:1086C000010F43F00443C5F800390B690CD0002BAF
:1086D000B8D00EF00F0E0123D0F8342803FA0EF3B1
:1086E0001343C0F83438ADE7D0F808289BB212F431
:1086F000807FD5F800290CBF42F0005242F0805232
:10870000C5F8002972460097C968FFF74FFF99E73F
:10871000D5F8108B05F5306608EA04043461346935
:10872000234033618B68BEF1000F27D102B10B618A
:108730000B623269C3F3120313433361336943F4A9
:108740000023012F336102D1CB6803B17361BCF107
:10875000010F0CD1D0F8083813F4807FD5F8003B16
:108760000CBF43F0005343F08053C5F8003BD5F8ED
:10877000003B43F00443C5F8003B63E7002AD8D030
:108780009C180B4AD6F810E0013CB4FBF3F4A4B2F9
:1087900002EAC442634342EA0E020B62C3F31203CD
:1087A000326132691343CCE7FFFF07E00000F8FFB6
:1087B0000000F81F70B50023940800F5805502F002
:1087C0000302A34204D301EB840132B9084670BD11
:1087D0002E6841F823600133F3E700F58050002351
:1087E0000468D80024FA00F05854013398B2824249
:1087F000F7D15018EBE74A780B78012A00EB4310C9
:1088000012D1D0F80029002A06DB2BB1D0F80039AC
:1088100023F08043C0F80039D0F8003943F4001346
:10882000C0F8003900207047D0F8002B002A06DB82
:108830002BB1D0F8003B23F08043C0F8003BD0F8C8
:10884000003B43F40013C0F8003BEBE70B784A7899
:1088500000EB43100B79012AA3F10203DBB20FD125
:10886000D0F80029012B22F40012C0F8002905D805
:10887000D0F8003943F08053C0F800390020704729
:10888000D0F8002B012B22F40012C0F8002BF5D8F1
:10889000D0F8003B43F08053C0F8003BEEE710B542
:1088A00000F51063044600F52E614FF67F329A60A2
:1088B0002033C3F8E8218B42F9D100222046C4F8C6
:1088C0001028C4F81428C4F81C28FFF7ACFC08B121
:1088D000032010BD10212046FFF782FC0028F8D0AD
:1088E000F6E7D0F80038090123F4FE6301F4FE61D5
:1088F000C0F80038D0F800381943C0F8001800203C
:108900007047D0F8003E23F00303C0F8003ED0F8D3
:10891000043823F00203C0F8043800207047D0F870
:10892000003E23F00303C0F8003ED0F8043843F0C3
:108930000203C0F804380020704742698069104083
:108940007047D0F8183800F50060C0691840000C76
:108950007047D0F8183800F50060C069184080B240
:10896000704700EB411100F50060D1F8082B406919
:1089700010407047D0F81028D0F8343800EB411080
:1089800001F00F0100F51060CB408068DB01DBB225
:10899000134318407047406900F001007047D0F859
:1089A00000396FF30A03C0F80039D0F8043843F4F3
:1089B0008073C0F8043800207047000030B5056CA3
:1089C00000F530630F4CA54203D9D0F8004B002CC2
:1089D00016DB002401291C611C6944F400241C617D
:1089E0001C6944F018041C611C6944F0C0441C61FB
:1089F00006D15A61D0F8003B43F08023C0F8003B19
:108A0000002030BD0A30544F00F108034FF0FF3210
:108A100043600361C0E90223002303607047002321
:108A20000361704743689A684B608A60516099603F
:108A30000368086101330360704730B50C68631C3C
:108A40000AD103695A684A6091608B605960036873
:108A500008610133036030BD00F10802134652681B
:108A60001568A542FAD9EDE70369D0E901128A60D9
:108A700051605968814208BF5A60002202611A6839
:108A8000013A1A601868704710B5044601F082FE7A
:108A9000A46B01F0A3FEB4FA84F0400910BD70B5D8
:108AA0001646026C0446856B42B906689EB980681A
:108AB00001F0A4F9A6600135A56370BD6EB94068E8
:108AC00020F0F9FA6368226C1344A2689342636051
:108AD00024BF236863600020EDE7C06820F0EBFA54
:108AE000226CE36851429B1A22689342E3603EBFC6
:108AF000A3685B18E360022EEDD10DB1013DEAE7FA
:108B00002846D8E7034608461A6C10B45AB1DC6808
:108B1000A1189C68A142D9605DF8044B24BF196874
:108B2000D96020F0C8BA5DF8044B704770B50446B0
:108B300001F030FE94F8455004F124066DB2002D8A
:108B400001DD636AB3B9FF2304F1100684F84530F0
:108B500001F044FE01F01EFE94F844506DB2002D69
:108B600001DD23697BB9FF2384F84430BDE8704000
:108B700001F034BE304601F047F808B101F0D4F8F6
:108B8000013D6DB2DBE7304601F03EF808B101F07F
:108B9000CBF8013D6DB2E2E738B50D46044650B959
:108BA0004FF0500372B683F31188BFF36F8FBFF39A
:108BB0004F8F62B6FEE701F0EDFD2268D4E90F3178
:108BC00062604B43D0185B1AA0601A440020FF2358
:108BD000E260A06384F8443084F84530A5B9236985
:108BE00073B104F1100001F00FF848B14FF0E02329
:108BF0004FF08052C3F8042DBFF34F8FBFF36F8F38
:108C000001F0ECFD012038BD04F11000FFF7FCFE7F
:108C100004F12400FFF7F8FEF2E737B50D461C46D5
:108C200053B94FF0500372B683F31188BFF36F8FBF
:108C3000BFF34F8F62B6FEE75AB1B1B94FF05003A0
:108C400072B683F31188BFF36F8FBFF34F8F62B695
:108C5000FEE751B14FF0500372B683F31188BFF3B2
:108C60006F8FBFF34F8F62B6FEE748230193019BDE
:108C7000482B0AD04FF0500372B683F31188BFF32C
:108C80006F8FBFF34F8F62B6FEE70121002D08BF43
:108C90002246019B84F846102260C4E90F05204655
:108CA000FFF77AFF204603B030BD50B94FF05003B4
:108CB00072B683F31188BFF36F8FBFF34F8F62B625
:108CC000FEE7FFF7AABF70B50D46064650B94FF054
:108CD000500372B683F31188BFF36F8FBFF34F8FCA
:108CE00062B6FEE74843483001F00EFC044660B12E
:108CF000002380F8463055B100F148030121204699
:108D00002360C4E90F65FFF747FF204670BD0346A7
:108D1000F4E713B513460C4650B94FF0500372B642
:108D200083F31188BFF36F8FBFF34F8F62B6FEE7F7
:108D300088420AD24FF0500372B683F31188BFF312
:108D40006F8FBFF34F8F62B6FEE7022200920022C0
:108D50001146FFF7AAFF846302B010BD10B50C46A0
:108D600050B94FF0500372B683F31188BFF36F8F81
:108D7000BFF34F8F62B6FEE788420AD24FF050032E
:108D800072B683F31188BFF36F8FBFF34F8F62B654
:108D9000FEE702220021FFF796FF00B1846310BDB9
:108DA0002DE9FF410F461E460446019250B94FF08F
:108DB000500372B683F31188BFF36F8FBFF34F8FE9
:108DC00062B6FEE761B9036C53B14FF0500372B65F
:108DD00083F31188BFF36F8FBFF34F8F62B6FEE747
:108DE000022E0DD1E36B012B0AD04FF0500372B667
:108DF00083F31188BFF36F8FBFF34F8F62B6FEE727
:108E000000F09EFF054660B9019B5BB14FF0500337
:108E100072B683F31188BFF36F8FBFF34F8F62B6C3
:108E2000FEE700254FF0000839E0022E3DD0019BFF
:108E30001BB901F0D3FC002050E015B902A800F0E6
:108E400027FF01F0CBFC00F02BFD01F0A3FC94F810
:108E50004430FF2B01D184F8448094F84530FF2B37
:108E600001D184F8458001F0B9FC01A902A800F005
:108E70001BFF002848D101F08DFCA26BE36B9A42E6
:108E80002FD101F0ABFC019904F1100000F0A0FE1D
:108E90002046FFF74BFE00F0ADFD50B3012501F079
:108EA00079FCA26BE36B9A42BFD232463946204628
:108EB000FFF7F5FD636A1BB104F1240000F0A4FE86
:108EC00048B14FF0E0234FF08052C3F8042DBFF3B8
:108ED0004F8FBFF36F8F01F081FC012004B0BDE81C
:108EE000F08101F07BFC2046FFF720FE00F082FDC0
:108EF000D4E74FF0E0234FF08052C3F8042DBFF3C6
:108F00004F8FBFF36F8FC9E72046FFF70FFE00F0CA
:108F100071FD90E72DE9F843894617461E46044641
:108F200050B94FF0500372B683F31188BFF36F8FBF
:108F3000BFF34F8F62B6FEE761B9036C53B14FF0D8
:108F4000500372B683F31188BFF36F8FBFF34F8F57
:108F500062B6FEE7022E0DD1E36B012B0AD04FF073
:108F6000500372B683F31188BFF36F8FBFF34F8F37
:108F700062B6FEE701F00AFDEFF311884FF05003EF
:108F800072B683F31188BFF36F8FBFF34F8F62B652
:108F9000A26BE36B9A4201D3022E1DD194F8455087
:108FA0003246494620466DB2FFF779FD6B1C0ED163
:108FB000636A3BB104F1240000F026FE10B10FB14A
:108FC00001233B60012088F31188BDE8F883013557
:108FD0006DB284F84550F5E70020F4E770B50D4612
:108FE000044650B94FF0500372B683F31188BFF3B3
:108FF0006F8FBFF34F8F62B6FEE7036C53B14FF034
:10900000500372B683F31188BFF36F8FBFF34F8F96
:1090100062B6FEE7036863B9836853B14FF050034B
:1090200072B683F31188BFF36F8FBFF34F8F62B6B1
:10903000FEE701F0ABFCEFF311864FF0500372B680
:1090400083F31188BFF36F8FBFF34F8F62B6A26BAC
:10905000E36B934219D994F845100132FF294BB2C2
:10906000A2630DD1636A3BB104F1240000F0CCFD92
:1090700010B10DB101232B60012086F3118870BD62
:1090800001335BB284F84530F6E70020F5E72DE9BF
:10909000FF410E460446019250B94FF0500372B69C
:1090A00083F31188BFF36F8FBFF34F8F62B6FEE774
:1090B00061B9036C53B14FF0500372B683F311885A
:1090C000BFF36F8FBFF34F8F62B6FEE700F038FE3D
:1090D000054660B9019B5BB14FF0500372B683F354
:1090E0001188BFF36F8FBFF34F8F62B6FEE7002585
:1090F0004FF000083DE0019B1BB901F06FFB002021
:1091000056E015B902A800F0C3FD01F067FB00F0BE
:10911000C7FB01F03FFB94F84430FF2B01D184F8EA
:10912000448094F84530FF2B01D184F8458001F04C
:1091300055FB01A902A800F0B7FD002841D1204647
:10914000FFF7A2FCB8B3019904F1240000F040FD40
:109150002046FFF7EBFC00F04DFC48B94FF0E02350
:109160004FF08052C3F8042DBFF34F8FBFF36F8FC2
:10917000012501F00FFBA76B002FBCD0013F31464A
:109180002046FFF7BFFCA763236973B104F1100009
:1091900000F03AFD48B14FF0E0234FF08052C3F8A1
:1091A000042DBFF34F8FBFF36F8F01F017FB01202A
:1091B00004B0BDE8F0812046FFF7B8FC00F01AFCCF
:1091C000D6E72046FFF7B2FC00F014FC2046FFF77C
:1091D0005BFC0028CCD092E7F0B585B00446019145
:1091E00050B94FF0500372B683F31188BFF36F8FFD
:1091F000BFF34F8F62B6FEE7056C55B14FF05003D9
:1092000072B683F31188BFF36F8FBFF34F8F62B6CF
:10921000FEE700F095FD064660B9019B6BB14FF08B
:10922000500372B683F31188BFF36F8FBFF34F8F74
:1092300062B6FEE72E46002754E00546FBE7019B99
:109240006BB9002D00F08C804FF0500372B683F3A1
:109250001188BFF36F8FBFF34F8F62B6FEE716B969
:1092600002A800F015FD01F0B9FA00F019FB01F0B9
:1092700091FA94F84430FF2B01D184F8447094F8AB
:109280004530FF2B01D184F8457001F0A7FA01A900
:1092900002A800F009FD00284CD12046FFF7F4FB9E
:1092A000002841D023683BB901F074FAA06800F0AF
:1092B00057FD054601F092FA019904F1240000F0EF
:1092C00087FC2046FFF732FC00F094FB48B94FF0D2
:1092D000E0234FF08052C3F8042DBFF34F8FBFF34C
:1092E0006F8F012601F056FAA36B002BA7D0013B2C
:1092F000A363236813B900F02FFEA060236973B144
:1093000004F1100000F080FC48B14FF0E0234FF072
:109310008052C3F8042DBFF34F8FBFF36F8F01F05E
:109320005DFA012005B0F0BD2046FFF7FFFB00F01D
:1093300061FBD6E72046FFF7F9FB00F05BFB204618
:10934000FFF7A2FB0028CCD065B101F023FA616AD7
:1093500019B1236B1968C1F10701A06800F0A2FDE3
:1093600001F03CFA0020DDE72DE9F84389469046FC
:10937000044650B94FF0500372B683F31188BFF31F
:109380006F8FBFF34F8F62B6FEE761B9036C53B1C5
:109390004FF0500372B683F31188BFF36F8FBFF3A2
:1093A0004F8F62B6FEE701F0F1FAEFF311874FF04D
:1093B000500372B683F31188BFF36F8FBFF34F8FE3
:1093C00062B6A56B0DB394F8446049462046013D52
:1093D00076B2FFF797FBA563731C11D1236953B1D4
:1093E00004F1100000F010FC28B1B8F1000F02D019
:1093F0000123C8F80030012087F31188BDE8F88305
:10940000013676B284F84460F5E72846F4E70000B8
:109410000023094A10B552F83310DC00814206D10E
:10942000064A002142F833102244516010BD013336
:10943000082BF0D1FAE700BF4806002044060020C0
:1094400010B550B94FF0500372B683F31188BFF3D3
:109450006F8FBFF34F8F62B6FEE7FFF7D9FF90F82B
:1094600046301BB9BDE8104001F0E4B810BD000063
:109470002DE9F041044601F08DF92F4B2F4E1A686B
:109480002F4F01321A603568002D4AD134601B68B5
:10949000012B1FD1B84601354046FFF7B5FA08F158
:1094A0001408072DF7D1DFF8C080264D4046FFF79E
:1094B000ABFA2846FFF7A8FA2348FFF7A5FA234896
:1094C000FFF7A2FA2248FFF79FFA224BC3F8008069
:1094D000214B1D60214A224913680868013313603B
:1094E0000123E26A9340034314200B60211D00FB1B
:1094F0000270FFF797FA01F071F91A4B1B6873B10C
:109500003368DA6AE36A9A4209D24FF0E0234FF0F7
:109510008052C3F8042DBFF34F8FBFF36F8FBDE8A8
:10952000F081104B1B68002BD4D13368DA6AE36AF0
:109530009A42CFD83460CDE7A8060020A8070020C3
:109540001C070020F4060020D8060020C4060020D6
:10955000AC060020F0060020EC0600208C0600205F
:10956000A00600209C06002008070020F8B51A4B32
:1095700006461A4D0F461C6828680430FFF774FA37
:1095800040B92A681649D06A01220B68824023EA52
:1095900002030B60731C07D137B1296811480431ED
:1095A000BDE8F840FFF73EBAA4192B685C6007D30A
:1095B0000D4B18682968BDE8F8400431FFF73DBA43
:1095C0000A4B186829680431FFF737FA084B1A6804
:1095D000A24200D91C60F8BDA4060020A807002004
:1095E000A0060020AC060020EC060020F0060020BB
:1095F00088060020064A13681968064B19B94FF00F
:10960000FF321A6070471268D268D2685268F8E771
:10961000F00600208806002010B590F8553004466A
:109620003BB9006B01F006F82046BDE8104001F0A0
:1096300001B8012BF9D0022B0AD04FF0500372B6BB
:1096400083F31188BFF36F8FBFF34F8F62B6FEE7CE
:1096500010BD000080B5144C144F154D236883B91C
:10966000144B1B68012B09D94FF0E0234FF08052B7
:10967000C3F8042DBFF34F8FBFF36F8F03F0DCFBF4
:10968000EBE701F087F8FB68DE68301DFFF7ECF9C7
:109690002B68013B2B602368013B236001F09EF89F
:1096A0003046FFF7B9FFD9E7C0060020C406002006
:1096B000A80600201C0700202DE9F0479600074669
:1096C0000D46A52132469846043EDDE90994206BFB
:1096D0001FF03DFC236B1E4426F00706B5B36B1E3E
:1096E00004F133020F3513F8011F02F8011F09B10D
:1096F000AB42F8D1002384F84330089D4FF0000AB4
:10970000201D062DC4F848A028BF0625E562656423
:10971000C5F10705FFF783F904F11800FFF77FF99A
:10972000C4F850A04246394630462461A5616462BF
:10973000C4F84CA084F854A001F006F82060B9F1F8
:10974000000F01D0C9F80040BDE8F08784F834501C
:10975000D3E770B586B0DDE90B5455B94FF050032F
:1097600072B683F31188BFF36F8FBFF34F8F62B66A
:10977000FEE754B94FF0500372B683F31188BFF37C
:109780006F8FBFF34F8F62B6FEE758260596059E92
:10979000582E0AD04FF0500372B683F31188BFF3EE
:1097A0006F8FBFF34F8F62B6FEE725630225059EDC
:1097B00084F8555004AD029401950A9D0095FFF779
:1097C0007BFF2046FFF754FE049806B070BD2DE9DC
:1097D000F043074685B0900088461646994600F04B
:1097E00093FE054620B94FF0FF3005B0BDE8F08389
:1097F000582000F089FE044698B1002305633246E4
:10980000414680F855300D9B0290384601930C9BE1
:1098100000934B46FFF750FF2046FFF729FE01203B
:10982000E3E7284600F006FFDDE7000010B588B04A
:10983000002407AA06A905A8CDE9054403F000FB0A
:10984000059B079A0293069B10491148CDE90043F6
:109850002346FFF77EFFB8B14FF0500372B683F393
:109860001188BFF36F8FBFF34F8F62B6094B4FF074
:10987000FF321A600122084B1A60084B1C6008B0C6
:10988000BDE8104001F020B808B010BDB49F020838
:1098900055960008880600209C060020A40600209B
:1098A000024A136801331360704700BF840600202A
:1098B000014B1868704700BFA4060020424B1B688C
:1098C0002DE9F74F002B78D1404B1D6801351D6005
:1098D000CDB93F4B1A68126852B14FF0500372B6BF
:1098E00083F31188BFF36F8FBFF34F8F62B6FEE72C
:1098F000384A1968106818601160374A13680133D4
:109900001360FFF777FE354E0024354F3368DFF8DC
:10991000DC80AB420AD8DFF8B8B0DFF8D4A0DBF8BF
:1099200000301B68B3B94FF0FF333360D8F8003014
:109930001422DB6A5343FB58012B94BF204644F0AA
:109940000100284B1B68002B18BF40F0010003B03A
:10995000BDE8F08FDBF80030DB68D3F80C90D9F865
:109960000420954201D23260E0E709F10403184671
:109970000193FFF779F8D9F828201AB109F11800F6
:10998000FFF772F8D9F82C000123DAF8001003FA77
:1099900000F20A4309F10401CAF80020142202FB74
:1099A0000070FFF73FF8D8F80010D9F82C20CB6AE8
:1099B0009A4228BF44F00104B1E70B4A0020136823
:1099C00001331360BDE700BF84060020A406002019
:1099D000F0060020EC0600209006002088060020FB
:1099E0001C0700209406002098060020A8070020ED
:1099F000A00600202DE9F843324C236853B94FF0FC
:109A0000500372B683F31188BFF36F8FBFF34F8F8C
:109A100062B6FEE700F0BEFE2368013B23602468C7
:109A20002CB1002400F0DAFE2046BDE8F883264B76
:109A30001B68002BF5D0254D254EDFF8A4801FE0D4
:109A4000EB680127DC6804F1040904F11800FFF752
:109A50000BF84846FFF708F8E26A3168142007FA65
:109A600002F300FB02800B4349463360FEF7DAFF46
:109A7000184BE26A1B68DB6A9A4201D3164B1F60DF
:109A80002B68002BDCD10CB1FFF7B4FD134D2C6813
:109A900044B1114E0127FFF711FF00B13760013CBF
:109AA000F9D12C600C4B1B68002BBAD04FF0E0238F
:109AB0004FF08052C3F8042DBFF34F8FBFF36F8F69
:109AC0000124AFE784060020A8060020D806002065
:109AD000A0060020A8070020940600209806002079
:109AE0001C07002008B550B94FF0E0234FF080521A
:109AF000C3F8042DBFF34F8FBFF36F8F08BD0B4B1F
:109B0000196851B14FF0500372B683F31188BFF357
:109B10006F8FBFF34F8F62B6FEE7FFF7C1FEFFF70F
:109B200025FDFFF767FF0028DED0E7E78406002069
:109B3000224B1A68224B10B512B101221A6010BDD7
:109B4000204C1A6023681B6B1A68B2F1A53F0BD139
:109B50005A68B2F1A53F07D19A68B2F1A53F03D187
:109B6000DB68B3F1A53F04D020682168343103F0ED
:109B700064F9154B1B68B3FA83F3DBB21422134864
:109B8000C3F11F035343C258C11852B94FF05003D9
:109B900072B683F31188BFF36F8FBFF34F8F62B636
:109BA000FEE74A680833526803449A424A6008BF95
:109BB0005268D36808BF4A602360C0E7840600206B
:109BC00094060020A8070020A00600201C07002003
:109BD00010B50C4650B94FF0500372B683F311889C
:109BE000BFF36F8FBFF34F8F62B6FEE7054B196867
:109BF0001831FEF722FF20460121BDE81040FFF793
:109C0000B5BC00BFA807002038B5C368DC6854B9EC
:109C10004FF0500372B683F31188BFF36F8FBFF319
:109C20004F8F62B6FEE704F118052846FEF71CFFC9
:109C3000114B1B68DBB9251D2846FEF715FF0F49A0
:109C4000E26A012308689340034314200B6029460D
:109C50000B4B00FB0230FEF7E5FE0A4BE26A1B6885
:109C6000DB6A9A4206D90120074B186038BD2946A5
:109C70000648F0E70020F9E784060020A00600204F
:109C80001C070020A807002094060020D80600200A
:109C9000034B1B680360034B1B684360704700BFA6
:109CA00090060020A406002070B50C46054650B969
:109CB0004FF0500372B683F31188BFF36F8FBFF379
:109CC0004F8F62B6FEE751B94FF0500372B683F37F
:109CD0001188BFF36F8FBFF34F8F62B6FEE700F0BE
:109CE00059FD0F4B196823685A1C10D00D482E6877
:109CF00000686A68864201D08A420FD9881A834276
:109D00000AD95B1A284613442360FFF7C1FF0024D9
:109D100000F064FD204670BD002323600124F7E7B6
:109D2000A406002090060020014B01221A60704713
:109D300094060020014B1868704700BFA807002058
:109D4000054B1B6833B1054B1868B0FA80F0400929
:109D500040007047012070479C06002084060020C8
:109D60002DE9F0410446002834D0214DC36A2A6809
:109D7000D26A934234D28269002A04DB2A68D26A0A
:109D8000C2F10702826114261A4F626906FB03734F
:109D90009A4221D104F104084046FEF765FE164AB6
:109DA00048B9E06A4643BB592BB901211368814089
:109DB00023EA010313602B681168D86A01238340EA
:109DC000E0620B4341461360142303FB0070FEF76F
:109DD00029FE0120BDE8F0812B68DB6AE362F8E729
:109DE0002B68406CDB6A98422CBF00200120F1E711
:109DF000A80700201C070020A0060020F8B5044694
:109E000008B90020F8BD244B1B6883420AD04FF0EC
:109E1000500372B683F31188BFF36F8FBFF34F8F78
:109E200062B6FEE79B6C53B94FF0500372B683F3F2
:109E30001188BFF36F8FBFF34F8F62B6FEE7C16A21
:109E4000013B426C83649142DBD0002BD9D1061DCB
:109E5000124F3046FEF708FE114A50B9E16A14234A
:109E60004B43FB582BB9012513688D4023EA0503AA
:109E70001360636C1420C3F10701E36200FB0370FD
:109E8000A1610124116804FA03F50D433146156000
:109E9000FEF7C8FD2046B5E7A80700201C070020F4
:109EA000A0060020F8B5044600284DD0826C52B9B7
:109EB0004FF0500372B683F31188BFF36F8FBFF377
:109EC0004F8F62B6FEE7436C994238BF1946C36AAA
:109ED0008B4239D0012A37D11C4A126882420AD1FA
:109EE0004FF0500372B683F31188BFF36F8FBFF347
:109EF0004F8F62B6FEE782691425154E002AC162B3
:109F000005FB03634269A4BFC1F1070181619A4265
:109F10001AD1071D3846FEF7A7FDE46A01220D4B52
:109F2000A24030B96543715919B9196821EA020193
:109F3000196018683946024314201A6000FB046057
:109F4000BDE8F840FEF76EBDF8BD00BFA8070020D1
:109F50001C070020A0060020044B1A681AB11968DB
:109F60008A6C01328A641868704700BFA807002015
:109F700070B5174C06460D4600F00CFC23681B6DAF
:109F80008BB92368012183F8541065B12846FFF787
:109F9000EDFA4FF0E0234FF08052C3F8042DBFF3E9
:109FA0004F8FBFF36F8F00F019FC00F0F3FB2368B5
:109FB0001D6D1DB123684EB100221A652368002271
:109FC00083F8542000F00AFC284670BD6A1EF4E7AE
:109FD000A80700202DE9F041204C1E4680460F4680
:109FE000154600F0D7FB236893F85430022B16D0A7
:109FF00022680121136D23EA08031365236883F89F
:10A00000541066B13046FFF7B1FA4FF0E0234FF03D
:10A010008052C3F8042DBFF34F8FBFF36F8F00F052
:10A02000DDFB00F0B7FB15B123681B6D2B602368C7
:10A0300093F85430022B0ED122680125136D23EAC8
:10A04000070313652368002283F8542000F0C6FB41
:10A050002846BDE8F0810025F4E700BFA8070020EE
:10A06000F8B50E4617461D46044650B94FF050034A
:10A0700072B683F31188BFF36F8FBFF34F8F62B651
:10A08000FEE700F087FB0DB1236D2B6094F8545070
:10A090000223EDB284F85430042F2ED8DFE807F005
:10A0A0000603262B2900236D33432365012D42D15E
:10A0B000261D3046FEF7D8FCE36A224A14209D4054
:10A0C00011680D43314615601F4A00FB0320FEF75F
:10A0D000A9FCA36AFBB14FF0500372B683F3118859
:10A0E000BFF36F8FBFF34F8F62B6FEE7236D01336F
:10A0F000DBE7022D24D02665D8E7236D0133D5D0C8
:10A100004FF0500372B683F31188BFF36F8FBFF324
:10A110004F8F62B6FEE70D4BE26A1B68DB6A9A421C
:10A1200009D94FF0E0234FF08052C3F8042DBFF35C
:10A130004F8FBFF36F8F012400F050FB2046F8BD16
:10A140000024F9E7A00600201C070020A807002033
:10A150002DE9F843DDF820800E4617461D460446DB
:10A1600050B94FF0500372B683F31188BFF36F8F6D
:10A17000BFF34F8F62B6FEE700F008FCEFF31189E2
:10A180004FF0500372B683F31188BFF36F8FBFF3A4
:10A190004F8F62B60DB1236D2B6094F8545002239B
:10A1A000EDB284F85430042F1DD8DFE807F0060321
:10A1B000151A1800236D33432365012D43D1A36A7B
:10A1C000FBB14FF0500372B683F31188BFF36F8F6A
:10A1D000BFF34F8F62B6FEE7236D0133ECE7022D2C
:10A1E0003AD02665E9E7236D0133E6D04FF05003FE
:10A1F00072B683F31188BFF36F8FBFF34F8F62B6D0
:10A20000FEE7164B1B681BBB261D3046FEF72CFCD9
:10A21000134AE36A142011689D400D4331461560CE
:10A22000104A00FB0320FEF7FDFB0F4BE26A1B68A0
:10A23000DB6A9A4207D90123B8F1000F01D0C8F8B0
:10A2400000300A4A1360012089F31188BDE8F883C1
:10A2500004F118010648E6E70020F5E7840600202F
:10A26000A00600201C070020A8070020940600205C
:10A27000D80600202DE9F0410E46044650B94FF0B3
:10A28000500372B683F31188BFF36F8FBFF34F8F04
:10A2900062B6FEE700F07AFBEFF311874FF0500350
:10A2A00072B683F31188BFF36F8FBFF34F8F62B61F
:10A2B000022394F8542084F85430012A236DD5B237
:10A2C00003F1010323652CD1A36A53B14FF050036E
:10A2D00072B683F31188BFF36F8FBFF34F8F62B6EF
:10A2E000FEE7144B1B6803BB04F104084046FEF76D
:10A2F000BBFB114AE36A142011689D400D4341469F
:10A3000015600E4A00FB0320FEF78CFB0C4BE26A43
:10A310001B68DB6A9A4204D9012306B13360094AFB
:10A32000136087F31188BDE8F08104F11801064835
:10A33000EAE700BF84060020A00600201C070020DA
:10A34000A807002094060020D806002008B5FFF7D3
:10A350006DFA002008BD70B5054646690B4686B00B
:10A360002A69B5F90840D0E9001076B1AD6965B148
:10A37000842C14BF03340024CDE901650094FFF759
:10A38000E8F90590059806B070BD842C05AD92B231
:10A3900014BF03340024CDE90045FFF718FA012863
:10A3A000F0D00020EFE7012808B538BF0120FFF703
:10A3B00099FB002008BD002307B50193EFF3058347
:10A3C000ABB101A9FEF70AFE012802D0FF2003B0BD
:10A3D00000BD019B4BB14FF0E0234FF08052C3F81A
:10A3E000042DBFF34F8FBFF36F8F0020EFE71A46A6
:10A3F0001946FEF7D5FC0128E8D1F6E710B5EFF3D2
:10A4000005841CB9FFF71CF8204610BD8224FBE729
:10A41000034637B55D68084695B101290AD1032383
:10A420000022009311462B46FEF73FFC04462046CF
:10A4300003B030BD2A4603B0BDE83040FEF769BC2A
:10A4400001290CD103222946FEF73DFC04460028D1
:10A45000EDD02B462A462946FEF7A2FCE7E703B0DB
:10A46000BDE83040FEF77ABC002307B50193F0B198
:10A47000EFF30582B2B101AA1946FEF775FF012874
:10A4800002D0FF2003B000BD019B4BB14FF0E02391
:10A490004FF08052C3F8042DBFF34F8FBFF36F8F7F
:10A4A0000020EFE7FEF798FE0128F9D0E9E78020C9
:10A4B000E8E7FFF780BFFFF7A1BF0000104B10B522
:10A4C0001A461B688342FBD354681119884201BFA6
:10A4D0004168104609195160446801198B420CD13A
:10A4E000084909688B4203D05968214441601968C2
:10A4F0009042016018BF106010BD1946F8E700BF18
:10A50000BC070020B80700202DE9F0410446FFF702
:10A51000C7F94249424D0B680BBB424A5607424EAF
:10A520001BBFD01D02F500424FF4004320F007008E
:10A530001CBF131A02460020134432607060083BAF
:10A5400023F00703C3E90000981A0B60C2E900304A
:10A55000364B1860364B18604FF000432B602F6865
:10A56000274207D00026FFF745FA02F067FC304685
:10A57000BDE8F081002CF5D004F1080360071CBF92
:10A5800023F007030833002BECD0DFF8A480D8F8C1
:10A5900000509D42E6D3244A14686068984201D274
:10A5A0002668BEB90968A142DCD02168166811602E
:10A5B000C21A0836102A14D9E01841070DD04FF0FE
:10A5C000500372B683F31188BFF36F8FBFF34F8FC1
:10A5D00062B6FEE722463446DFE742606360FFF77B
:10A5E0006DFF626800231149AD1A174308682360A4
:10A5F00085426760C8F8005038BF0D60FFF7FAF970
:10A600007307B4D04FF0500372B683F31188BFF3D1
:10A610006F8FBFF34F8F62B6FEE700BFB807002011
:10A62000AC070020C4070020BC070020B0070020B2
:10A63000B407002010B50446002832D0194A50F85B
:10A64000043C126813420AD14FF0500372B683F3F0
:10A650001188BFF36F8FBFF34F8F62B6FEE750F8DC
:10A66000081C51B14FF0500372B683F31188BFF349
:10A670006F8FBFF34F8F62B6FEE723EA020340F805
:10A68000043CFFF70DF9084A54F8043CA4F1080013
:10A6900011680B441360FFF711FFBDE81040FFF78E
:10A6A000A9B910BDAC070020B4070020014B186801
:10A6B000704700BFB4070020014B1868704700BF07
:10A6C000B007002008480068006880F308884FF051
:10A6D000000080F3148862B661B6BFF34F8FBFF3FA
:10A6E0006F8F00DF00BF000008ED00E0DFF80C0016
:10A6F000016841F4700101607047000088ED00E0DE
:10A70000002382B001930F4B1B6801330AD04FF036
:10A71000500372B683F31188BFF36F8FBFF34F8F6F
:10A7200062B6FEE74FF0500372B683F31188BFF3B1
:10A730006F8FBFF34F8F62B6019B002BFCD002B02E
:10A74000704700BF100000204FF0807321F001011E
:10A7500040F8202C44380364034BC16383636FF0DB
:10A7600002030362704700BF01A700080000000059
:10A77000074B19680868B0E8F04F80F30988BFF309
:10A780006F8F4FF0000080F311887047AFF30080A7
:10A79000A80700204FF0500372B683F31188BFF36F
:10A7A0006F8FBFF34F8F62B60B4A13680133012BD3
:10A7B000136010D14FF0E023D3F8043DDBB253B166
:10A7C0004FF0500372B683F31188BFF36F8FBFF35E
:10A7D0004F8F62B6FEE7704710000020094A1368E9
:10A7E00053B94FF0500372B683F31188BFF36F8FE4
:10A7F000BFF34F8F62B6FEE7013B13600BB983F3E3
:10A8000011887047100000200000000000000000C8
:10A81000EFF30980BFF36F8F154B1A681EF0100F0E
:10A8200008BF20ED108A20E9F04F106009B44FF006
:10A83000500072B680F31188BFF34F8FBFF36F8F54
:10A8400062B6FFF775F94FF0000080F3118809BC7C
:10A8500019680868B0E8F04F1EF0100F08BFB0ECA0
:10A86000108A80F30988BFF36F8F7047AFF30080C1
:10A87000A807002008B54FF0500372B683F3118883
:10A88000BFF36F8FBFF34F8F62B6FFF717F828B192
:10A890004FF0E0234FF08052C3F8042D002383F3E0
:10A8A000118808BD4FF0E02200234FF47A71136144
:10A8B0009361044B1B68B3FBF1F3013B5361072326
:10A8C00013617047040000202C4B37B51A78D2B2C0
:10A8D0000192FF221A701B78294ADBB28DF80330EF
:10A8E0009DF8033003F0500313700723254A1360CB
:10A8F0009DF80300591E00060CD4032B13D04FF013
:10A90000500372B683F31188BFF36F8FBFF34F8F7D
:10A9100062B6FEE79DF8033011605B00DBB28DF894
:10A9200003300B46E4E74FF440734FF0E02400257A
:10A930001360019B114ADBB21370D4F8203D43F43D
:10A940007003C4F8203DD4F8203D43F07043C4F8B0
:10A95000203DFFF7A7FF0C4B1D60FFF7C7FED4F8A3
:10A96000343F43F04043C4F8343FFFF7ABFEFFF7FA
:10A97000DFF82846FFF7C4FE03B030BD00E400E076
:10A98000C8870020C487002010000020EFF3058353
:10A990000F2B10D9134A9B5C134A12789A420AD99A
:10A9A0004FF0500372B683F31188BFF36F8FBFF37C
:10A9B0004F8F62B6FEE74FF0E0230C4AD3F80C3D10
:10A9C000126803F4E06393420AD94FF0500372B661
:10A9D00083F31188BFF36F8FBFF34F8F62B6FEE72B
:10A9E000704700BFF0E300E0C8870020C487002064
:10A9F000034B1A1803EB80035B68107A5B681847F7
:10AA0000F4870020064B1A5C42B901221A541A1826
:10AA100003EB8003107A5B681B68184700207047BF
:10AA2000F487002030B4054C251804EB80046068DE
:10AA30008468287AA44630BC604700BFF4870020B1
:10AA400030B4054C251804EB80046068C468287A8B
:10AA5000A44630BC604700BFF4870020054B10B40B
:10AA60001C1803EB80035B68207A1B695DF8044BBC
:10AA7000184700BFF4870020006870470B0A017078
:10AA800043700B0C090E8370C1707047024400F8CC
:10AA9000011B9042FBD170471B4B0246186830B532
:10AAA00060B11468A04207D15C689068844203D109
:10AAB0009C685069844212D0002400E00124186987
:10AAC000B8B11568A84207D15D699068854203D185
:10AAD00098695269904206D03CB1002009E00022FA
:10AAE00041B1102005E00122FAE702290CBF002045
:10AAF000122030BD03EB02139889A0F580735842F1
:10AB000058410001F5E700BFCC8700201F4AF0B58F
:10AB1000136806689E4207D155688468A54203D130
:10AB200095684469A54216D01469B44215D1576995
:10AB30008568AF4211D197694569AF420DD10123B4
:10AB4000E9B902EB03118989013189B202EB0312E1
:10AB5000581C9181F0BD0023F2E70BB1A4B9012389
:10AB60001D0102EB03145651856840696560A060C1
:10AB70000020A0810029E4D04FF48071E6E702EBC9
:10AB8000031189890029F7D00020E3E7CC87002052
:10AB90000138012815D80C4A010102EB0010838905
:10ABA000B3F5807F04D1002383810023535006E056
:10ABB000002BFAD0013B9BB28381002BF5D0002003
:10ABC00070470220704700BFCC870020054B1A68F1
:10ABD000904204BF00221A601A69904204BF00220A
:10ABE0001A617047CC87002083690239023B8B428F
:10ABF00083BF4389C06A01FB0300002070470268DD
:10AC0000490AC36A52890433B1FBF2F1186830B1C2
:10AC1000814202D3091A0833F8E75868084470479C
:10AC2000036810B58BB119460A4611F8014B202C68
:10AC300009D93A2CF8D11978302906D101339A4232
:10AC400003D101320260002010BD4FF0FF30FBE75E
:10AC5000F8B5C37804460BB90020F8BD056B00F1C8
:10AC60003407012340782A463946FFF7E9FE90B9B8
:10AC7000636AE269EB1AE0709342EDD2A678012E86
:10AC8000EAD9E36939466078013E1D4401232A462A
:10AC9000FFF7D6FEF3E70120DFE7F8B50446FFF73C
:10ACA000D7FF0546002842D12378032B37D12779D7
:10ACB000012F34D104F13406552301464FF40072BC
:10ACC0003046FFF7E3FE84F83232AA234122722194
:10ACD00004F5077084F83332522384F8372084F85F
:10ACE000343084F83530612384F8181284F8363013
:10ACF00084F81B3284F8191284F81A226169FFF76C
:10AD0000BDFE216904F50870FFF7B8FE226A3B46D4
:10AD10003146013260782263FFF792FE25710022EE
:10AD200060781146FFF79AFE003818BF0120F8BD81
:10AD300001380A4411F8013B914200F8013FF9D172
:10AD40007047C2F307238A76CB760378032B01BFC3
:10AD5000120C0A75120A4A75704738B5036B04461F
:10AD60000D468B420FD0FFF773FF58B901232A46D7
:10AD700004F134016078FFF755FE10B101204FF067
:10AD8000FF35256338BD0020FCE70000002310B527
:10AD9000C3704FF0FF3304460363FFF7DEFF034643
:10ADA00018BBB4F832124AF6552291421FD194F8DA
:10ADB0003420E92A05D0626B0F4902F0FF128A4263
:10ADC00017D104F16A000D4AFFF756FE20F07F40CC
:10ADD000904208D00A4B04F18600FFF74DFEC31ADB
:10ADE00018BF01235B00184610BD0423FBE70323B3
:10ADF000F9E70223F7E700BFEB009000464154005B
:10AE0000464154330023F0B585B00B600E4615461D
:10AE1000FFF706FF013000F012818D4B1C68002CFB
:10AE200000F00F81E06801F0C9FA002800F00B8102
:10AE3000346005F0FE0523786BB16078FFF7D8FD2C
:10AE4000C60708D4002D00F0D580400740F1D2801D
:10AE50000A2005B0F0BD00202080FFF7D3FDC10718
:10AE600000F1F3800DB14207F2D400212046FFF734
:10AE70008DFF022840F0C8806F4604F5FD7304F290
:10AE80003A216A4613F8040C10B11846FFF7F4FD96
:10AE9000103342F8040B8B42F4D1002557F8046BB1
:10AEA000002E00F0A98031462046FFF76FFF0128F1
:10AEB00000F2A380B4F83F30B3F5007F40F0AA80E1
:10AEC000B4F84A1021B904F15800FFF7D5FD014646
:10AED00094F84420E161531EA270012B00F29A8085
:10AEE00094F841506581002D00F094806B1E2B4238
:10AEF00040F09080B4F845703B07278140F08A808D
:10AF0000B4F8470018B904F15400FFF7B5FDB4F8E0
:10AF10004230002B7ED001FB02FE03EB171CF444F1
:10AF2000604577D3A0EB0C00A842B0FBF5F271D3DB
:10AF30004FF6F570824271D840F6F575AA4294BF7B
:10AF4000012502250232334406EB0C00032DA261D9
:10AF500026626362E06263D1B4F85E303B4359D14C
:10AF6000920004F16000FFF787FD02F2FF12A06279
:10AF7000B1EB522F4ED34FF0FF33032DC4E904330E
:10AF80004FF0800323712BD1B4F86430012B27D10B
:10AF9000711C2046FFF7E1FE10BBB4F832224AF6DE
:10AFA000552320719A421BD12A4B04F13400FFF73C
:10AFB00063FD984214D103F1FF5304F50670FFF7C7
:10AFC0005BFD03F500532033984209D104F5077067
:10AFD000FFF752FD606104F50870FFF74DFD206139
:10AFE0001D4A20462570138801339BB2E3801380ED
:10AFF000FFF7ECFD00202CE703200135042D7FF442
:10B000004DAF042806D101E0042801D1012020E73A
:10B01000012801D90D201CE700264BE7032591E705
:10B02000002FF7D0022D03EB0E004FEA42031BBFA7
:10B030009B1802F001021A4602EB530295E70B201F
:10B0400007E70C2005E70F2003E7032001E700BF17
:10B05000F087002052526141EC87002001292DE940
:10B06000F84305460C4616466DD983698B426AD96A
:10B070000378022B3ED0032B4ED0012B63D101EB82
:10B080005107416A01EB5721FFF767FE10B101201C
:10B09000BDE8F88314F0010405F1340807F1010953
:10B0A000C7F30807F3B228461FBF18F8072002F0BD
:10B0B0000F0242EA0313DBB208F807300123696A82
:10B0C000EB7001EB5921FFF748FE0028DFD1C9F3EF
:10B0D00008023CB1C6F3071608F8026001230020FD
:10B0E000EB70D5E718F80230C6F3032623F00F0300
:10B0F0001E43F1E7416A01EB1421FFF72EFE002801
:10B10000C5D1640005F1340304F4FF741E551A1907
:10B11000C6F307265670E1E7416A01EBD411FFF749
:10B120001CFE0028B3D1A40005F1340304F4FE741E
:10B1300023441846FFF7A0FC0146184666F31B019E
:10B14000FFF79CFCCAE70220A2E7F8B500230246FD
:10B15000451E2E261C4615F8010F013420280AD062
:10B16000052808BFE520092C02BFCF1801337E72E5
:10B17000CF18013378720B2CEDD10B44002058729C
:10B1800002F11C00D37A0B72FFF776FC086002F123
:10B190001600FFF771FCC880000C8880F8BD40B134
:10B1A0000C2904D80A2904D8C06801F010B90F2965
:10B1B000FAD1704703284B8B04BF8A8A43EA0243C3
:10B1C000184670470129F8B506460C464ED98369E2
:10B1D00099424BD20378022B29D0032B34D0012B78
:10B1E00044D101EB5105416A01EB5521FFF7B5FD53
:10B1F00010B14FF0FF30F8BD6F1CC5F30805716A40
:10B200003046354401EB572195F83450FFF7A5FD42
:10B210000028EED1C7F30807374497F8343045EAE1
:10B220000320E3074CBF0009C0F30B00E3E7416ACA
:10B2300001EB1421FFF791FD0028DAD1640004F43A
:10B24000FF743444A08ED6E7416A01EBD411FFF7B6
:10B2500084FD0028CDD1A40006F1340004F4FE746E
:10B260002044FFF709FC20F07040C4E70120C2E74A
:10B27000F8B500238668044605684361B6B92B78A3
:10B28000022B01D9AB6A83B92B890BB90220F8BD17
:10B29000A86A0022C4E906200028F7D000EB562057
:10B2A0003435E06100202562F1E71E466F893246A1
:10B2B00000267F02B742114603D92846FFF794FCC7
:10B2C000E8E72068FFF77EFF431C024606D001280E
:10B2D000DCD9AB699842D9D2F61BEBE70120D6E75F
:10B2E000F8B50C46064611460568012C2BD9AB690A
:10B2F000A34228D92AB14FF0FF322846FFF7AEFE0D
:10B3000038B9214630682746FFF75CFF044608B984
:10B310000020F8BD012816D0431C16D00022394663
:10B320002846FFF79BFE0028F3D1D5E90532911E90
:10B330008B4205D201336B612B7943F001032B71F2
:10B34000A242DED8E4E70220E3E70120E1E72DE9AD
:10B35000F041804605680F4671B92E69EEB1AB69C0
:10B360009E4228BF012634460134AB69A34217D858
:10B37000012E14D1002406E02846FFF723FF012800
:10B38000044603D801242046BDE8F081431C30D098
:10B39000AB698342F7D83E46E5E70126E3E702249E
:10B3A0002146D8F80000FFF70DFF30B10128E9D0A1
:10B3B00001301ED0B442D7D1DCE74FF0FF32214636
:10B3C0002846FFF74BFE90B957B92C61D5E90532F5
:10B3D000023A934210D92B7943F001032B71D2E743
:10B3E000224639462846FFF739FE0028EDD00128CD
:10B3F000C8D14FF0FF34C6E7013B6B61EBE743690F
:10B400002DE9F04703F12008C36905468A468BB150
:10B41000B8F5001F0ED2C8F308070468002F4FD1FB
:10B4200001338169C36141B92389B3EB581F47D800
:10B430000023EB610420BDE8F087B4F80A9009F11D
:10B44000FF3919EA58293BD12046FFF7BBFE0128F6
:10B45000064601D80220EEE7421C01D10120EAE7AE
:10B46000A369834226D8BAF1000FE1D0A969284622
:10B47000FFF76DFF0646002835D00128EAD0431CAF
:10B48000ECD02046FFF7E4FB01460028E6D104F1AA
:10B4900034004FF400724FF0010AFFF7F7FA31461B
:10B4A0002046FFF7A1FB6389206399450FD3A0EBEA
:10B4B0000900206331462046AE61FFF795FBE86145
:10B4C00034340020C5F814803C442C62B3E7204695
:10B4D00084F803A0FFF7BCFB0028BFD1206B09F163
:10B4E00001090130DFE70720A5E700002DE9F84357
:10B4F000814606680C4611F8013B2F2BFAD05C2BD5
:10B50000F8D00023C9F8083023781F2B5DD909F142
:10B510002405544F0B2228462021C4F10208FFF7CE
:10B52000B5FA04F1FF3C0022082008EB0C011CF8DE
:10B53000013F202B08D92F2B01D05C2B4FD1605C11
:10B540002F284AD05C2848D00C44002A56D099F8BD
:10B5500024204846D9F80080E52A04BF052289F84E
:10B560002420202B8CBF002301239B0089F82F303F
:10B57000FFF77EFE002857D1D9F81C104046FFF790
:10B58000ECFB002847D1D9F820301A78002A4DD09A
:10B59000DA7A02F03F0289F80620D87A10F0080023
:10B5A0000CD103F10B0C294613F8012B11F801EB18
:10B5B0006345A2EB0E022CD0002AF5D000214846AC
:10B5C000FFF71DFF0028D7D025E08023484689F8E3
:10B5D0002F30BDE8F843FFF74BBE0131AFE72E2B0C
:10B5E0003BD090420AD91906DFF87CE044BF803B8B
:10B5F000FB5C1EF8011B19B18B42FAD1062013E047
:10B60000A3F1610119299CBF203BDBB2AB5401328D
:10B610008BE7002AD2D199F82F3048B1042803D102
:10B6200013F0040F08BF0520BDE8F8830420F2E7FB
:10B630005A07F9D499F80630DB060CD5D9F814303E
:10B6400006F134013078C3F308031944FFF7B2FD63
:10B65000C9F808005EE70520E6E70B28CED00822EF
:10B660000B2062E739B30208B99F020838B50446D7
:10B6700005680420E16911B9F8B9002038BD2846F1
:10B68000FFF76BFBB0B9236A1A78B2B1DB7AE52A0F
:10B6900003F03F03A37107D02E2A05D00F2B03D050
:10B6A00023F02003082BE8D100212046FFF7A7FE56
:10B6B0000028DFD00023E361E0E70420FAE770B55B
:10B6C00005460668FFF7D4FD0446A8B9E969304687
:10B6D000FFF743FB044678B92B6A1B78E52B0DD0A6
:10B6E00063B101212846FFF78AFE04460028EDD009
:10B6F000042814BF04460724204670BDE96930467B
:10B70000FFF72BFB04460028F6D120222146286AA9
:10B71000FFF7BCF90B2205F12401286AFFF708FBAB
:10B720000123F370E8E738B50D460446E8B1036835
:10B7300013B90920002419E01A78002AF9D0818869
:10B74000DA889142F5D1D86800F038FE034678B126
:10B7500023685878FFF74CF910F00100246805D0F1
:10B7600000212046FFF71BFDE3E709202C6038BDD0
:10B770000F201C46FAE70000F0B585B01646CDE96B
:10B78000001003A80391FFF74BFA01302BD0174F9D
:10B790003C6864B12046FFF719FAE06800F009FE42
:10B7A00018B90224204605B0F0BD00232370019C87
:10B7B00014B93C600024F5E700252146284601F82D
:10B7C0000C5B00F0E7FD0028EBD0012E3C60F1D1CE
:10B7D00001A92A466846FFF715FB04460146019871
:10B7E000FFF7DDFCDEE70B24DCE700BFF08700207D
:10B7F0002DE9F04F91B0914604460191002800F0E8
:10B80000FF8002F03F0803A901A84246FFF7FAFAB9
:10B81000039D0746002864D100238DF81600019986
:10B8200004A804950C93FFF761FE9DF816A00C9EEA
:10B8300058B99DF93F30002B57DB09F03E0104A8B1
:10B84000003918BF0121FFF727F919F01C0F69D043
:10B8500000284CD0042844D16A4B1A681AB11B69DD
:10B86000002B40F0C78004A8FFF729FFC8BB9DF854
:10B8700016A048F008080C9E00F0F4FD02460146B0
:10B8800006F10E00FFF7FAF8114606F11600FFF771
:10B89000F5F820233146F3722878FFF78BFC00225D
:10B8A00081462846FFF74DFA00220123327772774E
:10B8B000B277F277EB70B9F1000F40D0494604A897
:10B8C000D5F830B08DF816A00C96FFF709FD40B9F9
:10B8D00059462846FFF741FA09F1FF332B6170B34F
:10B8E00001200023074623606EE00620ADE71AF032
:10B8F000110F22D119F0040F7ED119F0080FBBD11E
:10B90000B8F1010F2B6B04A88DF816A094BF00218D
:10B9100001210C96C4E90936FFF7F8F8206188B9CF
:10B920000220DEE70028DCD11AF0100F66D119F0F2
:10B93000020FE5D01AF0010FE2D00720D1E748F05E
:10B940004008DDE728783146FFF734FCA06006F1B7
:10B950001C000021FFF790F804F13006EB884FF44B
:10B960000072E0603046E1622560A38084F81480B4
:10B9700061752162A161FFF789F818F0200F23D0CB
:10B98000D4F80C80B8F1000F1ED0B5F80A90A16869
:10B990004FEA4929C4F81880C8451DD80020E16144
:10B9A00000289ED1C8F3080373B12846FFF71CF99D
:10B9B0000028B5D000EB5822012331462262687876
:10B9C000FFF730F800288BD139462846FFF7E7FB10
:10B9D000384611B0BDE8F08F2068A8EB0908FFF7E2
:10B9E000F1FB0128014603D9431CD5D10120D6E73C
:10B9F0000220D4E7122074E7082072E7042070E7E1
:10BA00000927E5E7CC8700202DE9F04F9B4687B05A
:10BA100000238A4605A90446CBF800309046FFF77C
:10BA200082FE059D074608B9677D27B1394628463D
:10BA3000FFF7B5FB09E0237D13F00103029308D162
:10BA4000072707212846FFF7AAFB384607B0BDE8BD
:10BA5000F08FA369E668F61A04F1300346450193B6
:10BA600028BF46460EB93146E1E7A169C1F3080394
:10BA7000002B7FD1B5F80A9009F1FF3919EA512955
:10BA80001FD149B9A068012811D8022128460227F0
:10BA90006175FFF784FBD8E7E36A1BB12046FFF727
:10BAA000AEF8F0E7E1692068FFF78CFBEBE7431C99
:10BAB00006D1012128466175FFF771FB029FC4E79B
:10BAC000E061E1692846FFF78FF80028DDD0B6F580
:10BAD000007F09EB000831D36A8909EB5621730A0C
:10BAE00068789142514688BFA2EB0903424603930E
:10BAF000FEF798FF039B0028DBD194F91420002A5D
:10BB00000EDA206AA0EB0800984209D24FF40072C6
:10BB100004F130010AEB40200393FFF709F9039B7E
:10BB20004FEA4328A369C244A6EB08064344A36135
:10BB3000DBF800304344CBF8003093E7226A4245FB
:10BB400016D094F91430002B0ADA01230199687891
:10BB5000FEF776FF0028ACD1237D03F07F03237529
:10BB60000123424601996878FEF75CFF0028A0D1C6
:10BB7000C4F82080A1695046019BC1F30801C1F5BA
:10BB800000781944B04528BFB0464246FFF7D0F8C8
:10BB9000C8E72DE9F04F9A4685B00023894603A9EE
:10BBA0000446CAF800301646FFF7BDFD039D074660
:10BBB00008B9677D27B139462846FFF7F0FA07E054
:10BBC000237D9A0708D4072707212846FFF7E7FABD
:10BBD000384605B0BDE8F08FA369F34228BFDE43C5
:10BBE00004F130030093D6B1A169C1F30803002B1F
:10BBF00040F09780B5F80A8008F1FF3818EA51281C
:10BC00002BD131B9A06890B901462046FFF79FFBC0
:10BC100004E0E36A4BB12046FEF7F1FF38B9237D1B
:10BC2000002143F040032375C6E7E169EDE70128F1
:10BC300006D10221284602276175FFF7B0FAC7E74F
:10BC4000431C06D10121284601276175FFF7A7FA99
:10BC5000BEE7A368E06103B9A06094F91430002B3B
:10BC60000BDA0123226A00996878FEF7E9FE0028C2
:10BC7000E8D1237D03F07F032375E1692846FEF7B1
:10BC8000B3FF0028D5D0B6F5007F08EB000B36D304
:10BC9000698908EB5620730A5A468842687888BF3B
:10BCA000A1EB080349460193FEF7CAFE019B002859
:10BCB000C8D1216AA1EB0B0199420DD24FF4007259
:10BCC00009EB412104F130000193FFF731F8227DA7
:10BCD000019B02F07F0222754FEA4328A369C14409
:10BCE000E268A6EB08064344A3619A422CBFE260D7
:10BCF000E360DAF800304344CAF8003073E7236A9F
:10BD00005B450CD0E168A369994208D901235A46E2
:10BD100004F130016878FEF785FE002892D1C4F85E
:10BD200020B0A0694946009BC0F30800C0F5007828
:10BD30001844B04528BFB0464246FEF7F9FF237DC0
:10BD400063F07F032375C9E72DE9F34101A9054697
:10BD5000FFF7E9FC019F0446002843D12B7D13F037
:10BD600040043FD01B0614D501232A6A05F1300197
:10BD70007878FEF765FE40B1012401213846FFF7CF
:10BD80000EFA204602B0BDE8F0812B7D03F07F0360
:10BD90002B7500F067FB696A80463846FEF7DDFFC9
:10BDA0000446F8B9AE6AF37A314643F02003F372E1
:10BDB000AA682868FEF7C5FFE96806F11C00FEF7CF
:10BDC0005DFE414606F11600FEF758FE0123B474ED
:10BDD0003846F474FB70FEF760FF2B7D044623F0B9
:10BDE00040032B7521463846FFF7D9F9C9E737B527
:10BDF0000546FFF7A9FF044678B901A92846FFF7D1
:10BE000092FC044648B92869FEF7C2FE044600B910
:10BE1000286000210198FFF7C2F9204603B030BD29
:10BE20002DE9F04F85B00D46044603A9FFF77BFCD2
:10BE3000039E074608B9677D27B139463046FFF7AC
:10BE4000AEF922E0E36A002B00F082806A1C44D144
:10BE50001D46D4F808904FF0020855F804BBB9F11C
:10BE6000000F31D048464FF0000A0146019020688B
:10BE70000AF1010AFFF7A6F9012801990BD802215E
:10BE8000022730466175FFF78AF9384605B0BDE8EC
:10BE9000F08F8146E6E7431C06D101213046012799
:10BEA0006175FFF77CF9F0E701318142DDD008F1DF
:10BEB0000208C34521BF2B4643F808ABC5F80490E0
:10BEC0001D46B3698342E4D8E36AD845C3F80080CD
:10BED00000F2B48000232B60AFE7E3689D4228BFE7
:10BEE0001D46A561002DA8D005F1FF38204641462A
:10BEF000FEF785FE0146E0613046FEF775FE00283C
:10BF0000BDD0C5F30805002D97D07589013D05EA20
:10BF100058250544226AAA428FD094F9143004F1BE
:10BF20003008002B0ADA012341467078FEF788FDBD
:10BF30000028B2D1237D03F07F03237501232A4615
:10BF400041467078FEF76EFD0028A6D1256274E7A1
:10BF5000E368AB4204D2227D12F0020F08BF1D46F7
:10BF60000022A369A26185B90025E268A369934212
:10BF700084BF227DE360C3F3080384BF42F0400224
:10BF80002275002B3FF459AFC4E7B6F80A804FEA98
:10BF9000482883B1013B6A1EB3FBF8F1B2FBF8F20B
:10BFA0008A4208D3C8F10002E1691340ED1AA36187
:10BFB0000029D9D002E0A16899B1E1614545A369A2
:10BFC0001CD8A3692B44A361C5F30803002BCBD075
:10BFD0003046FEF709FE00283FF451AF00EB55252F
:10BFE000C3E72046FFF7B3F9012801463FF447AF06
:10BFF000481C3FF452AFA160E161D9E74344A5EB8F
:10C000000809A361237D9A0706D52046FFF79FF90B
:10C01000054628B90146D4E72068FFF7D3F805465E
:10C020006B1C3FF43AAF012D7FF629AFB369AB42E9
:10C030007FF625AF2946E5614D46BFE71127FCE6AF
:10C040007FB50546019100283CD0002203A901A834
:10C05000FEF7D8FE039E044668BB019928462E6071
:10C06000FFF744FA044618BB95F92F30002B07DB85
:10C07000AB79DB0622D53078296AFFF79BF8A860F8
:10C08000F3882846AB80FFF7F3F8044698B9AB680D
:10C0900063B101462846FEF739FD286180B121468B
:10C0A0003046FFF77CF8204604B070BD2861F6E703
:10C0B000042808BF052400232B60F0E70524FAE7D5
:10C0C0001224F8E70924EEE737B501A90546FFF782
:10C0D0002AFB044638B9286940B900232B600021A7
:10C0E0000198FFF75CF8204603B030BDFEF750FD25
:10C0F0000028F2D00224F2E773B50E4601A90546E6
:10C10000FFF711FB044620B928464EB9FFF7B0F8F7
:10C11000044601982146FFF742F8204602B070BD60
:10C12000FFF7A4FA10F0FB030446F2D17372EB6937
:10C130001BB13146286AFFF708F800212846FFF7AF
:10C140005EF90428044608BF0024E2E730B58FB04A
:10C150000D460022019002A901A8FEF753FE0446F5
:10C1600088B9019902A8FFF7C1F9044658B99DF9A9
:10C170003730002B0EDB35B1099B68721BB12946A5
:10C180000A98FEF7E2FF02982146FFF708F82046DA
:10C190000FB030BD0624F6E72DE9F04385B00F4619
:10C1A00016460022019003A901A8FEF72BFE039C6E
:10C1B000054638B93460D4E90538A8F10202934243
:10C1C00008D83B6020462946FEF7E9FF284605B01F
:10C1D000BDE8F0832378012B18D14FF00208064602
:10C1E00041462046FEF7EEFF431C36D0012836D0EC
:10C1F00000B9013608F10108A3694345F0D83E6053
:10C200002379666143F001032371DBE7616A03462A
:10C210000246064652B9204601F10109FEF79DFD8E
:10C22000F8B904F1340349464FF40072207802282B
:10C2300008D1188800B901360233023AB8F1010872
:10C24000E8D1DCE71846043AFEF716FC30F07040FF
:10C2500003F1040308BF0136F0E70125CFE702250B
:10C26000CDE70546CBE72DE9F0419CB002220190D5
:10C2700003A901A8FEF7C6FD039D0446A8B90199CC
:10C2800004A80495FFF732F9044670B9022104A806
:10C29000FEF702FC044640B99DF93F30002B42DB1B
:10C2A0009DF81640E20708D5072428462146FEF7E8
:10C2B00076FF20461CB0BDE8F081DDF8308028789C
:10C2C0004146049FFEF776FFE306064611D40B991C
:10C2D0003846FEF742FD04460028E6D1E52388F8FB
:10C2E00000300123FB70AEB92846FEF7D6FC0446A9
:10C2F000DBE7129010A81095FEF7BAFF044600285D
:10C30000D3D110A8FFF7B2F904460028CCD00428F6
:10C31000CBD1DCE70246314604A8FEF7E1FF044634
:10C320000028C2D1E0E70624BFE700000E4B30B57D
:10C330005C7A054604F0FF00A4B95C7A18555C7A73
:10C3400003EB840465605C7A1C4422725A7A541CA4
:10C350003032E4B25C723A230A704B702F23C870FB
:10C360008B7030BD0120FCE7F48700200022FFF72E
:10C37000DDBF000050B10378302B07D1044B5A7A4F
:10C3800022B15A6812B1002018707047012070471E
:10C39000F487002013B500230C4668460121CDE93F
:10C3A0000033FEF735F82060003818BF012002B0D6
:10C3B00010BD08B5FEF77FF8012008BD4FF47A7173
:10C3C00008B5FEF751F8B0FA80F0400908BDFEF755
:10C3D00070B8000010B50446FEF7DCF9084A2146A3
:10C3E000084813680133136063602278064B1A70A3
:10C3F00040F214621CF05FFEBDE81040FEF7EEB99B
:10C40000308E002000880020348E002000220C494D
:10C4100010B504461046FFF7AFF90948FFF7AAFF29
:10C420005CB100F0F3FB09F079FF4FF40D720021CD
:10C430000448BDE810401CF08ABD00F0EFFBF2E7B5
:10C440006C900020388E002008B503490348FFF7A0
:10C450008DFF034B187008BD6C9000201400002065
:10C46000709000200020704710B5044658B1FEF7C8
:10C4700091F9204640F2146203491CF01CFEBDE80D
:10C480001040FEF7ABB910BD0088002010B5FEF7D4
:10C4900081F9034B5C78FEF7A1F9204610BD00BF7F
:10C4A000008800200038034B18BF01201870BFF32C
:10C4B0005F8F7047158E0020014B1878704700BFC2
:10C4C000148E0020054B1B782BB9054B1878B0FA59
:10C4D00080F0400970470020704700BF158E002093
:10C4E000148E00202DE9F04F4FF00009ADF2746D6D
:10C4F0000424DFF8FCA2C8464E4640F21462002134
:10C50000B0481CF024FD09F0F7FE8346F6F74CF91D
:10C510000090AD490A789AF800309A4240D00B78E2
:10C5200003F0FF028BB302F0A3F838B114205D468C
:10C53000FDF7D8FA3746AB463E46EAE701F084F904
:10C5400005460028F2D10246A049FFF715F99F4899
:10C55000FFF710FF4FF40D7229469D481CF0F7FCC1
:10C56000012340F21462294617A805248AF80030F6
:10C570001CF0EDFC17A88DF85C40FFF72BFF142092
:10C580005D460027FDF7AEFAD5E78AF8002009F0EE
:10C59000B3FEB0FA80F004244009FFF737FFEEE75E
:10C5A0009AF80030002BC1D102F062F808B1642083
:10C5B000BDE701F049F907460028F8D109F09CFED3
:10C5C0008345054602D0F6F7EFF80090A84510D055
:10C5D000F6F7EAF8009BC01A31280AD9002D4DD190
:10C5E0007C4A0120136801331360A8460026FFF738
:10C5F0000DFF794A1378002B46D00023B8FA88F053
:10C6000013704009754A136801331360FFF7FEFE8B
:10C61000B8F1000F4BD017AC40F214620021012694
:10C6200020461CF094FC20462670FFF7D3FE3246CD
:10C6300066496748FFF7A0F80646002848D0684AD0
:10C640000020136801331360644A136801331360D8
:10C65000FFF7DCFE40F21462002120461CF077FC5C
:10C660000D2E2046267414BF042303232370FFF7E6
:10C67000B1FEFA202478FDF735FA5CE7594A00202C
:10C68000136801331360B0E7B8F1000F11D144B162
:10C6900040F21462002117A81CF059FC17A8FFF7FC
:10C6A00099FE00241420FDF71DFAA04642E74646F5
:10C6B000EDE7002EAFD0B9F1000F0DD0F6F774F80A
:10C6C000A0EB0900002809DA1420FDF70BFA31E786
:10C6D000454A1368013313604FF0000917AC40F26C
:10C6E000146200210DF1100B20461CF030FC0223D7
:10C6F00003AA594635482370FFF74EFD0646002829
:10C700009DD1039B049958899B69A1FB0021023BA1
:10C710005208A3FB003042EAC1722C495B08E26078
:10C7200043EAC0730BA8A360FFF78AFC0646002803
:10C7300085D105AB19460BA8FFF7DEFC064648BBC2
:10C740009DF81D6005AB2EB32E2EF3D093F808B0E4
:10C750001BF006020192EDD16288667801323F2E0D
:10C760006280E7D8721C0DF11D01CBF3001B6270D3
:10C77000182256430C2206F11400264420441CF0D3
:10C78000FBFB019B86F828B086F8203005AB1A68C1
:10C790007262CFE70BA8FFF797FC2674002E7FF498
:10C7A0004EAF124A2046012702241368013313605A
:10C7B000FFF710FEF5F7F8FF00F2DC591420FDF743
:10C7C00091F9B8E600880020158E00206C900020BA
:10C7D000388E0020208E0020168E0020188E00201B
:10C7E000248E00201C8E00202C8E0020288E0020FD
:10C7F000148E0020002313B50446019309F076FC43
:10C80000B0B10C4B1A689AB10B4A1470BFF35F8F2A
:10C81000186801A9FCF7E2FB019B4BB14FF0E02344
:10C820004FF08052C3F8042DBFF34F8FBFF36F8FCB
:10C8300002B010BD749000202800002038B50546D5
:10C84000084C18B103232370207838BD09F054FD3B
:10C850000028F7D009F05CFD08B90123F3E7257043
:10C86000F2E700BF2900002038B50546F5F79CFF28
:10C8700004460A48FAF770FC042801D1002003E0BE
:10C8800009F03AFD08B9032038BDF5F78DFF001B0C
:10C89000A842F8D20120FDF786FDEAE7144F0220F6
:10C8A00070B50E4688B0154648B9FFF7C7FF044675
:10C8B00040BB032E03D8DFE806F0060E171C042445
:10C8C000204608B070BD4FF47A70FFF7CDFF041E0C
:10C8D00018BF0124F4E77DB169460B48FAF79FFBC6
:10C8E00050B9069B2B60EBE735B14FF400732B80FA
:10C8F000E6E70DB10123F5E7044A0124136801338B
:10C900001360DDE70324DBE7144F0220D090002002
:10C9100010B5B0B90C4C09F0EFFC20B9032323701B
:10C920002078C0B210BD09F0F3FC40B909F036FD23
:10C9300028B1064A1368013313600123EFE700238F
:10C94000EDE70120EEE700BF29000020D090002095
:10C9500007B503230022012000931146034BFCF787
:10C96000A4F9034B186003B000BD00BF789000200D
:10C970007490002008B50C4B186840B90B4A0C485D
:10C98000136801331360FAF74DFD032008BD4FF41F
:10C99000FA61FCF721FC0128F0D1BFF35F8F054B52
:10C9A0001878C0B2F2E700BF74900020C090002059
:10C9B000144F0220280000202DE9F74F0E46914623
:10C9C0001D4600286BD1002969D0002B67D0FFF7E6
:10C9D00035FF0446002864D1DFF8E8B0DBF800300A
:10C9E0000BB9FFF7B5FF09F0AFFBB8B12E4A3146DE
:10C9F0002E481368013313604FF47A734A4600934C
:10CA00002B46F9F747FF002842D0294A0124136832
:10CA100001331360204603B0BDE8F08FAA46BAF197
:10CA2000080FD0463146234828BF4FF008084FEA88
:10CA300048273A461CF03FFBBFF35F8F0021DBF82D
:10CA40000000FCF7C9FB02231B4A1A491370434636
:10CA50004A461648FAF76CF8B8B9FFF78BFFA0B949
:10CA60004FF4FA60FFF700FF78B9144ABAEB080AEE
:10CA70003E44C144136843441360D0D109F03CFBE9
:10CA80000F4B1A6815441D60C4E709F035FBBCE77D
:10CA90004FF4FA60FFF7E8FE0028F1D0B5E7042470
:10CAA000B8E70324B6E700BFC4900020144F02206B
:10CAB000D09000200000062028000020C890002010
:10CAC000D4900020749000202DE9F04F0E4685B0E0
:10CAD00091461D4600286CD100296AD0002B68D0F1
:10CAE000FFF7ACFE0446002865D1DFF8ECB0DBF8B8
:10CAF00000300BB9FFF72CFF09F026FBB8B12F4A25
:10CB00004FF47A7731462E481368013313602B4671
:10CB10004A460097F9F7C8FD002844D0294A012465
:10CB2000136801331360204605B0BDE8F08FAA46B4
:10CB3000254FBAF1080F4FF00001DBF80000D04696
:10CB400028BF4FF00808FCF747FB02233B70BFF3F8
:10CB50005F8F1E4943464A461948F9F75DFFF8B909
:10CB6000FFF708FFE0B94FF47A70FFF77DFEB8B920
:10CB70004FEA482230461549C14403921CF09BFA03
:10CB8000039ABAEB080A1644114A13684344136027
:10CB9000CFD109F0B1FA0F4B1A6815441D60C2E7F6
:10CBA00009F0AAFABAE73846FFF75EFE0028F2D08D
:10CBB000B4E70424B7E70324B5E700BFC49000201E
:10CBC000144F0220D09000202800002000000620F2
:10CBD000CC900020D890002074900020034B83421A
:10CBE00002D10020FFF706BE704700BF144F02209D
:10CBF000FFF7F4BF034B834202D10120FFF7FABDD8
:10CC0000704700BF144F0220FFF7F4BF024B03220E
:10CC10001A70BFF35F8F704729000020024B01227A
:10CC20001A70BFF35F8F70472900002030B595B0B0
:10CC3000342200210F2507A802241CF088F91422B1
:10CC4000002102A81CF083F9F5F79AFC274B192163
:10CC500007A81A6F22F018021A671A6C42F0805265
:10CC60001A641B6C03F080530093009B204B1A68DE
:10CC700042F440421A6010221B68119403F44043AE
:10CC80000193019B4FF48033CDE907530123CDE994
:10CC90000933CDE90B234FF48003CDE90D434FF465
:10CCA000D873CDE90F130923CDE91234F4F7D4F981
:10CCB00008B172B6FEE7F5F76BFC08B172B6FEE795
:10CCC0004FF4A0524FF480530490072102A8CDE9FD
:10CCD0000523CDE90254F4F7FBFB024608B172B616
:10CCE000FEE70146F4F77CFB15B030BD003802408A
:10CCF0000070004000B5A5B08C22002101A81CF0F6
:10CD000026F9074B684600934FF4C0730593072339
:10CD10000793F4F7AFFC08B172B6FEE725B000BD8B
:10CD2000080020041FB50021102268461CF00FF9EE
:10CD3000F5F7CAFC0123374A6846ADF80030364B98
:10CD4000CDE9012340F201130393F5F7DBFC042046
:10CD5000F5F7C8FCBFF34F8FBFF36F8F2F4A002149
:10CD6000C2F85012BFF34F8FBFF36F8F536943F474
:10CD700000335361BFF34F8FBFF36F8FC2F884103E
:10CD8000BFF34F8FD2F8803043F6E074C3F3C9008D
:10CD9000C3F34E335B0103EA0406014646EA81759C
:10CDA0000139C2F86052F9D2203B13F1200FF2D1C1
:10CDB000BFF34F8F536943F480335361BFF34F8FF9
:10CDC000BFF36F8FF5F7D8FCFFF730FFFFF792FF47
:10CDD00008F036F808F046FC08F0E6F908F050F9DB
:10CDE00008F068FE08F01CFD00F03AF908F03EFB80
:10CDF00008F0E2FD07F0D2FC08B172B6FEE713F0CE
:10CE000084F913F083F9FFF71FFB00F025F8FDF715
:10CE10009DFAFEE7000006201000010300ED00E08F
:10CE20000268034B9A4201D1F5F7B2BC704700BFCC
:10CE30000010004072B6FEE7704770477047000070
:10CE4000034B0360034B0B604FF480731360704718
:10CE5000DC940020DC90002070B5494CC0B001F09B
:10CE600011FC264600F0F6FC01AD01F005FF02F0D2
:10CE700023FF03F095FD0FCE0FC596E8070085E868
:10CE80000700002101A8FDF766FA04F11C063D4BDE
:10CE900008AD18600FCE0FC596E8070085E80700BB
:10CEA000002108A8FDF757FA04F13806364B0FADFC
:10CEB00018600FCE0FC596E8070085E8070000212F
:10CEC0000FA8FDF748FA04F15406304B16AD186070
:10CED0000FCE0FC596E8070085E80700002116A8C9
:10CEE000FDF739FA04F17006294B1DAD18600FCE1D
:10CEF0000FC596E8070085E8070000211DA8FDF78B
:10CF00002AFA04F18C06234B24AD18600FCE0FC50E
:10CF100096E8070085E80700002124A8FDF71BFA22
:10CF200004F1A8061C4B2BAD18600FCE0FC596E878
:10CF3000070085E8070000212BA8FDF70CFA04F193
:10CF4000C406164B32ADE03418600FCE0FC596E81C
:10CF5000070085E80700002132A8FDF7FCF9104B17
:10CF600039AD18600FCC0FC594E8070085E80700BD
:10CF7000002139A8FDF7EFF90A4B186040B070BDE9
:10CF8000509E020854950020509500204C9500209A
:10CF900048950020449500203C95002040950020B5
:10CFA0003895002034950020034B93F841300BB99D
:10CFB00008F036BC704700BF684C02207047000084
:10CFC0007FB552BA0223ADF814203222CDE90132E6
:10CFD00005AA00920A4601460448F5F7EFFD18B18C
:10CFE000034A13680133136007B000BD684C022088
:10CFF00008AA002010B50A4686B032210223002478
:10D00000CDE9013105A9ADF8144000910146084869
:10D01000F5F7AEFE30B1074A2046136801331360BE
:10D0200006B010BDBDF8140040BA80B2F8E700BFEA
:10D03000684C022008AA002010B50446FCF780FEC8
:10D04000022808D14FF47A704443B4FBF0F0BDE8F5
:10D050001040FCF747BD2046BDE81040F5F7AABBDD
:10D0600070B50023114D124C34202B70A3689847E3
:10D07000104B80B248F6941218801B889BB29342E2
:10D0800012D1E36A34209847024668B926684FF403
:10D090007A5302213420B04730B9636A0121342029
:10D0A000984708B901232B7070BD00BF0CAA00205F
:10D0B000480300200EAA0020837842781B040078E1
:10D0C00043EA022318431B0248BF40F07F407047E9
:10D0D0008269914228BF114610B50446C16132B140
:10D0E000006A0023A0FB0101F3F724FC0246626200
:10D0F000FDF750FBE269044BDA61626ABDE810405B
:10D100005A62FDF76BBB00BF0CBB002038B504466C
:10D11000FDF740FB084A094D13680133A362136011
:10D120000FCC0FC50FCC0FC594E8070085E80700AA
:10D13000BDE83840FDF752BB54BB00200CBB0020BB
:10D14000002313B5019301AB1446FEF75DFC18B93B
:10D15000019BA34218BF092002B010BD2DE9F04F7A
:10D160008DB0844D1646DFF858A20393930305EB68
:10D170008235039A05934FF000094B6980467E4F34
:10D180000C46A3EB020B9AF8002087F80090012AC6
:10D1900040F0CA81794A1278002A00F012828A8807
:10D1A000CDF81C90BBFBF2F3B3F5007F28BF4FF422
:10D1B00000735A430293934615D007AB7049FEF7AC
:10D1C00023FC38B1169B18704FF0000B58460DB079
:10D1D000BDE8F08FA388079AB2FBF3F203FB02FBD2
:10D1E000BBFBF3F302937302AA4600260493029B4F
:10D1F0009E421AD1634B1B787BB9BBF1000F0CD058
:10D20000039B62695B44934207D35F4B1A785F4B81
:10D21000002A00F0968040221A80564B059A029E02
:10D220001A44DFF86891039208E1A38854497343D4
:10D230005A18C95C23885078022B524B41EA0021CE
:10D240001B7809B20CBFB2F902200A46002B3DD070
:10D25000ADF82010ADF82220ADF82410ADF826204E
:10D26000ADF82810ADF82A20ADF82C10ADF82E201E
:10D2700008ADD0464FF00009454FA26810213B6829
:10D2800009F101099200B5F9000003F00DFFC8F89B
:10D290000000A26810213B680435920035F9020CA9
:10D2A00003F002FF3B68C021B9F1040F03F1010351
:10D2B000C8F8040008F10808B3FBF1F201FB1233CF
:10D2C0003B60DAD101360AF1200A90E7314B1B7836
:10D2D00023B108AB304804F069FCC9E72A4B1B783E
:10D2E00023B108AB2D4804F083FEC1E72C4B1B781B
:10D2F00023B108AB2B4804F0C6FDB9E72A4B1B78D5
:10D3000023B108AB274804F095FDB1E7274B1B7804
:10D3100023B108AB234804F086FDA9E7244B1B7812
:10D3200023B108AB1F4804F077FDA1E7214B224849
:10D330001B780193214B1B78009308AB04F086F90E
:10D3400096E7194A1649127809780A4302D04FF431
:10D35000807261E7164A1549127809780A4302D0AB
:10D360004FF4847258E70B4A1278002AEFD110224A
:10D3700052E700BF0010062010B2002009BB0020B9
:10D3800010AA002007BB002000BB002012B2002022
:10D39000FCBA002005BB00203CB9002014B20020DC
:10D3A00001BB002054B6002002BB002003BB0020BC
:10D3B00004BB002006BB0020F0B9002008BB002001
:10D3C0000ABB0020AD4B1978002958D0002208ABC9
:10D3D000AB48114604F0EAFB039B08AD4FF0000A8E
:10D3E000A84F03EB4618A26810213B680AF1010A16
:10D3F0009200B5F9000003F057FEC8F80000A268DB
:10D4000010213B680435920035F9020C03F04CFE04
:10D410003B68C021BAF1040F03F10103C8F804000E
:10D4200008F10808B3FBF1F201FB12333B60DAD1DB
:10D43000B9F800300136013BA9F80030B6F5007F9D
:10D4400003D2B9F80030002BBCD1029BB5008E4A44
:10D4500033438C4F003B18BF01231370049B1E44C1
:10D460008A4B03EB4616B5F5006F06F108063FD36D
:10D47000BFF35F8F864A136801331360A6E6854BBE
:10D480001A782AB108AB0A46834804F0B1FDA3E735
:10D49000824B197829B108AB1146814804F0F3FC9E
:10D4A0009AE7804B1A782AB108AB0A467C4804F008
:10D4B000C1FC91E77C4B197829B108AB114678483B
:10D4C00004F0B1FC88E7794B1A782AB108AB0A4618
:10D4D000734804F0A1FC7FE7754B114675481B7833
:10D4E0000193754B1B78009308AB04F0AFF873E71A
:10D4F000A26810213B6800209200013503F0D4FDA2
:10D5000046F8080CA26810213B680020920003F046
:10D51000CBFD3B68C02246F8040C0133B3FBF2F1AB
:10D5200002FB11333B609EE74A88182A0CBF08268D
:10D5300004264FF48049002128464A4608911BF0F2
:10D5400006FDBBF1000F3FF43FAEA1884046B9FB9A
:10D55000F6F24A435A45134628BF5B46B3FBF1F344
:10D5600001FB03FB08AB29465A46FEF74DFA00289B
:10D570007FF428AE089B5B451EBFA288B3FBF2F385
:10D5800002FB03FBBBF1000F01D001233B709AF8B3
:10D590000030012B4ED1A6884FF0C00A394BBBFB9F
:10D5A000F6F61B68374602932B1D04935FB9029B66
:10D5B0001E44C023B6FBF3F203FB1266314B1E6020
:10D5C00056E70826B5E7013F029BA288FB187A437D
:10D5D000B3FBFAF10AFB1133618805EB0208182945
:10D5E000039323881DD140460593FFF765FD059BF6
:10D5F0008146022B1CD108F10300FFF75DFD804638
:10D60000039B4846A26803F04FFD039B45F8370093
:10D610004046A268618803F047FD049B43F8370049
:10D62000C4E7022B35F9029002D1B8F90280E7E78E
:10D63000C846E5E76388182B40D1B4F80480BBFBEB
:10D64000F8F6711E05EBC60708FB0151002E3FF4EA
:10D650000FAF0846013EFFF72FFD23880546022B3A
:10D6600002D1C81CFFF728FD25F07F4520F07F4040
:10D67000083FA1EB08013D607860E7E705BB0020AB
:10D680003CB90020FCBA002010B200200010062097
:10D6900048BB002000BB002014B2002001BB0020CA
:10D6A00054B6002002BB002003BB002004BB0020B6
:10D6B00006BB0020F0B9002008BB00202388012B06
:10D6C0007FF4D6AEA388BBFBF3F305EB430205EB77
:10D6D000830395423FF4CCAE32F9021D043B19801E
:10D6E0005980F6E70C4B0146186810B578B1142242
:10D6F0000023FBF755FB0128024608D1074B1868A9
:10D7000048B100230421BDE81040FCF7A9BC044A3D
:10D7100013680133136010BD3CBB002038BB0020F0
:10D7200044BB00200F4B10B51B78012B09D14FF4DF
:10D7300000410D4803F010FDB0FA80F46409204662
:10D7400010BD4FF4FA7007F055F940B14FF40041A5
:10D7500005480AF03FF9044607F086F9EFE701248F
:10D76000EDE700BF0ABB00200010062038B5194BBA
:10D7700004460D461B78012B0FD1022808D121B198
:10D7800003F0A6FE0024204638BD03F0ADFEF9E705
:10D790000428F7D003F00EFDF4E74FF4FA7007F019
:10D7A00029F9A8B1022C09D12DB10AF039F90446A2
:10D7B00007F05AF9E7E70AF047F9F8E7042C03D134
:10D7C00028460AF06FF9F2E702200AF051F9EEE775
:10D7D0000124D8E70ABB002038B50C460C4B0021C9
:10D7E0000546197042B10520FFF7C0FF094B1B78B1
:10D7F000012B09D103F0F6FC237823B12846FEF76C
:10D80000F6FA0023237038BD0AF048FAF4E700BFA7
:10D810000BBB00200ABB002038B5084D0446FCF7BE
:10D82000B9FF0FCD0FC40FCD0FC495E8070084E8F2
:10D830000700BDE83840FCF7D1BF00BF0CBB00209B
:10D8400008B1FFF7E9BF7047014B1878704700BF78
:10D850000BBB002008B52C22002108481BF077FBE9
:10D860001423064A122108209373054A13700022DC
:10D87000FBF729FA034B186008BD00BF0CBB002062
:10D880002A0000203CBB002010B586B00446FEF7FD
:10D8900019FEA0B103F050FA014680B97CB1112203
:10D8A0000DF105001BF053FB01230C22214602A8B9
:10D8B0008DF804301BF060FB01A8FFF713FF06B0E2
:10D8C00010BD7FB5112200210DF105001BF03FFBBB
:10D8D000022301A88DF80430FFF704FF07B000BD54
:10D8E00010B586B00446112200210DF105001BF091
:10D8F0002EFBB4F57A7F4FF0030301A828BF4FF445
:10D900007A748DF80430ADF80640FFF7EBFE06B0F0
:10D9100010BD10B586B00446112200210DF105009E
:10D920001BF015FB0423642C0DEB03008DF8043071
:10D9300028BF6424ADF80640FFF7D4FE06B010BD42
:10D940007FB5112200210DF105001BF000FB05231E
:10D9500001A88DF80430FFF7C5FE07B000BD000038
:10D960002DE9F04F4FF0000AADF5497DCDE903AA4E
:10D97000CDE90FAAADF834A0D1468DF832A05446B7
:10D980008DF833A0FCF7D6F9A64B186031A8FFF745
:10D9900043FFCDE907AA0025A34E32230EAA4FF07C
:10D9A000FF3128460E95FCF715FB3378C3B116AB53
:10D9B0001222294618461BF0CAFA3278012AD1B23F
:10D9C00032D101700C22994917A81BF0D5FA964B59
:10D9D0000022974816A91A7001230068FBF7E0F9A6
:10D9E000934B16AD002229461868FBF750FB01281F
:10D9F00022D0904B1B78002B00F0738408F07CFC45
:10DA0000002840F06E843CA822460DF13201FFF759
:10DA1000E3FE052331A88DF8C43003238DF8D430FC
:10DA20000024FFF773FBB6E73278022AD1B216BFA3
:10DA3000052201700270CAE72B780993013B042B81
:10DA4000CED8DFE813F005004A037C036B033F04E4
:10DA500022460DF132013CA80DF1C507FFF7BCFECF
:10DA6000182200211BA81BF072FA2022002134A8E2
:10DA70001BF06DFA704B31AC01261B780C2217A9F4
:10DA80003846A37326701BF077FA2046FFF73EFB5B
:10DA900008F032FC18B1694B1B78022B0FD005231C
:10DAA0004FF0000B20462370FFF730FB5F46DA464D
:10DAB000D946CDE905BBCDE903BB002490E700F0D2
:10DAC000D7FD08B10823EBE703F036F981460028BB
:10DAD000F8D101F057F9054668B108232046CB4636
:10DAE0004F462370CA46FFF711FB4C46CDE9059916
:10DAF000CDE9039974E74F4B1821514A21A81E70B4
:10DB0000504B00971BF080F9324621A93CA8FDF745
:10DB10006FFE04468346002840F03E8101461822ED
:10DB20001BA88DF832601BF012FA0C2213A93CA836
:10DB3000FFF706FB044630B15F46DA46CDE905BB88
:10DB4000CDE903BB68E004223F4913A81BF0D6F9D6
:10DB5000F8B14FF0000A0924D3465746CDF818A073
:10DB6000CDF80CA0CDE904AA0623384A31AD8DF8D2
:10DB7000C4303CA813680DF132018DF8D440013354
:10DB800013600022FFF728FE28460024FFF7BEFAA4
:10DB9000CDE104222E4915A81BF0B0F90028D8D1F8
:10DBA000A3462746A2460A94CDE90544CDE903449D
:10DBB000429B0DF1F008D8F80C200833934249D964
:10DBC000002C00F0E7800A9B002B00F0E380049B10
:10DBD000039ADB0813FB0AF39BB2934240F0DA800E
:10DBE00002FB07F3059A9A4240F0D480B7F5FA5F3A
:10DBF00004D042F611339F4240F0B180039B3CA811
:10DC0000039A0699BBFBF3F302FB03FBFEF708F94B
:10DC10000446002800F0C280132CA5D0092CA3D004
:10DC20000723A2E738BB002040BB00203CA002082D
:10DC30003CBB00200BBB00202A000020348E0020BB
:10DC400042A002086C90002048A0020844BB0020BB
:10DC50004DA002080DF14409082240464946FFF74D
:10DC60006FFA002879D1B64904224846D9F8045001
:10DC70001BF044F9D8F81860014600284CD1282D33
:10DC80002C4628BF28240F2D40F28F830DF19C09CC
:10DC9000282248461BF05BF9224649464046FFF7DA
:10DCA0004FFA002859D1BDF89C30BDF8AA40012B8D
:10DCB00019D04FF6FE72934240F07983272D40F23F
:10DCC0007683BDF8AC30152B40F27183BDF8AE30D1
:10DCD000A34240F06C8310229A492DA81BF00EF944
:10DCE000002840F06483BDF89E20511E012900F2F7
:10DCF0005E8324F00801102940F05983BDF8A83054
:10DD00009246DDE92871CDE9033405910A9B002B89
:10DD10007FF45DAF099C16E004228B4948461BF056
:10DD2000EDF870B9D8F80C3072199A4240F23B8382
:10DD3000A3EB060B0696002C7FF449AF099B0A93D0
:10DD400001E0002CE2D1711905F001053CA829443D
:10DD5000FEF766F800283FF42BAF04465CE7B7F502
:10DD60007A5F3FF44BAF45F222639F423FF446AFE8
:10DD7000B7F5FA4F3FF442AF4AF644439F423FF4AF
:10DD80003DAF4BF680339F423FF438AF6F4B9F421D
:10DD90003FF434AF1324E7E6AB46CDE6049A059B87
:10DDA0008DF8D3A08DF8D520CDE9367B002B42D05D
:10DDB0004FF47A701A462346ABFB0001F2F7BAFD26
:10DDC0009DF8D250399002F001FF0023604A614E65
:10DDD0001370614A30701370604A61481370614A71
:10DDE0001370614A1370614A1370614A1370614A7B
:10DDF0001370614A1370614A1370614A138003F013
:10DE000011FC39465F4803F0B5FE39465E4803F021
:10DE100011FF3678012E40F0E58002F02DFFA0F1D1
:10DE200008030546072B00F2CE80DFE803F0C7C7E2
:10DE3000C2BDB8B383060598C2E73946534804F01B
:10DE4000BBF8049B102B40F0C1804AF644439F422C
:10DE500004D04BF680339F4240F0B8802B1FEA1E5F
:10DE6000594259416B1F022D14BF894641F00109E7
:10DE7000D2F1000848EB0208AA1FD3F1000E4EEBC6
:10DE8000030ED2F1000CA5F109034CEB020CEA1FC2
:10DE9000DBB2D2B2012A8CBF00220122022B8CBF3E
:10DEA000002301230B93A5F10C030D3D5842EDB265
:10DEB0005841022D0A904FEA87008CBF00250125AA
:10DEC000234B1E70244E0B9B86F80090234E86F841
:10DED0000080244E3170244981F800E0234981F804
:10DEE00000C023490A70234A04991370224B0A9AEE
:10DEF0001A70224B1D7003F0ADF9002840F08580A8
:10DF00000723234A8DF8C430136801331360114B83
:10DF10001B78012B40F0C58003F064F93CA8002277
:10DF20000DF13201FFF758FC31A8FFF7EFF84FF081
:10DF3000000955E53946154804F022F881E700BF8D
:10DF40005BA00208B9B3020852A0020800770100E2
:10DF500009BB00200ABB002008BB002007BB002033
:10DF6000F0B9002006BB002005BB002004BB002048
:10DF700003BB002002BB002001BB002000BB00202F
:10DF800012B200203CB9002054B6002014B2002088
:10DF900044BB00203946B34803F0CEFF51E7394671
:10DFA000B14803F025FF4CE73946AF4803F0EEFED9
:10DFB00047E73946AC4803F0B7FE42E73946AA487E
:10DFC00003F06CFE3DE700287FF43BAF00263846A7
:10DFD000B146B0463146B646B44632463546CDE93E
:10DFE0000A666DE74FF4FA7006F004FD002887D04A
:10DFF000049B3A462946022009F08CFE00284DD1A8
:10E00000052009F06BFD06F02FFD0023974A1BA9A0
:10E010000DF1330513603CA8049AA1F800A04A80D2
:10E02000039A8F608A80059A8DF83330CA60069A09
:10E03000C1E9042B1A460095FFF790F88C4B064671
:10E040000F901A781BA90346009507923CA88DF8FB
:10E0500034200122FFF782F8854B31AD10901B78F8
:10E060008DF83530331808939DF833300BB9079A83
:10E07000D2B907222B742A707E4A0DF132013CA8D6
:10E080004FF000091368013313600122FFF7A4FB6E
:10E090002846FFF73BF8CDF81C90A1E406F0E4FC1D
:10E0A0002EE709F0FBFD39E7FFF73CFB814610B195
:10E0B00007232B70E0E701226F4B014628461A70B8
:10E0C0000E9B23F003030E9302232B70FFF700F83F
:10E0D0002846FFF71BF8099CDDE79DF8C40031AD29
:10E0E00002280DD10121FFF741FB00287FF478AC15
:10E0F000032328464FF001092B70FFF707F86FE460
:10E1000003287FF46DAC00210220FFF72FFB0028CD
:10E110007FF466AC022328462B7006E7A97831AD60
:10E12000564BA97319701CB92846FEF7EFFF57E448
:10E130000420FFF71BFB0028F6D0012450E49DF8D3
:10E140003230002B3FF44CAC002C3FF449AC9DF82E
:10E15000C43031AE023B012BEFD8BDF85A004FF46A
:10E160007A720023A0FB0B01F2F7E4FB039B002172
:10E17000B0FBF3F505205D43FFF7F8FA069B3CA8DA
:10E18000E918FDF74DFE80460346002840F08080E8
:10E19000364B18603A4B18803A4803F043FA3A4835
:10E1A00003F0CEFC304803F021FD049B1BA942463E
:10E1B0004B803CA8039BA1F800A08B80059B8F603F
:10E1C000CB60069B8DF83380C1E9043B0DF133032E
:10E1D00000932B46FEF7C2FF254B0DF133020F9043
:10E1E00093F80080431900921BA901223CA80793D1
:10E1F0008DF83480FEF7B2FF1D4B10901A78079B04
:10E200008DF83520C31808939DF83330002B3DD18D
:10E21000B8F1000F15D0FFF785FA002836D1B9F113
:10E22000000F03D001210220FFF7A0FA0E9B294620
:10E2300031A823F003030E93FEF74AFF0795FFF77B
:10E24000CFBB01220DF132013CA84446FFF7C4FACE
:10E250000423B16930463370FEF73AFF3046FEF7CB
:10E2600055FFEBE714B2002054B60020FCBA0020A2
:10E2700010B2002044BB00200BBB00202A0000206D
:10E2800012B20020F0B900203CB9002023460795C7
:10E290009DF8C42031AD042A3FF4A2AB07228DF8CB
:10E2A000D4303CA80DF132018DF8C420414A1368E6
:10E2B000013313600122FFF78FFA2846FEF726FF8D
:10E2C000FFF7FBBB3CA822460DF13201FFF784FAB1
:10E2D0004FF0000331A88DF8C430002338933A93EF
:10E2E00053E4354B1B78002B3FF455AB0FAE0025A4
:10E2F0000DF138086B1C6A1C0993D8F800301A42DB
:10E300004AD033681BA9079A3CA8A1F800A01A4478
:10E31000049B8F604B80039B07922A468B80059B52
:10E32000CB60069BC1E9043B0DF133030093089BCE
:10E33000FEF714FF214B0DAA30601B780799AB54F0
:10E3400031AD089B034428460893FEF7C1FE9DF8B3
:10E3500033300DAA7BB107222B740DF132013CA89A
:10E360002A70144A1368013313602246FFF734FA07
:10E370002846FFF755BB1378527813430CD10DF1A3
:10E3800032013CA82246FFF727FA0423A969284650
:10E390002B70FEF79DFEEBE7099B04360125022B4F
:10E3A0003FF4F9AAA6E7AB46C4E40920D5E413205C
:10E3B000D3E400BF44BB00200BBB002010B2002000
:10E3C0001FB502F015FD034620B105B05DF804EB62
:10E3D00002F014BD0D4903900A6801320A600C4A2C
:10E3E000106888B103AA009201221146FBF7B0FE23
:10E3F000039B4BB14FF0E0234FF08052C3F8042D44
:10E40000BFF34F8FBFF36F8F05B000BD50BB00202F
:10E4100038BB00201FB502F0EBFC034620B105B06D
:10E420005DF804EB02F0EDBC0D4903900A6801327F
:10E430000A600C4A106888B103AA022100920122E6
:10E44000FBF786FE039B4BB14FF0E0234FF0805269
:10E45000C3F8042DBFF34F8FBFF36F8F05B000BD1E
:10E460004CBB002038BB002008B502F05FFC18B19F
:10E47000BDE8084002F0C8BC024A136801331360CB
:10E4800008BD00BF44BB002038B5094D0446FCF769
:10E4900081F96B68013363600FCC0FC50FCC0FC5DA
:10E4A00094E8030085E80300BDE83840FCF796B91E
:10E4B0005CBB00202F4BF7B500241B780646019467
:10E4C000002B4CD02C4B1868002848D02B4D032330
:10E4D0002B492A788DF8003001EB4601D2B2294B46
:10E4E00003EBC2238DF801209E1E03F2FE77B1F9E3
:10E4F0000230083131F9082C1A4431F9043C1A442D
:10E5000031F9023C1A44002A1346B8BFD31C033227
:10E510004FEAA30326F8023F9BB2BCBF5B429BB20B
:10E520009C4238BF1C46B742E1D101AA002369468C
:10E53000FAF7F0FC0128144A13D12B7894820133A6
:10E5400003F007032B70019B4BB14FF0E0234FF01A
:10E550008052C3F8042DBFF34F8FBFF36F8F03B00A
:10E56000F0BD136901331361084A13680133136066
:10E57000E9E700BF59BB002084BB002058BB002046
:10E5800088FB002088BB00205CBB00208C3B012066
:10E5900007B50A4A00238DF8040010688DF805308D
:10E5A00048B1142201A9FAF7FBFB012803D0044A61
:10E5B00013680133136003B000BD00BF84BB0020AB
:10E5C0008C3B012038B5084D0446FCF7E3F80FCD2D
:10E5D0000FC40FCD0FC495E8030084E80300BDE825
:10E5E0003840FCF7FBB800BF5CBB002038B51C22EC
:10E5F00004460D46103000211AF0A9FC174B84F890
:10E6000028501B68236005F124031A0A23716271E4
:10E610001A0C1B0EA271124AE3711368A3605368AF
:10E620000122E360102322752374A275802284F8EE
:10E6300022300C4B22763E221B6862767D2263627A
:10E640002B0A6277022284F829302B0C2D0E84F8D5
:10E65000202084F82A3084F82B5038BD48A00208C6
:10E6600057A0020852A0020808B1FFF7ABBF7047DD
:10E67000034B1878013802288CBF00200120704716
:10E680005CBB002008B50A4B2822002118461AF06E
:10E690005EFC084A02211288C282074A127802767A
:10E6A00000220C20FAF70FFB044B186008BD00BFD6
:10E6B0005CBB00200EAA00200CAA002084BB002016
:10E6C00008B5FFF7D5FF38B9FDF7FCFE20B10120F2
:10E6D000BDE80840FFF75CBF08BD08B5FFF7C8FFFD
:10E6E00020B10220BDE80840FFF752BF08BD00007E
:10E6F000054B1B7833B1054A0020136801331360C2
:10E70000FFF7D8BE00F068BB59BB0020983B012042
:10E71000064B1B783BB1064A4FF480501368013317
:10E720001360FFF7C7BE00F0C7BB00BF59BB002096
:10E73000943B0120054B1A7832B100221A70044A2A
:10E74000136801331360704700F026BC59BB0020EA
:10E750008C3B01202DE9F04FADF6DC0D4FF00008A9
:10E76000DFF8F89210AC45462046FFF72BFF99F8EA
:10E77000003002AFEBB199F80030012B18BF022333
:10E780003B7000237B7089F800303E78012E40F00A
:10E79000CB80002DEBD1FFF757F810B902F0CCFA7F
:10E7A000C8B1062323702046FFF76EFEDFE7002581
:10E7B000DDE79B4B642239461868FAF768FC0128AC
:10E7C000E3D0002DF3D007F097FD002840F0B4808F
:10E7D00002233B70D9E700F0D5FA0028E1D10DF50E
:10E7E000317A5046FDF740FE07F086FD10B19AF8E9
:10E7F00000300BB90423D5E7022B05D00523237085
:10E800009AF810306376CEE7864B2046DFF850B298
:10E810001B882670E382844B25611B78A582657670
:10E82000A5762376C4E90255FFF72EFE0DF15A0AAC
:10E8300033467E4A0D2150461AF0E6FA7C4B7D4A5B
:10E840001821CDF800A004A81AF0DEFA0AA904A83D
:10E85000FDF77CFC04280146824600F0BF8018B911
:10E8600001365E45E2D10721052361762370724AA5
:10E8700013680133136096E7524610214FF47A5023
:10E880000AF05EFB50B109F0E3FF25A8FDF7AFFAEF
:10E8900004A8FDF7E8FC06232370E8E74FF40071B5
:10E8A000664809F0C7FA0028EDD14FF400516448DA
:10E8B00009F0DCFA06460028E5D1624B0125B04696
:10E8C00018702046604B1D7002232370FFF7DCFD9B
:10E8D0003B78022B7FF44BAFF5B103232046002594
:10E8E0002370FFF7D1FD584B1D7009F00FFB09F0A5
:10E8F000AFFFA168B1A8FFF779FE294625A8FDF76B
:10E900008FFA002858D04C4A13680133136005234E
:10E91000237025A8FDF76BFA23780025052BA58227
:10E9200018BF2B4623703EE7032ED1D1002D3FF4B4
:10E930003EAF2378022B01D0012518E7787803AE8B
:10E9400042494FF40062334601EBC02125A8FDF790
:10E9500020F918B9039BB3F5006F0CD0364A052394
:10E96000607620462370136801331360FFF78CFD37
:10E9700002233B70ACE7364A1368013313604FF44F
:10E98000FA42A36803F50063B3FBF2F2E260314A96
:10E99000A360A3EB0803918A1269A18222612E4A27
:10E9A000934205D925A8FDF7CFF908B9D4F8088016
:10E9B0002046FFF769FD8BE70AAD2C22B1A925A8F7
:10E9C0002B46FDF7E6F800289DD10A9B2C2B9AD107
:10E9D00025A8FDF7B9F9002895D19AE704A90622E0
:10E9E00025A8FCF705FF014600287FF43DAF03AEE4
:10E9F0001AA8FFF7FBFD2C2233461AA925A8FDF71C
:10EA0000C8F818B9039B2C2B3FF436AF052360766A
:10EA100025A82370FDF7EBF904A8FDF724FC26E7F1
:10EA200084BB00200EAA00200CAA002060A00208CF
:10EA30006C90002042A002088C3B01200090062030
:10EA400088FB002058BB002059BB002088BB002059
:10EA5000903B01205CBB0020FF700200883B01203E
:10EA600000E1F50560B110B50446FBF793FEC8223E
:10EA7000044920461AF01FFBBDE81040FBF7AEBE6C
:10EA8000704700BFB83B012070B542F2107440F6E9
:10EA9000B833844228BF0446642C38BF64249842AB
:10EAA0002DED028B84B068D0B0F57A6F71D041F251
:10EAB000883398426FD041F2707398426DD041F61E
:10EAC000583398426BD0B0F5FA5F6AD042F22833DF
:10EAD000984268D0A4F17D03DFED348A9FED348A3B
:10EAE00001AD07EE903AB8EEE70A20EE280A80EE74
:10EAF000080A19F0FDFD07EE904AF8EEE77A30EECD
:10EB0000000A67EEA87A8DED010A87EE880A19F0EF
:10EB1000EFFD04F17D0307EE103A70EE007AB8EED7
:10EB2000C70ACDED027A20EE280A80EE080A19F015
:10EB3000DFFD30EE000A8DED030AFBF72BFE1D4AC8
:10EB400000261D4B14601D4A167095E8070083E8E7
:10EB500007001B4B1E7007F0B3F81A4B1A495A688E
:10EB60005C610132086083F825605A6004B0BDEC36
:10EB7000028BBDE87040FBF731BE002303EB43027C
:10EB8000124B01AD03EB820393E8070085E8070011
:10EB9000D3E70123F2E70223F0E70323EEE70423A0
:10EBA000ECE70523EAE70623E8E700BFDB0FC940EF
:10EBB00000803B473C0000202C0000209E3B0120B1
:10EBC0009F3B0120B83B0120A83B0120CCB30208A9
:10EBD000114A904238B5B8BF10466FF009030025BE
:10EBE00098420446A8BF1C46FBF7D4FD0B490C4ACB
:10EBF0000C4B0C8015701D7007F062F80A4B0B4926
:10EC00005A681C83013283F8255008605A60BDE8B9
:10EC10003840FBF7E3BD00BF7CFCFFFF380000205D
:10EC20009F3B01209E3B0120B83B0120A83B0120D7
:10EC300038B5FBF7AFFD00240A4B0B4D1C7007F0F5
:10EC40003FF80A4B0A4A0B4910605A6883F824407F
:10EC50000132DC612C601C620C605A60BDE83840F7
:10EC6000FBF7BCBDA03B0120AC3B0120B83B012021
:10EC7000B03B0120A43B012030B5C822002132481E
:10EC8000314C2DED048B83B01AF061F94BF68032D4
:10EC90004FF67C432D4941F28830A260238204F173
:10ECA000C60204F12603C4E90501A1F5167143F873
:10ECB000041B9342FBD1DFED267AF6EE008A254D48
:10ECC0000124B0EE678ADFED249A9FED249AE5ECEB
:10ECD000017A07EE904A0134B8EEE70A20EE290ADD
:10ECE00080EE090A19F004FDB4F5806FF0EE687A41
:10ECF000E0EE687A38EE278AE5EC017AE9D1184B24
:10ED000021461848002483ED008A18F083FCB0FAED
:10ED100080F1154D009408204909144B144A2970BC
:10ED200040F20C41F9F7C1FF12490094124B086000
:10ED300040F20C41114A0C20F9F7B7FF104B186054
:10ED400003B0BDEC048B30BDB83B0120D4FE7CFC8D
:10ED500000000000449A0120DB0FC94000C07F443E
:10ED6000409201202892012024920120D09101207C
:10ED7000287101201C9201208891012098400120D7
:10ED800018920120064B1B783BB9064B18780138C6
:10ED900001288CBF0020012070470120704700BF70
:10EDA000883C0120B83B0120044B186820B10122A7
:10EDB00000231146FBF754B9704700BF2092012091
:10EDC000044B186820B1002301220221FBF748B947
:10EDD000704700BF209201202C4A137803B9704776
:10EDE0002B4801680131F0B5002485B0016013782B
:10EDF0000394002B48D0274E3368002B44D0264F75
:10EE00003B68002B40D006F05BFF2449244D4FF4B3
:10EE100080620B682860013322480B606B600368D6
:10EE200005F10C002049AB601AF045F9234629464C
:10EE3000306803AAFAF76EF8012803D01B4A13685A
:10EE400001331360002303AA15493868FAF762F802
:10EE5000012803D0164A136801331360154B186854
:10EE600030B103AC0023012220210094FBF770F99C
:10EE7000039B4BB14FF0E0234FF08052C3F8042DB9
:10EE8000BFF34F8FBFF36F8F05B0F0BD883C0120FB
:10EE900054FA01201C92012018920120803C01208C
:10EEA0008C3C0120843C012044F2012048FA0120DE
:10EEB00044FA0120209201202C4A137803B97047AC
:10EEC0002B4801680131F0B5002485B0016013784A
:10EED0000394002B48D0274E3368002B44D0264F94
:10EEE0003B68002B40D006F0EBFE2449244D4FF444
:10EEF00080620B682860013322480B606B600368F6
:10EF000005F10C002049AB601AF0D5F823462946DC
:10EF1000306803AAF9F7FEFF012803D01B4A1368E3
:10EF200001331360002303AA15493868F9F7F2FF8B
:10EF3000012803D0164A136801331360154B186873
:10EF400030B103AC0023012220210094FBF700F92B
:10EF5000039B4BB14FF0E0234FF08052C3F8042DD8
:10EF6000BFF34F8FBFF36F8F05B0F0BD883C01201A
:10EF700050FA01201C92012018920120803C0120AF
:10EF80008C3C0120843C012044F6012048FA0120F9
:10EF900044FA012020920120124A137803B97047E5
:10EFA000114800230168013110B584B00160127866
:10EFB0000393A2B10D4A106888B103AC012210215D
:10EFC0000094FBF7C5F8039B4BB14FF0E0234FF0E3
:10EFD0008052C3F8042DBFF34F8FBFF36F8F04B07F
:10EFE00010BD00BF883C01204CFA01202092012076
:10EFF0002DE9F04FB34E30682DED028BADF22C4D64
:10F0000000284DD04FF0000A9FEDAF8A07ADDFF822
:10F01000F082DFF8F092AD4FAD4CDFF8ECB2CDE905
:10F0200000AA4FF0FF322946FAF731F8012834D10F
:10F0300098F80030002B30D0D9F80020AB6893420C
:10F040002BD1534506D1019A5AB3013211466A6851
:10F05000914226D0D5F800A00093FBF79BFBAAF5C0
:10F0600080729C4B1A607A689B4B01327A60002256
:10F070001A709A4B87F825201A70FBF7AFFB6B6864
:10F080000193009B4FF480620AA9954800931AF0FF
:10F0900012F8009B9A460123009330680028C0D1E3
:10F0A000FEE76A680192009A002AEBD04FF4806272
:10F0B0000AA98C4819F0FFFFDFED8B8AFBF76AFB8A
:10F0C0008A4B93E8070004AB83E80700FBF786FB55
:10F0D00004AA874BB0EE483AF2EC015AF0EE482A07
:10F0E0007F49B0EE482AF0EE481AB0EE485AF0EEEA
:10F0F000484AB0EE484AF0EE483A07E0B0EE475AC8
:10F10000F0EE674AB0EE664AF0EE463AB1F900001A
:10F11000083106EE100A31F9060C06EE900A31F9B4
:10F12000040CB8EEC66A07EE900A31F9020CF8EE4C
:10F13000E66AA14207EE100AF8EEE77AA5EEA36AA6
:10F14000B8EEC77AE4EE256AE5EEA47AA5EE857AF4
:10F1500036EE616AF0EE631A76EEC26A77EEE27A14
:10F1600037EE437AB0EE442AF0EE642AB0EE453A28
:10F17000C4D163EEA31A64EEA42A24EE042AE6EEB8
:10F18000061A65EE860AA6EEA62A25EE053AB0EE28
:10F19000626A25EEA61AF0EE436AA7EEA76AB0EE01
:10F1A000613AE7EE076A65EEA77AA3EEE03AF0EE81
:10F1B000423A65EE875AB0EE467AE4EE413AF5EE11
:10F1C000002AA4EEE77AB4EEC38AF0EE667AF1EE96
:10F1D00010FAE5EE657AB4EEE38A38FE036A36EE9D
:10F1E000086AF1EE10FAB4EEC78A78FE236A76EE6A
:10F1F000866AF1EE10FAB4EEE78A38FE077A37EE47
:10F20000267AF1EE10FA38FE270A30EE070A20EED1
:10F21000220AB5EE400AF1EE10FA00F1E280F1EEBA
:10F22000C07ADFED346A9FED347A77EEA77A27EE65
:10F23000A60AB4EEC70AF1EE10FA28DCDFED2A7A4E
:10F240000021B2EE047A002947FEA87A67EE877A99
:10F25000FDEEE77A17EE901A09B28B42B8BF0B4663
:10F2600095427FF437AF25490A6801320A6098F861
:10F27000002022B1D9F80020A968914246D019494E
:10F280004FF48062A1F5806019F015FF05E7CDE924
:10F29000023219F0D3F9F3EE047ADDE9023260EEBE
:10F2A000277AF5EEC07AF1EE10FA01DD0021D4E7FD
:10F2B0009FED0D7AF4EEC77AF1EE10FA4CBF012102
:10F2C0000021BEE71C92012000000000B83B012095
:10F2D00044F20120A83B01209F3B01209E3B0120DE
:10F2E00044EA012044EE01200000B4C22C000020BA
:10F2F0007CFCFFFF00000034B9A2043858FA01205A
:10F30000883C0120843C0120B03B01202A68039303
:10F310000292FBF73FFA06F0D3FC354B8646B3F872
:10F3200000C0344B0FFA8CF11878DDE90223002875
:10F3300030D13B39994249DD2F4801781F2904D843
:10F340000131C9B22029017004D12C490968511A30
:10F35000FF293EDC7B832A4BA7F818C01B687B6122
:10F36000284B1A78234B87F824201B7887F8253000
:10F37000254B1B683B62254B1B68FB6122B1DBF808
:10F3800000209B1A7344FB617B6801337B60FBF7B1
:10F3900025FA74E78B42DDDB1A490978E9B11B498C
:10F3A000DBF8000009681144091A184801600021BF
:10F3B0001448017011490A6013490A6801320A6051
:10F3C00000220C490A700C490A70C3E70A4A1070FF
:10F3D000C0E7012207490A70BCE70099CBF800207A
:10F3E000E6E7CDE9023219F059F9DDE9023225E705
:10F3F000380000209F3B01209E3B0120A83B0120BC
:10F400003C000020A03B0120A43B0120AC3B01209C
:10F410002DE9F04F2DED068BADF2FC4D914FFAF733
:10F4200089FC914B09AC9FED918A1860FBF7B2F90A
:10F43000C82239462046DFF8748219F03CFE3B783A
:10F44000FE6805937B8AB7F910B00493FBF7C6F901
:10F45000DFF85C920023864D0193029307934FF0EF
:10F46000FF334FF0000A08AA19465046CDF820A0F5
:10F47000FAF7B0FD089B990700F11C81DA0740F10B
:10F48000BA807C4B1B78002BE9D1FFF7F1F80028FC
:10F4900040F04281FEF7D8F9002840F03D8101F0AC
:10F4A0004BFC8246002840F03781FBF773F97B68FC
:10F4B000C822214601336B48A4F812A063607B691F
:10F4C000E6606361BB69A4F810B0A361FB69E36106
:10F4D0003B6A2362BB8CA3840123237019F0EBFDEC
:10F4E000FBF77CF9644B1B789BB1644B1B6883B1C1
:10F4F000634A13686BB1042210214BF6803009F087
:10F500001FFD30B94FF480715E4808F093FC8246CD
:10F5100018B309F09DF95C4A136801331360FBF7D7
:10F5200039F97B68C82221464E48013363607B6904
:10F530006361BB69A361FB69E3613B6A2362BB8CC6
:10F54000A3840423237019F0B6FDFBF747F94FF0AD
:10F55000000C0423CDE904C381E7484B0146186839
:10F56000F9F71AFB464A51461068F9F715FB474B65
:10F57000474AC3F800A0474BC3F800A0464BC3F866
:10F5800000A0136801331360136813B913680133C3
:10F5900013600123374A4FF480614048137008F02C
:10F5A00065FC002840F07282394B4FF0020A3C4A59
:10F5B0001B68108007930190FBF7ECF87A682146EE
:10F5C0002848013284F800A062607A696261BA69F1
:10F5D000A261FA69E2613A6A2262BA8CA284C82204
:10F5E00019F069FDFBF7FAF8019BCDF814A01A4653
:10F5F000089B02920492D80600F1B0801D4A12784E
:10F60000002A3FF42CAF99067FF529AFDFED258A5C
:10F610001B4B00223BA91868F9F739FD01287FF43C
:10F620001EAF144B1B78002BF2D0194BDDF8F4A061
:10F630001B689A45ECD13C9B0693079B9A4500F0CA
:10F64000C8804FF480623EA9174819F034FD069B2C
:10F65000134A02938023CDF81CA01380002301934A
:10F66000D6E700BFB83B012020920120B9A20438A0
:10F6700040920120883C0120249201201C9201200C
:10F6800018920120009806204CFA012048FA012027
:10F69000843C012044FA0120803C012044F20120F6
:10F6A0009C3B01208FC2F53D44CA01209C9501205E
:10F6B00044CA0120594B1B78002B7AD1584B18684B
:10F6C00010B10021F9F768FA564B186810B1002103
:10F6D000F9F762FAFBF75EF8049B0026C822638202
:10F6E00021467B68504801332670E66063607B6981
:10F6F000DFF844B16361BB69A361FB69E3613B6A05
:10F700002362BB8CA3844FF67C43238219F0D3FC85
:10F71000FBF764F80596A2E6FBF73CF8049B4FF074
:10F72000030AE66063827B68A4F810B0013363606B
:10F730007B696361BB69A361FB69E3613B6A236227
:10F74000BB8CA384C8222146374884F800A019F056
:10F75000B2FCFBF743F8CDF814A080E62F4B1B78E2
:10F76000002B2ED12E4B186810B10021F9F714FA96
:10F770002C4B186810B10021F9F70EFA2B4A4FF004
:10F78000040A136801331360FBF704F8049BE66076
:10F7900063827B68A4F810B0013363607B696361A6
:10F7A000BB69A361FB69E3613B6A2362BB8CA384F1
:10F7B000C8E71A4B83F800A008F0A8FB09F048F846
:10F7C0007CE70023154A137008F0A0FB09F040F80D
:10F7D000C8E7029B23B10133069A93427FF431AF0D
:10F7E000134B4FF480623EA9B3F800A0114B03EB1A
:10F7F000CA0019F060FC0AF180039BB2B3F5806F78
:10F80000C0F04A810A4B4FF0000AA3F800A0019B08
:10F81000A3B9069B0293012321E700BF883C012086
:10F820001C92012018920120B83B01204CFA0120C3
:10F830009C3B012044CA01207CFCFFFF994B5146B0
:10F84000994A1B6812689FED999A13444FF6FF720C
:10F85000974E9342974828BF13464FF400629BB2DD
:10F86000049319F074FB0022DFF854B21046DC4612
:10F87000114636F93230013207EE903A1818F8EE98
:10F88000E77A41EBE371B2F5806FECEC017AF0D1ED
:10F89000F0F7C2FF06EE900A874B66EE896ADBED51
:10F8A000007AB3EC017A77EEE67A67EE877AEBECD2
:10F8B000017AD945F3D10023804A8149814817F064
:10F8C0005DFF7E4A804BD2ED037A0832D2ED006AAA
:10F8D00067EEA77A93ED007AE6EEA67A77EE277ABE
:10F8E000E3EC017A4345EED10AF1010A0236BAF19E
:10F8F000040FB8D112ABDFED759A9FED75AA029394
:10F900000023F0EE69AA0393012301930398714A3F
:10F910009FED6E9AA2FB003100F1D4030393890995
:10F92000A2FB033201F1010B920902F1010AD34556
:10F9300003D301F1020AD34537D25E4B03EB8B06AA
:10F94000F5EE007AB6EC010A20EE270AB5EE400A81
:10F95000F1EE10FA00F19780F1EEC07A95ED007AA1
:10F9600027EE0A7A77EEA77A87EE870AB4EEC80AFE
:10F97000F1EE10FA71DC9FED550A0020002800FE20
:10F980002A0AB4EEC90AF1EE10FAB4EEE90A30FE22
:10F99000099AF1EE10FAC8BFCDF804B00BF1010BD3
:10F9A000C8BFF0EE409AD345CAD1029BF2EE046A7A
:10F9B000B3F9022007EE102AB8EEC77AC7EE267A0E
:10F9C000F4EEC97A39EE679AF1EE10FA4ABF9FED6C
:10F9D000427AE9EE287AE9EE077A67EEA67AFDEE3A
:10F9E000E77A17EE902A23F8022F3AAA02939A4256
:10F9F0008CD1F2EE047A394A019E136869EEA77A37
:10FA00000133FDEEE77A13604BF6803303FB06F615
:10FA100017EE903A0FFA83FBFAF7BCFE059BB60A85
:10FA2000C82223702146049B2D4863827B68E660D0
:10FA30000133A4F810B063607B696361BB69A361A3
:10FA4000FB69E3613B6A2362BB8CA38419F033FB3F
:10FA5000FAF7C4FE069B029300E618F0EFFDF3EE02
:10FA6000047A20EE270AB5EEC00AF1EE10FA02DDA4
:10FA70009FED1C0A85E7B4EEEA0AF1EE10FA4CBFDE
:10FA8000012000207AE718F009FE74E70023164AE7
:10FA9000137008F03BFA3CE5144A1380069B02936E
:10FAA000B6E500BF48FA012044FA01200000803A80
:10FAB00044CA012044920120449A012044AA012012
:10FAC00044BA012028920120489201200000B4C2CB
:10FAD00000000047CDCCCCCC6666E63E5CFA012047
:10FAE000B83B012000000000883C01209C3B012025
:10FAF000094B93F89C32032B0BD1084B186848B183
:10FB000000F50060806800F00600B0FA80F040095F
:10FB100070470020704700BF90FA0120984F0220E4
:10FB20002DE9F8432F4F80463B7803F0FF052BB1BA
:10FB30002D4B93F89C52EB1E5D425D4106F0DCFBC1
:10FB40003B78064603F0FF0413B1FFF7D1FF0446EC
:10FB5000FAF720FE254BDFF89C901A78DFF898E042
:10FB60004245DFF898C022493AD199F80020187D23
:10FB7000904235D13A78587D904231D19A7DAA424F
:10FB80002ED1DA7DB2422BD11A7EA24228D1DEF8E4
:10FB900000009A68824223D1DCF80000DA688242D1
:10FBA0001ED10A681869821A18BF012299F800004C
:10FBB00083F80080187538789D755875DEF8000058
:10FBC000DE759860DCF8000009681C76D860196161
:10FBD00012B15A6801325A60BDE8F843FAF7FEBD27
:10FBE0000122E3E77CFA012090FA012060FA01206B
:10FBF00084FA01207DFA01208CFA012088FA012084
:10FC000008B5074802F09AFD054802F062FD4FF47E
:10FC1000377200210248BDE8084019F098B900BFCA
:10FC200090FA0120022810B5044604D14B1E584218
:10FC3000584104F033FD4FF437720021174819F092
:10FC400086F91749174B00221448022C18BF194691
:10FC500002F02CFD58B91449144B1048022C18BF5F
:10FC6000194602F050FD20B10C4802F032FD002090
:10FC700010BD022C0CD10E49084804F053FD002899
:10FC8000F2D1064802F058FD0028EDD10120EFE73F
:10FC90000849024803F0EEFAF1E700BF90FA0120AC
:10FCA000D8000020F40000200C0300208401002074
:10FCB00040000020100100201C220021014819F002
:10FCC00046B900BF60FA012038B5044660B1074D5F
:10FCD000FAF760FD0FCD0FC495E8070084E8070030
:10FCE000BDE83840FAF77ABD38BD00BF60FA0120A0
:10FCF000044B186820B1002302221946FAF7B0B964
:10FD0000704700BF80FA012008B5064B40B10122C0
:10FD100000201A7000F00EFFBDE80840FFF7E8BFB2
:10FD20001870F9E77DFA01202DE9F84F4FF000092E
:10FD3000FAF700F8754B4E464D46DFF8D8A1DFF8CC
:10FD4000DCB118600020FFF7EBFE00F063FF804697
:10FD500000F0E6FF0446002840F0D0809AF80070DA
:10FD6000003F18BF0127B74206D1012E6AD020E01C
:10FD7000C1454FD102241CE0012E36D103200025BD
:10FD8000FFF7CEFEFFF73CFF614B28461D70FCF7E6
:10FD900089FB012F77D106F0AFFA0446002800F066
:10FDA000A980FEF765FC10B9FDF74EFDA0B3002455
:10FDB00005259AF8003003F0FF062BB9FCF77CFB11
:10FDC00010B13046FCF76EFB022C40F095809BF89A
:10FDD0009C22FFF78DFE03462046D2B2D11E4A4236
:10FDE0004A41012100F0AEFF2EE0022ED1D10022C7
:10FDF000FFF77EFE03460320114600F0A3FFFFF746
:10FE0000FFFE00F0E3FF00231A461946184600F0F3
:10FE100099FFBEE73746EAE738463E4EFFF780FED9
:10FE20003846FCF73FFB3378BBB9337803F0FF0566
:10FE3000DBB141460120FFF7F5FE0446D0B1344B5B
:10FE400001221A700124022528462646FFF768FE83
:10FE500064210120FAF78CF877E7FCF72DFB0028E6
:10FE6000E3D10A20F9F73EFEDDE72846FCF71AFB4E
:10FE700000249EE7284A0625136801331360FCF727
:10FE800011FB347095E7022FF2D1FEF7F1FB30B190
:10FE9000002304201A46194600F054FFE8E7FDF756
:10FEA000D3FC0028F4D1FEF76DFF04460028EFD103
:10FEB000034602460146012000F044FF00F058FFCF
:10FEC00060B141460220FFF7ADFE38B1234622461D
:10FED00001210220C14600F035FF4BE700F076FF1C
:10FEE000002305201A46194600F02CFF002000F0E0
:10FEF00021FEBDE704255CE70024A5E7022E3FF4C0
:10FF000037AF012EC1D1022738E700BF80FA0120A8
:10FF10007CFA01207DFA012084FA012090FA012068
:10FF20004AF64443984203D04BF68033984201D1BD
:10FF3000044B1860044B1878B0FA80F04009404236
:10FF4000704700BF74000020700602200020704738
:10FF5000002070470020704700207047344B35491F
:10FF6000354A2DE9F041D3F80080344B4FEA08467A
:10FF7000334C1B7813B1334B1B7863B900232360D8
:10FF80000B68B3F5E04F28BF4FF4E0431B0213604A
:10FF90003046BDE8F0812C4B2C481B680068156882
:10FFA0001B1A47F6FF70834228BF03462848C5EB5B
:10FFB000032305EBA31515602D120B68A8FB0001A8
:10FFC000244AB3F5E04F94BFC5EB0305C5F5E04502
:10FFD0000023F0F75FFC23682B44DF17984271EB96
:10FFE000070C1CDA03464FF48062DF171A482360BF
:10FFF000C5FB02371C46174A0023A8FB0001F0F797
:020000040801F1
:1000000049FCA042034671EB070206DB434261EB69
:100010004101A342B941B8BF23461E44B8E742425A
:1000200061EB410193428F41B8BF1346DBE700BF4C
:10003000700000206800002064000020700602208C
:10004000580602206F0602208C0602208806022035
:100050000000C40940420F00000088132DE9F0475A
:10006000F9F726FC8046FAF795FBDFF8D8C1644B18
:100070009CF800201978634E9142634D634C6448AC
:100080006449DFF8C4A140F0B280377893F820E0EB
:10009000BE4540F0AC802F7893F821E0BE4540F09B
:1000A000A680277893F822E0BE4540F0A08007782C
:1000B00093F823E0BE4540F09A800F7893F824E04F
:1000C000BE4540F094809AF8007093F825E0BE4554
:1000D00040F08D80504F93F826E03F78BE4540F0C9
:1000E00086804E4F93F827E03F78BE457FD14C4F36
:1000F00093F828E03F78BE4579D14A4F93F829E03C
:100100003F78BE4573D1484FDA693F68BA426ED135
:10011000464F9A693F68B2EB070E18BF4FF0010EC9
:10012000434F1A693F68BA4264D1424F5A693F68E7
:10013000B2EB070918BF4FF001093F4F9A683F68BB
:10014000BA4204D13D4FDA683F68BA4255D03C4FBD
:100150003F68A8EB0707F92F94BF002701279CF8F9
:1001600000C04EEA090E36782D7857EA0E0E247834
:10017000007809789AF8002083F800C083F82520D9
:10018000254A83F82060127883F8215083F82620CE
:10019000224A83F82240127883F8230083F827202C
:1001A0001F4A83F82410127883F828201D4A1278F9
:1001B00083F829201C4A1268DA611C4A12689A6185
:1001C0001D4A12689A601D4A1268DA60184A12685D
:1001D0001A61184A12685A6105D05A6801325A6089
:1001E000174BC3F80080BDE8F047FAF7F7BA4FF0B5
:1001F000010E95E74FF001099FE70027AFE700BF29
:100200009006022074060220730602207206022065
:100210006F06022071060220790000206406022089
:1002200063060220620602206C000020700000209D
:100230007C06022078060220840602208006022026
:100240005C060220650602206D06022010B5FAF752
:10025000A1FA0024154B16481C60164B1C60164B67
:100260001C70164B1C70164B1A68164B1A60164AF7
:1002700014601B68154AB3F5E04F28BF4FF4E04304
:100280001B021360124B1C6001F0CCF9114801F005
:1002900057FC114801F0AAFCFAF7A0FA21464FF4E6
:1002A00000420E48BDE8104018F051BE8C060220F6
:1002B00048050220880602206F0602206E060220F2
:1002C0006C00002068000020580602206400002016
:1002D0005406022094040220AC010220009C062057
:1002E0001FB50C4B0146186890B103AA0023009279
:1002F00001220393F9F72CFF039B4BB14FF0E0234E
:100300004FF08052C3F8042DBFF34F8FBFF36F8FB0
:1003100005B000BDBC06022008B54AF64443984229
:1003200003D04BF68033984209D1064B1A689042AD
:1003300003D018601020FFF7D3FF002008BD4FF056
:10034000FF30FBE774000020012AF0B585B051D1E1
:10035000304E314B32681D6800284BD0032949D9F3
:100360002E4B1B78002B45D005F500438F089B1AB8
:10037000B3EB910F07D8012B294938BF01235F1E2A
:100380000B6801330B600021DFF8ACC0B9424FEAC3
:10039000810402EB010330D1BFF35F8F3360214B47
:1003A0001868044420481C600368013303601F4B35
:1003B0001C681F4B1868E8B11E4B1E7806F0FF033F
:1003C000C6B9521BA24215D20A44944212D803AABB
:1003D0000393009201221146F9F7BAFE039B4BB139
:1003E0004FF0E0234FF08052C3F8042DBFF34F8F3E
:1003F000BFF36F8F002005B0F0BD30F821E0C3F3EC
:100400000E03044401312CF823E00CEB83036488D1
:100410005C80BBE78C060220880602207006022062
:100420007806022084060220800602206800002050
:10043000BC0602206F060220206502201FB500388E
:100440000E4B18BF012018700D4B186898B103AA05
:1004500000230092012203931146F9F779FE039BD2
:100460004BB14FF0E0234FF08052C3F8042DBFF39F
:100470004F8FBFF36F8F002005B000BD6D060220C7
:10048000BC060220B14BB24A2DE9F04FD3F800A0D0
:1004900089B0B04B12781B68012AAF4DA3EB0A0359
:1004A00040F02281AD4A05EB8035DFF8D0B21778F5
:1004B000002F00F0CB80DBF80070B3F5007FAB4677
:1004C0004FF0000628BF4FF40073BF000393039B57
:1004D00006EB0A049E4221D1C6F5007605F5804957
:1004E000B60009F10809C6F5006805EBC8089C4D7F
:1004F00008F10808C14540F09080002E00F0EC8023
:10050000984801F08FF8984801F01AFB974801F0DD
:100510006DFB974A136801331360DDE0954BC4F31C
:100520000E0433F9241003EB84048C4BB4F902203D
:100530001B78981E0D286DD8DFE800F06107614335
:100540005C57575252524D484848ADF81010ADF81C
:100550001220ADF81410ADF81620ADF81810ADF853
:100560001A20ADF81C10ADF81E2004ACD846DFF8F8
:10057000F091D9F800303A461021B4F9000000F0AB
:1005800093FDD9F80030C8F800003A461021B4F9BC
:10059000020000F089FDD9F80030C021C8F804003D
:1005A000013308F108080434B3FBF1F201FB123304
:1005B000C9F800300BF120039845DAD10136C34663
:1005C00085E704AB684801F0F1FACEE704AB6A486E
:1005D00001F00EFDC9E704AB644801F054FCC4E728
:1005E00004AB624801F026FCBFE704AB5F4801F0B2
:1005F0001AFCBAE704AB5D4801F00EFCB5E7181F22
:10060000434243410120CDE9000304AB554801F0CA
:100610001DF8AAE700200346F5E72B683A461021AB
:10062000002000F041FD2B683A46102148F8080CE4
:10063000002000F039FD2B68C02248F8040C01337B
:10064000B3FBF2F102FB11332B6051E7B3F5006FFE
:1006500005F1040528BF4FF400631C46C3F500668E
:10066000A742DFF8FC804FF010013ABF07EB0A0306
:10067000404A4FF0000907F1010737BFC3F30E03EB
:10068000484632F9230002EB8303DBF8002038BF31
:10069000B3F90290D8F8003000F006FDDBF8002036
:1006A00045F8040C1021D8F80030484600F0FCFC56
:1006B000D8F80030C022B7F5006F03F1010345F808
:1006C000080BB3FBF2F102FB1133C8F80030C7D1BD
:1006D0005444002E7FF41DAFBFF35F8F1B4B304699
:1006E0001C6009B0BDE8F08FB3F5006FCAF30E01CE
:1006F0001C4605EB403528BF4FF40064C1F50047A8
:10070000BC42C4F5006601D29BB127464FEA870878
:10071000DFF860902846424609EB810118F0CBFCD7
:10072000BC4206D9E21B494605EB0800920018F0CE
:10073000C2FC16B90AF50064CEE705EB840000217F
:10074000B200544418F003FCE3E600BF8806022020
:10075000610602208C060220009C06206006022012
:10076000540602204805022094040220AC01022015
:100770007C060220206502206CFD01207000002014
:1007800008B50C4B1B78012B05D100F013FDBDE81B
:10079000084000F027BD4FF4FA7004F02BF920B1A7
:1007A000022007F065F904F05FF9BDE8084007F0A2
:1007B00075BA00BF610602204AF6444398422DE90B
:1007C000F041044603D04BF68033984225D1484E81
:1007D00033782BB10023474A33701370FFF7D0FFF3
:1007E000FFF734FD444B1B78012B5FFA83F84FD1A0
:1007F000424D2B78A3B1A7002146414801F0BAF938
:100800002B780F2B0ED121463E4801F0D5FB10214D
:10081000384600F01FFD002850D10020BDE8F081CF
:100820002746E9E72B780E2B04D12146354801F005
:10083000A7FBECE72B780D2B04D12146314801F0C2
:100840007BFBE4E72B780C2B04D121462E4801F0EA
:10085000CFFADCE72B780B2B04D121462A4801F094
:1008600095FAD4E72B780A2B04D12146264801F0CB
:100870005BFACCE72B7821462348082B02D02B7853
:10088000092B02D101F00AFAC1E701F0D3F9BEE762
:100890004FF4FA7004F0AEF80028BED01B4B22468D
:1008A00002201978102307F035FA10B104F0DCF8B3
:1008B000B3E7052007F012F904F0D6F8144B154AF7
:1008C0001C60124B1B78DBB21370B3FA83F3124A2D
:1008D0005B091370F8F7ECFF104B18600120104B08
:1008E00083F80080054B1A780E4B30701A7095E72C
:1008F000700602206F0602206406022062060220B3
:10090000940402206CFD0120AC010220790000203B
:1009100070000020780000206C060220680602208B
:10092000610602206006022008B5154B1B78012BDA
:1009300016D100F03FFC0023124A1370124A1370C4
:10094000124A1168124A116012490B601368124A68
:10095000B3F5E04F28BF4FF4E0431B02136008BD1E
:10096000322004F047F80028F9D0022007F080F880
:1009700010B90A4B01221A7004F076F8DBE700BFC9
:10098000610602206F0602206E0602206C00002025
:100990006800002058060220640000206C06022037
:1009A000F8B501214648F4F7F4FF464E0746022108
:1009B0004348F4F7EEFF032105464148F4F7E9FF09
:1009C0002C2200210446304618F0C1FA4BF6803341
:1009D0003D4A25F0FF003D4913603D4AB361136075
:1009E00014223C4B0A703C490A7000223B491A70A1
:1009F0003B4B1A703B4BFB1A5F425F413A4B9842AC
:100A00000F703A4B0ED1EDB2013D0E2D53D8DFE8F9
:100A100005F0504C4E4A48464442403E3C3A383637
:100A200008000F22200C1A70314A00049042314A0B
:100A300043D1A0B2B0F5F04F28BF4FF4F040B0F56D
:100A4000C05F38BF4FF4C050A0F5B0506FF309003D
:100A500000F5C0501060284814680460097886F8D2
:100A600028101978126886F82910F26100222349AB
:100A70000A701978224B1970224B1A60F8BD0E22A9
:100A8000D0E70D22CEE70C22CCE70B22CAE70A22E0
:100A9000C8E70922C6E70822C4E70722C2E7062200
:100AA000C0E70522BEE70422BCE70222BAE7032220
:100AB000B8E70122B6E70022B4E74FF40050C9E7D7
:100AC000644D02209006022074000020790000206E
:100AD00070000020650602207800002063060220D6
:100AE000640602200143415500445053620602202F
:100AF000000042556C0000206800002061060220C2
:100B0000600602205C06022038B5044670B1084D2C
:100B1000F9F740FE0FCD0FC40FCD0FC495E80700C5
:100B200084E80700BDE83840F9F758BE38BD00BF7B
:100B30009006022008B5074B50B1012200201A7020
:100B4000FFF7E2F8FFF7D4F8BDE80840FFF786BAF0
:100B50001870F7E774060220642808B5094B28BF0F
:100B600064201A7882420CD01870074B186820B1A4
:100B7000002301222021F9F773FABDE80840FFF7AE
:100B80006DBA08BD79000020BC06022008B5431EDE
:100B9000584258410B4B1A78824211D01870FCF71A
:100BA00053FE08B1FCF7CCFE074B186820B10023B8
:100BB00001224021F9F754FABDE80840FFF74EBA88
:100BC00008BD00BF64060220BC060220014B187855
:100BD000704700BF64060220431E10B55C425C41B2
:100BE000094B1A78A2420ED01C70F1F7C9FC074AD3
:100BF000012107482243F4F7C7FEFFF779F8BDE863
:100C00001040FFF72BBA10BD630602200043415588
:100C1000644D0220014B1878704700BF6306022024
:100C2000431E0E2B104B10B504461A7894BF044691
:100C30000024A24216D01C70FCF782FEF1F7A0FC43
:100C40000A4A0B4802212243F4F79EFE094B18681A
:100C500020B1002301228021F9F702FABDE81040FB
:100C6000FFF7FCB910BD00BF6206022000445053DC
:100C7000644D0220BC060220014B1878704700BF6B
:100C800062060220B0F5F04F1E4B28BF4FF4F04033
:100C90001A68B0F5C05F38BF4FF4C050A0F5B0502F
:100CA0006FF3090010B500F5C054A24228D01C60B3
:100CB000F1F766FC44F0AA420321134842F484028F
:100CC000F4F762FE114B1B7803F0FF0163B9104B80
:100CD000104A1C6011601B680F4AB3F5E04F28BF33
:100CE0004FF4E0431B0213600C4B186820B1012243
:100CF00000231146F9F7B4F9BDE81040FFF7AEB98B
:100D000010BD00BF6C000020644D02206F06022061
:100D1000680000205806022064000020BC06022063
:100D2000014B1878704700BF74060220014B1878F9
:100D3000704700BF73060220014B1878704700BF50
:100D40007406022010B4064C207006480170064953
:100D50000A70064A13705DF8044BFFF77FB900BFB5
:100D60006506022073060220720602207106022028
:100D700008B5FFF76BFA00230C4A4BF6803013607E
:100D80000B4A13600B4A13600B4A13600B4A137033
:100D90000B4B0C4A1B78B3FA83F35B0913700A4BB5
:100DA0001860BDE80840FFF707BD00BF84060220B9
:100DB000800602207C060220780602206D060220B2
:100DC000790000206C0602207400002008B5064A55
:100DD000002311781370054A137009B1FFF7D0FC96
:100DE000BDE80840FFF732BA700602206F06022005
:100DF000014B1878704700BF6F0602200220FFF7F2
:100E00006FBA0420FFF76CBA0820FFF769BA000038
:100E10002DE9F74FF8F78EFF64248D4BDFF87482CD
:100E20008C4F18600020234601AA4FF0FF3101903B
:100E3000F9F7D0F898F80030002B00F00781864BC6
:100E40001B78002B00F00281844B3A681B689A42A1
:100E500014D1834B83491A78097891420ED11B78BB
:100E6000012B08D1804B814A1B7812789A4205D118
:100E7000019B180602D4019B59060ED53868FFF76E
:100E80009BFC30B97A4B052264241A70FFF7E6F810
:100E9000C8E7019B23F08E030193724D2B784BBB67
:100EA000DFF8D8B1DFF8F0A19BF800309AF8002005
:100EB0009A421FD0DFF8E491F8F7FAFC0646D9F819
:100EC0000040031B182B74D99BF800401420E4B297
:100ED00003F090FD70B1204606F0E4FD40B98AF8B9
:100EE0000040B4FA84F4634B6409C9F800601C70D4
:100EF00003F0BAFD6424604B1B78002B5CD15F4B80
:100F00001E78B6FA86F676092B788BB9DFF86491ED
:100F100099F80030B3420BD0142003F06BFD38B1C8
:100F2000304606F0CDFD08B989F8006003F09CFD5D
:100F3000019BDFF86C9113F0080FDFF868A10DD06A
:100F40002B78012B3AD100F035F900234C4A89F86F
:100F500000308AF800301368013313609AF80030CB
:100F600023B199F800300BB1FFF7DEFC99F800309F
:100F700003F0FF00002B4FD1424A434B1B6811681E
:100F8000424A5B1A1268934246D3FFF77BFA01206C
:100F9000FFF778FA2B78012B1BD14FF400413C4826
:100FA00000F0DAF810B3012389F80030FFF756F8A3
:100FB00038E71934241A9EE70126A5E7142003F028
:100FC00019FD0028C1D0012006F07AFD03F04CFD88
:100FD000BBE74FF4FA7003F00DFD38B14FF48041D8
:100FE0002B4806F0F7FC58B103F03EFD2B78012B9F
:100FF00001D100F0DFF8224A136801331360D5E70E
:101000001C4D28702EB1012006F05AFD08B90123AD
:101010002B7003F029FDC6E799F80030002BC5D0EE
:10102000019B9A0707D4019B5B07BFD50120FFF7FF
:1010300029FA28B9BAE70020FFF724FA0028F2D0ED
:1010400001238AF80030FFF76FFCAFE76424ADE7B7
:10105000BC060220740000207006022070000020F0
:101060006406022061060220620602206006022059
:10107000650602206C0602206D0602207900002021
:101080007C060220880602208C06022068000020D0
:10109000009C0620730602207800002068060220CB
:1010A0006F0602206E06022030B5C0241029B3FB63
:1010B000F4F505FB14330CBF224920F07F40A3F167
:1010C000180308BF01EA0020072B38D81E498A42BE
:1010D0002BD01ED84AF644418A4228D012D845F275
:1010E00022618A4225D0B2F5FA4F14BF01220322B1
:1010F000012101FA03F31A40003A18BF01229206B7
:10110000104330BD4BF680318A4214BF01220222C7
:10111000EEE70E498A420ED00D498A420DD00D49A4
:101120008A4214BF01220A22E2E70822E0E70022F5
:10113000DEE70422DCE70C22DAE70E22D8E7002201
:10114000DEE700BF00FFFF008858010010B1020079
:1011500000EE02000077010008B5114B1B780BB9B7
:10116000002008BD0028FBD00E4B1A88002AF7D0BB
:101170004FF6FE73B1FBF2F2511E9942F0D80146D0
:1011800092B20948F4F7A6FD0028E9D1074B0120E7
:101190001A68136843F01C031360054B1870E0E7EE
:1011A000C1060220C206022024070220C406022033
:1011B000C006022008B5074B1B7823B9064B1A68F6
:1011C000064B9A4202D10448F4F73BFD044B00223F
:1011D0001A7008BDC106022024070220045C0140E9
:1011E000C0060220F8B5134C134D27682E68FFF790
:1011F000E1FF3C20F1F756FA104B9F4202D1204606
:10120000F4F7DAFC0E4B9E4202D10B48F1F73CF8A2
:101210004FF400610B48F0F7F1FE0B4A536C23F4D6
:10122000000353640023094A23601370084A2B60AB
:101230001380F8BD24070220C4060220045C01408C
:1012400070640240000C024000380240C1060220D7
:10125000C20602202DE9F041ACB005460C4614222E
:10126000002103A817F073FEB5F5FA5F1FD042F610
:1012700011339D421BD0B5F57A5F18D045F2226339
:101280009D4214D0B5F5FA4F11D04AF644439D4221
:101290000DD04BF680339D4209D0824B9D4206D043
:1012A000814B9D4203D0814B9D4240F0A08024F0B1
:1012B0000804102C40F09B80FFF794FF902200213F
:1012C00008A817F044FE08A8F0F784FC42F6113392
:1012D0009D4214D045F222639D4210D04AF6444309
:1012E0009D420CD0704B9D4200F085806F4B9D421B
:1012F00000F085804FF4AC710722012303E040F237
:101300000F11022206234FF4801009910B920890CE
:101310004FF480001193189008A8F0F7ABF9064637
:10132000002864D1624B4FF40068032703A9D3F867
:101330008C20604C22F4400242F48002C3F88C20DE
:101340005A6C42F400025A645A6C02F40002019290
:10135000019A1A6B42F008021A631A6B02F0080233
:101360000292029A1A6B42F480021A631B6B059078
:1013700003F4800350480893089B0223CDE90383BC
:101380000A23CDE90673F0F755FD4C4BB5F57A5FAE
:10139000C4E90036C4E90266C4E90466C4E9066625
:1013A00005D02FD8B5F5FA5F0CBF0627022700231A
:1013B000C02227620427E3624FF040083D48C4E999
:1013C0000933C4E90C72C4E90E332022C4E9123394
:1013D000C4E91433C4E916374FF6FF73C4E9108229
:1013E0002366F4F70DFB0646F0B1FFF7FBFE002085
:1013F0002CB0BDE8F08140F20F1103227DE740F2EE
:101400002711FAE7B5F5FA4F0CD04BF680339D4221
:1014100008D045F22263A5EB030EDEF1000747EB8F
:101420000E07C4E70127C2E703A92348F0F702FD2E
:10143000234D244A4FF0C0634FF480614FF4804045
:101440004FF0030C2E63C5E900234FF48053C5E928
:1014500004134FF48073C5E906034FF44033284664
:10146000C5E908374FF40003C5E90286C5E90AC398
:10147000F0F70AFF2846F0F789FE02460028B4D1AB
:1014800006213C20E566AC63F1F7CCF83C20F1F78F
:1014900065F93C20F1F7F8F80B4B01201F800B4B4E
:1014A0001870A5E70077010010B1020000EE0200FD
:1014B0000038024024070220000C0240045C014076
:1014C000C406022070640240C2060220C106022047
:1014D000034B1B7813B10348F4F78CBB704700BF74
:1014E000C006022024070220034B1B7813B10348D7
:1014F000F4F790BB704700BFC0060220240702200B
:1015000010B5054C2046F0F777FF636D13B1034B20
:1015100000221A7010BD00BFC4060220C0060220BF
:10152000F0B5059E002A59D03C4A02FB01F4A0FB0D
:10153000020121442E242BB33568A4F12F0785EA3C
:10154000453585EA554585EA451585EA453282EAFD
:10155000524282EA4212530C3260C4F12F06C3EBAE
:101560005543A4F10F05DA1703FA07F723FA06F635
:10157000AB40AA401B1842EA0702184642EA06029C
:1015800041EB02010122A4F12103C4F12105661EF1
:1015900002FA03F3002922FA05F502FA06F243EAF9
:1015A0000503C4F120051BDB821843EB010122FA7D
:1015B00004F0B4F1200301FA05F558BF41FA03F332
:1015C00041FA04F140EA050058BF1843B0F5004F56
:1015D00071F100011DDB47F6FF701BE00F24AAE745
:1015E000121A63EB0101B4F1200022FA04F348F26D
:1015F000010201FA05F558BF41FA00F041FA04F181
:1016000043EA050358BF03435842934271F1000176
:1016100001DA00B2F0BD0248FCE700BFC0821472DC
:101620000080FFFF10B5044668B14FF486720021B8
:1016300017F08DFC044BC4F8003103F1135303F68B
:101640003853C4F8043110BD6C3141A32DE9F04F7B
:1016500089B090F8086105461C4600EB46079DF8E6
:1016600048B020F8161006F120089DF84C90B7F904
:1016700020C0A7F88020A7F84010A7F8C020BBF131
:10168000000F63D04FEAEC7100F5807301224FEA3E
:10169000CC30C90300934B4641EA5C41FFF740FF61
:1016A0002080B7F9A07005F582730122F917009325
:1016B000F8034B46C90341EA5741FFF731FF05EBF9
:1016C0004803DFF894A0608003938033049304F10F
:1016D0000C03059305F58073069305F58273079354
:1016E000002398461F4618461946039A1A4452F892
:1016F00002EC049A1A4452F802CCAAEB03021268D4
:10170000CEFBD201CCFBD287043B13F1400FECD1CE
:10171000069B5A4604340AF1400A00934B46FFF7F1
:10172000FFFE079B20805A46009340464B463946B1
:10173000FFF7F6FE059B60809C42D1D1013606F092
:101740001F0685F8086109B0BDE8F08FA3F800C056
:10175000B7F9A000B3E700BF20B4020807EE101AE3
:1017600007EE902AD0ED296AB8EEC77ADFED324A4B
:10177000F8EEE77A27EE267A67EEA67AF0B590F8CB
:10178000B0600025142701460024A64201F108019B
:101790000DD8013583ED007AC3ED017AB0EE647A9D
:1017A000042DF0EE647A03F10803ECD1F0BDD0F81B
:1017B000A02051ED026A07FB042291ED126A013468
:1017C000D2ED005A92ED015AE5EE876AA5EEA76ABE
:1017D000D2ED035A66EEA55AE5EE075A11ED015A0D
:1017E00075EE255A41ED025AD2ED035A92ED015A97
:1017F00066EE255AE5EE275A91ED135A75EE255AF5
:10180000C1ED125AD2ED045A92ED025A66EEA55A73
:10181000E5EE075A41ED015A92ED047AD2ED025AF3
:1018200026EE077AA5EEA77AF0EE467A81ED137AD6
:10183000B0EE667AA9E700BF00000000026882EA05
:10184000423282EA524282EA421282EA423383EA16
:10185000534383EA431303605B0CC3EB524300EE34
:10186000103ABAEEE80A7047F0EE407A08B5FFF792
:10187000E5FF30EE270ADFED127AB4EEE70AF1EE6B
:1018800010FA17DADFED0F7AB4EEE70AF1EE10FA8C
:1018900013D9B5EEC00AF6EE007AF1EE10FAACBF3D
:1018A00030EE270A30EE670ABDEEC00A10EE103A9D
:1018B00018B208BD47F6FF70FBE70348F9E700BF21
:1018C00000FEFF46000000C70080FFFFF0EE007A38
:1018D000D1ED006A9FED1E6AA6EEE70AD1ED017A0E
:1018E00008B530EE277AFFF7A9FF70EE077AF4EE1D
:1018F000C67AF1EE10FA05DB002347F6FF700B60A5
:101900004B6008BD9FED136AF4EEC67AF1EE10FA53
:1019100004D8002310480B604B60F2E7F5EEC07A64
:10192000C1ED016AB6EE006AF1EE10FAACBF77EED7
:10193000867A77EEC67AFDEEE77AF8EEE76A17EE7A
:10194000903A18B236EEC77A81ED007AD9E700BF37
:1019500000FEFF46000000C70080FFFF2DE9F047B2
:1019600088B01D46044600F1A8066B469DF84080ED
:10197000E946FFF7F3FE02359FED3E5A00F1AC0752
:1019800094F8E4A2F0EE455AD9F80420B0EE450AE6
:1019900004EB8A03D9F80010C3F8B421C3F8342249
:1019A0000AF14D02C3F8B4109200C3F83411D4F810
:1019B000B402A2F11003F03200F110019030234480
:1019C000224451ED047A103193ED047A103A103B21
:1019D000A7EE870A92ED087AE7EE875A51ED077A6B
:1019E00093ED077AA7EE870A92ED077AE7EE875A1A
:1019F00051ED067A93ED067AA7EE870A92ED067A04
:101A0000E7EE875A51ED057A93ED057A8842A7EE05
:101A1000870A92ED057AE7EE875AD2D1B8F1000F26
:101A20001DD004F52F713046FFF750FFB0EE650A68
:101A300025F8020C04F534713846FFF747FF0AF128
:101A4000010A09F1080908AB25F8040B0AF01F0A7E
:101A50004B4584F8E4A293D108B0BDE8F087304646
:101A6000FFF702FFB0EE650A25F8020C3846FFF7D3
:101A7000FBFEE4E700000000034B0449044A8842EF
:101A800008BF1A4610467047F4B6020810B10200AB
:101A9000E0B60208B0EE407A0B4610B50C4602F1F3
:101AA0001401F2EC016AF3EC017A9142A6EEA77AF6
:101AB000F7D1FFF7C3FE70EE077ADFED1E6AF4EE92
:101AC000E67AF1EE10FA07DB14220021204617F027
:101AD0003EFA47F6FF7010BDDFED176AF4EEE67AC6
:101AE000F1EE10FA06D814220021204617F02FFA42
:101AF0001248F0E7F5EEC07AE368F6EE006A23617B
:101B0000F1EE10FAA368E360A8BF77EEA67A6368E7
:101B1000B8BF77EEE67AA3602368FDEEE77A6360EC
:101B2000F8EEE76A17EE903A18B236EEC77A84ED0F
:101B3000007AD0E700FEFF46000000C70080FFFFEC
:101B400010B5044690B15022002117F000FA50223F
:101B50000021A01817F0FBF9054BC4F8A83003F1D9
:101B6000064303F5FE23CF33C4F8AC3010BD00BFED
:101B7000B979379E30B488B14AF64445084C094AD1
:101B8000A94208BF2246C0F8A020074AC0F8A420F6
:101B9000072230BC80F8B020FFF7D2BF30BC7047BE
:101BA0003CBA0208B0B9020805296440F0B589B012
:101BB0001C46064600F1A8076B466D46FFF7CEFDB2
:101BC000AC362146103495ED000A3846FFF74CFE3E
:101BD00095ED010A08803046FFF746FE043121F8F2
:101BE000020C0835A142EED109B0F0BD10B5044693
:101BF000F0B1FFF7A5FF4FF48072002104F1B400AB
:101C000017F0A5F94FF48072002104F5DA7017F08F
:101C10009EF91422002104F52F7017F098F9142270
:101C2000002104F5347017F092F9002384F8E432AF
:101C300010BD000038B50D46044648B3FFF79AFFC3
:101C40004AF64441134A04F1B400134B8D4208BFD5
:101C5000134600254FF48072C4F8B4322946C4F804
:101C6000B85217F074F94FF48072294604F5DA700F
:101C700017F06DF91422294604F52F7017F067F953
:101C80001422294604F5347017F061F984F8E452FF
:101C900038BD00BF60B60208E0B5020870B50D4659
:101CA0000446B0B31B4A4AF644461B4BB14208BF38
:101CB0001346C0F8A030194BC0F8A430072380F8B1
:101CC000B030FFF73DFF164A164B04F1B400B542A1
:101CD00008BF134600254FF48072C4F8B432294679
:101CE000C4F8B85217F033F94FF48072294604F55E
:101CF000DA7017F02CF91422294604F52F7017F02A
:101D000026F91422294604F5347017F020F984F8D6
:101D1000E45270BD24B9020898B80208052964404D
:101D200060B50208E0B4020838B5044648B3154B64
:101D30000025C0F8A030144BC0F8A4300A2380F866
:101D4000B030FFF7FDFE4FF48072294604F1B40075
:101D5000C4E9AD5517F0FBF84FF48072294604F53D
:101D6000DA7017F0F4F81422294604F52F7017F0F2
:101D7000EEF81422294604F5347017F0E8F884F8D8
:101D8000E45238BDD0B702080529644038B504468E
:101D900048B3154B0025C0F8A030144BC0F8A43050
:101DA0000A2380F8B030FFF7CBFE4FF4807229464B
:101DB00004F1B400C4E9AD5517F0C9F84FF48072CE
:101DC000294604F5DA7017F0C2F81422294604F502
:101DD0002F7017F0BCF81422294604F5347017F060
:101DE000B6F884F8E45238BD08B70208219445409B
:101DF00038B504460D46FFF797FF44B14AF6444113
:101E0000034B044A8D4208BF1346C4F8B83238BDAC
:101E1000E0B60208F4B6020813B500240094FFF7F8
:101E20009DFD02B010BD13B501240094FFF796FD8F
:101E300002B010BD2DE9F0471C4688B0064600F5FB
:101E40002F7A6D4604F1100700F1A80900F53478E7
:101E50006B46FFF783FC95ED000A51464846043473
:101E6000FFF734FD95ED010A24F8040C414606F114
:101E7000AC000835FFF72AFD24F8020CBC42EAD179
:101E800008B0BDE8F0872DE9F04F1C4689B0064642
:101E900000F52F7B6D4604F1100800F1A80A00F54B
:101EA00034796B46FFF75AFCD6F8B872594695ED6F
:101EB000000A50463A460434FFF7ECFD95ED010A5E
:101EC00024F8040C3A46494606F1AC00FFF7E2FD5F
:101ED00024F8020C444505F10805E5D109B0BDE838
:101EE000F08F000010B5044618B34FF400720021C3
:101EF00017F02DF84FF400720021A01817F027F802
:101F00001422002104F5806017F021F8142200212A
:101F100004F2144017F01BF8064BC4F8343403F1F4
:101F2000064303F5FE23CF33C4F83834002384F886
:101F30003D3410BDB979379E10B50446C8B14AF694
:101F40004443994219BF0B4A28230B4A4023C0F847
:101F5000282480F83C348800FFF78EFD04F5866362
:101F6000064AC4F82C0420461A60BDE81040FFF76A
:101F7000B9BF10BDC8BA020848BD0208AC655740D9
:101F800038B50D460446A0B100F23C41284600F0A9
:101F9000CDF8C4F82804A800FFF76EFD04F58663A9
:101FA000044AC4F82C0420461A60BDE83840FFF704
:101FB00099BF38BD1C4F774038B50D460446A0B1D7
:101FC00000F23C41284600F0C5F8C4F82804A800F7
:101FD000FFF752FD04F58663044AC4F82C0420463A
:101FE0001A60BDE83840FFF77DBF38BD1C4F774011
:101FF00007EE902A07EE101A00F58662B8EEC77A4F
:10200000F8EEE77AD2ED006A2DE9F04F2DED028B64
:1020100090F83C8427EE267A90F83D5467EEA67A35
:1020200085B01E4608EB050700EB850203F1100B97
:1020300000F5806300EB870A82ED007A0293044684
:1020400000F234438AED007A0AF50077C2ED807A17
:102050004FF000094FEA8802DFED338ACAED807A3B
:1020600001920393D4F82834B0EE688AB0EE680A7F
:1020700051464B443A460020404503F11003A1F17C
:102080001001A2F1100224D3D4F82C240436DDE987
:102090000210FFF7FFFCB0EE480A26F8040C04F229
:1020A0001441D4F82C2404F58760FFF7F3FC019B5E
:1020B00026F8020C5E459944D4D10135454514BF3C
:1020C000EDB2002584F83D5405B0BDEC028BBDE8AF
:1020D000F08F53ED047A043091ED047AA7EE870A6D
:1020E00092ED047AA7EE878A53ED037A91ED037A95
:1020F000A7EE870A92ED037AA7EE878A53ED027A5C
:1021000091ED027AA7EE870A92ED027AA7EE878A0E
:1021100053ED017A91ED017AA7EE870A92ED017AEB
:10212000A7EE878AA8E700BF000000004AF64443F4
:10213000984204D109B140230B700448704709B993
:102140000348704728230B70FAE700BF48CA02080B
:10215000C8C702084AF64443984204D109B1402353
:102160000B700448704709B90348704728230B7067
:10217000FAE700BFC8C3020848C102081223014899
:102180000B807047C4000020042301480B80704777
:1021900098000020002370B54D1C1E46040FB0F1BE
:1021A000204F4FEA001034BF3034373401F8134069
:1021B00005F813600133DCB2A242EFD870BD000015
:1021C0001A2310B50B800A4BD3F8100AD3F8182A3B
:1021D00080180AD0D3F8144A08220649FFF7DAFF1C
:1021E000042210312046FFF7D5FF034810BD00BF81
:1021F0000070FF1F7E0000207C00002010B50C4600
:1022000002F054FA1223044A2380044B012808BF29
:102210001A46104610BD00BFB00000209C000020F0
:1022200038B50D46044602F041FA01282A4606490F
:1022300007BF064B0648074B0748002C18BF184637
:1022400000F05EFE004838BDA807022068A0020822
:10225000C1A0020886A00208A5A002080A460348F9
:10226000034908B500F04CFE014808BDDCA0020897
:10227000A80702200A460348034908B500F040FEBB
:10228000014808BDEDA00208A80702200A4603483D
:10229000034908B500F034FE014808BD05A1020855
:1022A000A80702200A46054908B520B9044800F0ED
:1022B00027FE024808BD0348F9E700BFA80702202F
:1022C0001AA1020831A102080A460348034908B5C9
:1022D00000F016FE014808BD48A10208A807022028
:1022E0000A460348034908B500F00AFE014808BD44
:1022F00060A10208A8070220002070470020704754
:1023000010B5084C0848F4F727FF042801D1002035
:1023100010BD03F0F1FF08B1013CF3D14FF0FF30E5
:10232000F6E700BF40420F00144F022008B5FAF74D
:10233000C3F820B103F0E0FF003818BF012008BD4A
:1023400038B5124DFFF7F2FF04462B7838B913B9B0
:102350004FF0FF3038BD03F0E1FF2C70F8E743B9D0
:1023600003F0DCFF04F01AF80028F1D101232B70F0
:1023700003E003F0CDFF0028F2D00548F4F7ECFEAF
:10238000043818BF4FF0FF30E4E700BFA808022070
:10239000144F022073B516461C460D4639B9114A32
:1023A0004FF0FF3013680133136002B070BD002B93
:1023B000F5D00020FFF7C4FF0028F0D14FF4FA63F6
:1023C00032462946084800932346F4F763FA00286A
:1023D000E5D1FFF795FF0028E1D1044B1A681444BA
:1023E0001C60E2E784FA0120144F022088FA0120E1
:1023F00073B516461C460D4639B9114A4FF0FF30E9
:1024000013680133136002B070BD002BF5D00020BB
:10241000FFF796FF0028F0D14FF47A733246294631
:10242000084800932346F4F73FF90028E5D1FFF769
:1024300067FF0028E1D1044B1A6814441C60E2E7EE
:1024400084FA0120144F02208CFA012008B5FFF70E
:102450006DFF60B103F05CFF08B1002008BD03F020
:102460009DFF0028F9D0034A1368013313604FF031
:10247000FF30F3E784FA012070B5154688B00E46A8
:1024800021B94FF0FF34204608B070BD002AF8D0C3
:102490000020FFF7DBFF04460028F2D1694605481B
:1024A000F4F7BDFD0028ECD1069B3360079B2B8021
:1024B000E9E700BF144F022044F28402904208B5BD
:1024C00005D80021034816F042FD024808BD00204F
:1024D000FCE700BFAC08022070470000024BD3F8B5
:1024E000D404C0F30D007047984F022000F29C41C5
:1024F000D0F8DC0400F03FB9242303FB0103D0F83B
:10250000DC04D3F8602200F066B9242303FB010346
:10251000D0F8DC041A6A00F098B9D0F8DC0400F0B6
:1025200034BA38B5C5790446D0F8DC04003D18BF8C
:10253000012500F0DEF9D4F8DC04294600F009FAA0
:102540002846BDE8384002F0B7B8D0F8DC0400F007
:1025500003BAD0F8DC0400F00DBAD0F8DC0400F0C7
:1025600034BAD0F8DC0400F01DBAD0F8DC0400F076
:102570003FBAD0F8DC0400F03DBA000010B50C4CB6
:10258000C4F8DC04C0F8C84203F082FF4FF40071C5
:102590002046F5F7FDFC402200212046F5F7D9FC46
:1025A0004FF4E07201212046F5F7D3FC002010BD66
:1025B000984F022008B5D0F8C802F4F7DFFF0028D2
:1025C00018BF032008BD08B5D0F8C802F4F7EBFF28
:1025D000002818BF032008BD08B5D0F8C802F4F7DA
:1025E000F7FF002818BF032008BD10B51446D0F827
:1025F000C8021A462346F5F717F8002818BF03202B
:1026000010BD08B5D0F8C802F5F743F8002818BF88
:10261000032008BD08B5D0F8C802F5F781FC0028F2
:1026200018BF032008BD08B5D0F8C802F5F799F81F
:10263000002818BF032008BD08B5D0F8C802F5F778
:10264000C7F8002818BF032008BD11F0800FD0F88C
:10265000C8324FF0240217BF01F07F0102FB0133A3
:1026600002FB0133987D08BF93F85602704708B506
:10267000D0F8C802F4F7C5FF002818BF032008BD32
:1026800008B5D0F8C802F5F752F8002818BF0320A3
:1026900008BD08B5D0F8C802F5F724F8002818BF1F
:1026A000032008BDD0F8C802F5F739B878B1002387
:1026B000C0F8B832C0F8C432C0F8D03209B1C0F89E
:1026C000B4120123027080F89C32FFF757BF032039
:1026D000704710B50446FFF77FFF012384F89C3252
:1026E000D4F8B8321BB15B682046217998470023A3
:1026F0002046C4F8C432C4F8B432C4F8D032BDE8BD
:102700001040FFF757BF002313B50446ADF806305D
:1027100081B1CB6AC0F8B81223B10DF10600984719
:10272000C4F8D002D4F8D83200200133C4F8D8322B
:1027300002B010BD0320FBE7FFF745BF10B504460C
:10274000FFF74AFFD4F8B8321BB15B682046217905
:102750009847002010BDD0F8B8320BB11B6818475D
:102760001846704708B5D0F8B8325B68984700281B
:1027700018BF032008BD38B500F2AA250446284634
:1027800000F0A8FB012394F8AA12C4F89432B4F81C
:10279000B032C4F8983201F01F03012B08D0022B8D
:1027A0000CD08BB929462046BDE8384000F05AB914
:1027B00029462046BDE8384000F0B8BA29462046F0
:1027C000BDE8384000F0E1BA204601F08001BDE8E4
:1027D0003840FFF728BF70B5044639BBD0F89432B3
:1027E000032B12D1D0F85831B0F8602193420ED9A2
:1027F0009B1AD0F864119A421144C0F8583138BF7E
:102800001A46C0F8641100F0C3FB002070BD90F8B8
:102810009C32032B06D1D0F8B8321B6913B1C0F833
:10282000D4129847204600F0BBFBEEE790F89C32AC
:10283000032BEAD1D0F8B8329B69002BE5D00022F7
:10284000BDE87040C0F8D422184770B504460D4664
:1028500000293FD1D0F89432022B10D18269038C29
:102860009A4214D9416AD21A19448261416200F035
:1028700076FB2B462A4629462046FFF70AFF94F8A6
:10288000A03213B1002384F8A032002070BD0CD117
:1028900043699A4209D8D0F89822934205D20A4651
:1028A00000F05DFBC4F89852E3E794F89C32032BE8
:1028B00008D1D4F8B832DB6823B100222046C4F82E
:1028C000D422984780212046FFF7ADFE204600F035
:1028D00072FBD4E790F89C32032BD6D1D0F8B832F3
:1028E0005B69002BD1D00022BDE87040C0F8D42233
:1028F0001847F8B501230021044680F89C32D0F82F
:10290000B832C0F894124160C0F8A41280F8A01246
:10291000BBB900260022402501274023114620464E
:10292000FFF763FE2B4600228021204684F8637166
:10293000A4F86051FFF759FE304684F823702584CF
:10294000F8BD5B68002BE4D098470028E1D003264F
:10295000E0E701740020704790F89C32042B04D00B
:1029600090F89C32DBB280F89D32042380F89C32D0
:102970000020704790F89C32042B04D190F89D32CF
:10298000DBB280F89C320020704708B590F89C229A
:10299000032A05D1D0F8B83213B1DB6903B19847E7
:1029A000002008BDD0F8D422AE3250F8222008B55D
:1029B0004AB190F89C32032B01D1136A0BB9002065
:1029C00008BD9847FBE70320FAE7D0F8D422AE32DF
:1029D00050F8222008B54AB190F89C32032B01D15F
:1029E000536A0BB9002008BD9847FBE70320FAE7BC
:1029F00000207047012208B580F89C22D0F8B82248
:102A00000AB9002008BD5268017990470028F8D023
:102A10000320F7E7002070470020704710B5428878
:102A200003789A420AD904782044234444789BB21C
:102A3000052CF6D184788C42F3D110BD0020FCE740
:102A400002780B88104413440B80704710B504467D
:102A50008021FFF7E8FD00212046BDE81040FFF788
:102A6000E2BD000073B50B7804460D4603F0600329
:102A7000202B09D0402B07D093B12046FFF7E6FF6B
:102A80000025284602B070BDD4F8D432294620462D
:102A9000AE3354F823309B6802B0BDE8704018474D
:102AA0004B78092BE9D801A252F823F0CD2C01086C
:102AB000112D01087B2A0108F52C01087B2A010849
:102AC000C72B0108D52A01087B2A0108A12C01087F
:102AD000092C01080023ADF806304B881A0A013A88
:102AE000062ACAD801A151F822F000BF092B01081B
:102AF0003B2B0108552B01087B2A01087B2A010882
:102B0000992B0108AF2B0108D0F8B4321B680DF1E6
:102B10000601207C9847EA88002A00F0A480BDF8CE
:102B20000630002BA9D09A42014628BF1A46ADF8BC
:102B30000620204600F005FAA2E7027CD0F8B83261
:102B400032B99B6A0DF10600984702234370E2E711
:102B5000DB6AF7E7DBB2052B8FD8DFE803F0030968
:102B60000D111519D0F8B4325B68002BCFD184E772
:102B7000D0F8B4329B68F8E7D0F8B432DB68F4E7F9
:102B8000D0F8B4321B69F0E7D0F8B4325B69ECE7F7
:102B9000D0F8B4329B69E8E7037C002B7FF46DAF7B
:102BA000D0F8B8320DF106005B6B9847B3E7037CB1
:102BB000002B7FF462AFD0F8B8320DF106001B6B2A
:102BC00098470723C2E78B88002B7FF456AFCB884A
:102BD000002B7FF452AF4D887F2D3FF64EAF90F81B
:102BE0009C32032B3FF449AFEDB2294680F89E5248
:102BF000FFF73DFD204600F0D3F91DB1022384F814
:102C00009C323DE70123FAE78978474D0129297075
:102C100003D9FFF71BFF032533E790F89C32022B03
:102C2000DEB208D0032E17D0FFF710FF2978204618
:102C3000FFF798FDEFE7B1B101214160FFF78BFD90
:102C40000546204625B1FFF701FF84F89C6218E78E
:102C500000F0A6F90323D2E749B90223416080F8C6
:102C60009C32FFF77FFD204600F09AF908E74168A3
:102C70000129F8D0C9B2FFF775FD297820466160B7
:102C8000FFF769FD05460028EDD02046FFF7DEFE80
:102C900021792046FFF766FD022384F89C32F0E696
:102CA000CA88012A7FF4E9AE90F89C120229CBB2BF
:102CB00007D8002B3FF4E1AE0146002341F8083F5E
:102CC00037E7032B7FF4D9AE011D32E790F89C3231
:102CD000013B022B3FF6D1AECA88022A7FF4CDAE6B
:102CE000D0F8A4320146002B0CBF0123032341F886
:102CF0000C3F1EE74B88012B02D1C4F8A432B2E787
:102D0000022B7FF4BAAE8B881B0A80F8A032AAE7A8
:102D100090F89C32013B022B3FF6AFAE4B88012B63
:102D20007FF4AEAE0023E8E73049022070B50B789F
:102D300004460E4603F060025B0601D5402A1FD10F
:102D400094F89C32013B022B1AD831792046022993
:102D500017D8FFF75FFE88B9D4F8B8329B686BB11B
:102D6000C4F8D4023146204698470546F3881BB97B
:102D700015B9204600F014F9284670BD0325F5E783
:102D800020460025FFF762FEF6E770B50B78044693
:102D90000E468A8803F060030D79202B58D0402B13
:102DA00056D01BB12046FFF751FE3DE04B78012B7A
:102DB0003CD0032B25D0002BF4D190F89C32022B71
:102DC000D9B261D00329EDD105F00F0312F0800FC5
:102DD0004FF0140202FB030368D093F82330002B5A
:102DE000E0D005F07F031426802D03FB0666064421
:102DF00068D029462046FFF728FC002868D0012328
:102E000061E090F89C32022BDAB233D0032AC9D1A8
:102E10004B8833B9690604D0F38813B92946FFF704
:102E200002FC204600F0BCF8002070BD90F89C32F7
:102E3000022BDAB21ED0032AB4D14B88002BF3D177
:102E40006B0602D02946FFF7F7FB204600F0A8F8F2
:102E500029462046FFF7E0FD0028E5D1D4F8B83236
:102E6000C4F8D4029B68002BDED031462046BDE872
:102E7000704018476A0695D02946FFF7D4FB802199
:102E80002046FFF7D0FBCFE769068BD113064FF042
:102E900000034FF002024CBF00F1140100F5AA71CB
:102EA00001F80E3F204600F04CF8BDE793F863317F
:102EB000002B3FF477AF142606FB050606F5AA762D
:102EC000002D96D10023B373022206F10E01E9E72B
:102ED000B073F9E70B7803704B7843704B884380ED
:102EE0008B888380CB88C380704710B504468021CF
:102EF000FFF799FB00212046BDE81040FFF793BB88
:102F000070B50D461646044698B1EDF7D5FE013C66
:102F1000C0B200210130430080288CBF4FF4807381
:102F20009BB233802B7003236B70022314F8012FA4
:102F300002B970BDEA545A1C0233D2B2DBB2A954B2
:102F4000F4E71346022210B5C0F894220A46436102
:102F5000416200218361FFF793FB002010BD08B59B
:102F600013460A460021FFF78BFB002008BD1346DD
:102F7000032210B5C0F894220A46C0F85431C0F8B4
:102F800064110021C0F85831FFF783FB002010BD09
:102F900008B513460A460021FFF77BFB002008BD59
:102FA00008B504220023C0F8942219461A46FFF7F8
:102FB00067FB002008BD08B505220023C0F8942255
:102FC00019461A46FFF765FB002008BD0A23038057
:102FD0000048704758010020F8B5044644F28400C8
:102FE000FFF76AFAD4F8D432B03344F8230008B9B2
:102FF0000220F8BD1C4E237C31781C4DC4F8BC0265
:103000000BBB4FF40073022220461427FFF7EDFAA2
:103010003378012603F00F0307FB034383F8636152
:103020004FF40073022229782046FFF7DEFA2B784E
:10303000204603F00F0307FB034383F8236000F0EF
:1030400051F90020D5E74023022220461427FFF73C
:10305000CCFA3378012603F00F0307FB034383F810
:1030600063614023DEE700BF5401002055010020CA
:10307000F7B50D46D0F8D4120023044600EB8101C9
:10308000ADF80630D1F8C06276B12B7813F060024B
:103090002FD0202A04D16A78FE2A07D0FF2A1BD01D
:1030A00029462046FFF721FF032020E06A88002AF6
:1030B000F6D1EF88012FF3D11A06F1D5D1F8C43239
:1030C0009B69984702283A46314628BF0220306063
:1030D0002046FFF736FF09E06A88002AE0D1EA8837
:1030E000002ADDD11B06DBD400F02AF9002003B052
:1030F000F0BD6B780B2BD3D801A252F823F000BFA0
:10310000313101085D310108A1300108A130010809
:10311000A1300108A1300108A1300108A130010847
:10312000A1300108A1300108413101084F310108E7
:1031300090F89C32032BB3D102220DF10601C7E7B0
:1031400090F89C32032BABD10122311DC0E790F8DF
:103150009C32032BA4D1AB787360C7E790F89C3204
:10316000032BC3D16B88002BC0D12979FFF752FA0A
:103170002979204600F0D4F9B8E700BF08B500F07F
:1031800037F9002008BD08B500F052F9002008BD4D
:1031900038B5812105460B48FFF740FC0446012164
:1031A0000848FFF73BFC1CB1002222710222627129
:1031B00018B10022027102224271202301482B80A3
:1031C00038BD00BF6401002038B5812105460B4899
:1031D000FFF724FC044601210848FFF71FFC1CB13F
:1031E000402222710022627118B140220271002235
:1031F0004271202301482B8038BD00BF64010020AC
:10320000FFF7E2BFF8B5194D04461426184F297888
:10321000FFF7F7F92B780025397803F00F032046E4
:1032200006FB034383F86351FFF7EBF93B7803F0A8
:103230000F0306FB034383F82350D4F8D432B03392
:1032400054F8233083B1204600F09EF8D4F8D432ED
:10325000B03354F82300FFF73FF9D4F8D432B03339
:1032600044F82350C4F8BC520020F8BD540100209B
:103270005501002039B1D0F8D43200EB8300C0F8FA
:10328000C41200207047032070470000D0F8D432E9
:10329000B03370B550F823500446F5B105F58043BE
:1032A0001A7F3AB99B692BB16B7A1BB90B4B197812
:1032B000FFF7B9F90A4E20463178FFF7B4F96B7A77
:1032C000022B0AD131782046FFF7ADF9034B204697
:1032D0001978BDE87040FFF7A6B970BD5401002011
:1032E00055010020D0F8D43200EB830370B5D3F839
:1032F000C0520446FDB105F5804200200E4E2881E3
:10330000A2F8600082F86200D3F8C4321B689847C4
:1033100031782046FFF77EF9084B20461978FFF7F1
:1033200079F905F58042317820461F231032BDE837
:103330007040FFF7AEB970BD540100205501002068
:10334000D0F8D432B03370B550F823500446ADB144
:103350004FF480730A4E2B810A4B1978FFF76CF9F2
:1033600031782046FFF768F905F58042317820462C
:103370001F231032BDE87040FFF78BB970BD00BF4E
:103380005401002055010020D0F8D432B03350F859
:1033900023300BB100221A7270470000D0F8D432EB
:1033A000B03370B550F823500446D5B105F58043CD
:1033B0000C4A83F83C101A63002305F580420A4941
:1033C0002B720D2330320978FFF75AF905F5804248
:1033D000064920461F2310320978BDE87040FFF7E8
:1033E00058B970BD55534253550100205401002077
:1033F000D0F8D432B03350F8232010B50446B2B11F
:10340000137A022B07D0033B012B10D80021BDE813
:103410001040FFF7C3BF02F580431A46597F1F32A1
:1034200000F0A4F9002802DA01212046EFE710BDE0
:10343000D0F8D432B03370B550F8235004461DB1E3
:103440002B7A13B1012B5AD070BD05F580467369F4
:103450007363B369B3632F4B1978FFF723F91F2800
:10346000717F0AD132692C4B9A4206D12B6899425E
:1034700003D8B37F013B0F2B0BD920230522204615
:1034800000F090FC02236B722046BDE87040FFF70D
:10349000FDBE05F5804220461F3200F067F9002886
:1034A0002B7A07DA052BEFD101212046BDE87040C9
:1034B000FFF774BF013B022BC6D9E9680029F4D09D
:1034C000D4F8D432B03354F823000028BCD000F52F
:1034D0008042966B9369761A8B4296634FF0000692
:1034E00028BF0B460D4982F83C600422097802721D
:1034F00005F110022046BDE87040FFF7C1B805F5A0
:1035000080431A46597F1F3200F030F900289BDAB9
:10351000CAE700BF54010020555342435501002023
:10352000D0F8D432B03350F8233010B50446B3B1DC
:103530005B7A022B0AD10A4B1978FFF774F8094B12
:1035400020461978BDE81040FFF76DB80A0606D589
:10355000012B04D00121BDE81040FFF71FBF10BDB3
:103560005501002054010020D0F8D432B03350F877
:10357000233010B5B3B103F5804494F8610003EB38
:10358000C00303F5804383F84420002283F84010F1
:1035900083F84520431CDBB2042B14BF84F8613050
:1035A00084F8612010BD00002DE9F74F044608465D
:1035B000D4F8D42204EB8202D2F8C05235B305EB22
:1035C000011744F27008D2F8C42205F1100B07F578
:1035D000804A57F80860526944F26C09BAF86430BE
:1035E00059465E43B6F5804F28BF4FF48046B6FB80
:1035F000F3F301969BB2164657F80920B04700280E
:1036000007DA032204212046FFF7AEFF4FF0FF3018
:1036100019E0BAF8643005F58045019AB2FBF3F081
:1036200057F80920024447F8092057F80820111AD2
:10363000019A47F80810A86B801AA86331B9204690
:10364000FFF7ACFE002003B0BDE8F08F4B43064906
:103650005A462046B3F5804F097828BF4FF480437F
:10366000FFF717F8EEE700BF540100202DE9F74FF0
:1036700006460846D6F8D42206EB8202D2F8C0727B
:1036800037B307EB011544F27008D2F8C42207F1F2
:10369000100B05F5804A55F80840126944F26C0990
:1036A000BAF8643059465C43B4F5804F28BF4FF4F4
:1036B0008044B4FBF3F301949BB2144655F80920FF
:1036C000A047002807DA112204213046FFF74CFFFB
:1036D0004FF0FF301DE012495A46019B30460978F1
:1036E000FEF7CEFFBAF86420019B07F580410198F0
:1036F000B3FBF2F255F80930134445F8093055F898
:1037000008309B1A45F808308A6B121A8A631BB17D
:10371000002003B0BDE8F08F03233B72F8E700BF41
:103720005501002038B5D0F8D452B03550F82540B6
:103730005CB101F206411A4404EB0114A3689A42F9
:1037400006D921220521FFF70FFF4FF0FF3038BDCA
:103750000020FCE710B508B1C26002B910BD013A03
:1037600092B28C5C83181C74F7E70000D0F8D43256
:1037700000EB83032DE9F743D3F8C04206460D461C
:103780001746002C00F0CD8012782F2A4CD8112A31
:1037900007D8002A00F0B680032A00F0D480202247
:1037A00032E1123A1D2AFAD801A151F822F000BFE5
:1037B000A93901089F3701089F3701089F37010881
:1037C0009F3701089F3701089F3701089F3701087D
:1037D0002F3A0108EF390108713D01089F370108B0
:1037E000213A01089F3701089F3701089F370108D8
:1037F0009F370108833A01089F370108D93A010829
:103800009F3701089F370108333B01089F370108A4
:103810001D3C01089F3701089F3701089F370108A9
:103820009F370108053D0108A02A00F080823FD89B
:103830005A2A00F012819E2AB1D104EB0112D3F86A
:10384000C4324FEA01182846114602F580425B68EF
:1038500001F58041643268319847002840F02081AA
:1038600004F5804393F86230022B00F01981D7F8F9
:103870000A3004F10F021BBAE36013449A4240F08D
:10388000558104EB080303F580439A6E013A110E4B
:10389000E2752175110C6175110A0022A175228350
:1038A000B3F864305BBA6383D7F80A301BBA79E0A7
:1038B000A82A00F08381AA2A7FF471AF227A002A15
:1038C00040F00C8204F58048D8F81820002A3FF414
:1038D00066AF98F91C20002AFFF661AFD3F8C43216
:1038E00008469B68984728BBD6F8D432284606EB92
:1038F0008303D3F8C432DB689847002800F0F581D1
:10390000272218E004F58042916900297FF447AF2F
:1039100092F86210022907D13A22FFF725FE05230B
:1039200023724FF0FF300BE0D3F8C43228469B6877
:10393000984718B13A2202213046EEE7E0600020B5
:1039400003B0BDE8F08304F58045AB69002B3FF47C
:1039500026AF11220021A01815F0F9FA7023237464
:103960000C23E37595F8603095F861209A4213D0E6
:1039700004EBC302013302F58042DBB292F840103F
:10398000042BA17408BF002392F84410217792F809
:103990004520627785F860301223E3603A799A42D5
:1039A00098BF1346E360CAE704F580429269002A93
:1039B0003FF4F5AE7A78D2070CD5BB782BB9062246
:1039C000A8492046FFF7C6FEB9E7802B1BD1082285
:1039D000A549F6E7D3F8C4323A79D969242303FB21
:1039E00005110B7905339A4228BF1A46E9E704F519
:1039F00080423B7992F8621003F00303012905D15C
:103A0000022B40F0C181242205214BE0012B01D182
:103A1000002302E0022B40F0BA8182F86230B9E163
:103A20003B7904F58042003B18BF0123F5E7D3F84A
:103A3000C4322846DB68984750B18C4A937863F0CB
:103A40007F0393703A798949042A28BF0422B8E792
:103A5000874A937803F07F03F3E7D3F8C43208462C
:103A6000DB689847824AD37840B143F08003D37033
:103A70003A7A7F49082A28BF0822A2E703F07F0389
:103A8000F5E7D3F8C4320DF1020201A928465B68BC
:103A9000984728B904F5804393F86230022B05D18A
:103AA0003A2202213046FFF75FFD3AE70823206102
:103AB000A061E374019B013B1A0EE37522751A0C99
:103AC00062751A0A0223A2752376BDF802305BBA2A
:103AD00063830C23E36033E704EB0512D3F8C432AD
:103AE00028462F01114602F580425B6801F58041AE
:103AF0006432683198470028D2D104F5804393F8A6
:103B00006230022BCCD0E31903F580439A6EA08279
:103B1000013A110EE2742174110C6174110AA1743E
:103B2000B3F864305BBAE38208233BE702F8010F85
:103B3000A4E6227AC2BB04F5804898F91C20002A2A
:103B4000BFF62DAE98F86220022AA9D0D3F8C4326D
:103B500028469B6898470028A2D1D7F8022004EB9A
:103B6000051944F26C03294612BA304649F803207D
:103B7000B7F8073044F270075BBA9BB249F80730D8
:103B8000FFF7D0FD01303FF4CCAE05F2064359F803
:103B9000072004EB03139B885343D8F818209A425C
:103BA0007FF4FDAD022323724FF480432946304653
:103BB000E36003B0BDE8F043FFF758BD227A002A66
:103BC000F2D104F5804898F91C20002ABFF6E7AD31
:103BD00098F86220022A3FF463AFD3F8C432084653
:103BE0009B68984700287FF45BAFD7F8022004EB6E
:103BF000051144F26C03304612BA4FEA0519CA5057
:103C0000D7F8063044F270071BBACB512946FFF7AC
:103C100089FD01303FF485AEA144B6E7227A002A3F
:103C20005CD104F58048D8F81820002A3FF4B7ADDD
:103C300098F91C20002AFFF6B2ADD3F8C43228460A
:103C40009B68984700287FF42BAFD6F8D4322846DB
:103C500006EB8303D3F8C432DB68984750B12722C0
:103C60001FE700BFD0010020C8010020C4010020D0
:103C7000BC010020D7F8022044F26C0304EB0519C4
:103C800012BA49F80320B7F807305BBA9BB244F286
:103C900070072946304649F80730FFF743FD0130E9
:103CA0003FF43FAE05F2064559F8072004EB051531
:103CB000AB885343D8F8182093427FF470AD0122AB
:103CC000B3F5804F34493046227228BF4FF4804309
:103CD00004F110020978FEF7DCFC30E62946304694
:103CE00003B0BDE8F043FFF75FBCD7F8022044F211
:103CF0006C0304EB051912BA49F80320D7F8063013
:103D00001BBAC4E77B7813F002077FF47CAE04EBA8
:103D1000051244F26C0144F27003D35852582946FC
:103D2000FFF700FD01303FF4FCADE76007E61B4DF7
:103D300018220021284615F00AF923680133C3F33D
:103D40004751DA002970C3F34F31C3F35713EA70B8
:103D500069700021AB70CBB220680131834203D976
:103D600008320E4992B22CE605EBC3004372F2E72B
:103D7000B7F80320002A3FF4E2AD52BA084992B2E4
:103D8000082A28BF08221CE6012B3FF441AE032B72
:103D90003FF43EAE002305E65401002039490220DD
:103DA00031490220D0F8D412B03150F8211010B5AA
:103DB000B1B101F5804494F8610001EBC00101F557
:103DC000804181F84430431C81F840200022DBB25E
:103DD00081F84520042B14BF84F8613084F86120F9
:103DE00010BD0000054A03461278012A0BBF982235
:103DF0007A22034803481A80704700BF64490220B2
:103E0000F801002090020020054A03461278012A9A
:103E10000BBF98227A22034803481A80704700BFDC
:103E20006449022068490220004A022038B5D0F8CF
:103E3000D43200EB8303D3F8C042002C63D004F5E6
:103E4000405494F84A2D012A5BD13049D4F88C2D86
:103E5000097801293BD102F0FF122D498A421FD176
:103E600094F88D2D012A15D194F88B2D032A11D9A0
:103E7000D4F84B5D4AF64442954203D04BF680326B
:103E8000954207D1D3F8C43228465B69984708B9F0
:103E9000204B1D60002384F84A3D84F88B3D30E0C0
:103EA0001D498A42F6D194F88D2D012AF2D194F859
:103EB0008B2D002AEED094F84B0D003818BF01204E
:103EC00084F89A0DD3F8C4321B699847E2E722F0D0
:103ED0007F42124922F0FF028A420ED194F88B2DC4
:103EE000022A0AD994F84D5D94F84C2D2D0445EA28
:103EF000022594F84B2D1543BCE794F88C2D022A2B
:103F0000D9D0002038BD0320FCE700BF644902205F
:103F100010000100D8010020020001000001020091
:103F200000207047D0F8D432B03350F823309BB122
:103F30000A4A127802F07F0291420DD11A685AB1F2
:103F400003F540530022A3F8982D0222A3F8942DE4
:103F5000034A13680133136000207047DC0100201E
:103F600058490220044B1A780A230380034B044863
:103F7000012A18BF1846704764490220EC0100204E
:103F8000E0010020D0F8D422B03250F8222008B549
:103F90002AB1C4230432FEF77CFB002008BD0320B5
:103FA000FCE7000038B5D0F8D4320546B03350F8FD
:103FB000234024B3154B1B7803F07F0399421ED195
:103FC0002368E3B1FEF78AFA114A80B22B7C12789B
:103FD000012A16D1002B14BF0123072304F54054F6
:103FE000002218440123A4F8942D0A4AC0F30D00BE
:103FF000A4F8983D1368A4F8960D013313600020CF
:1040000038BD002B0CBF0F230123E7E7DC010020A4
:10401000644902205C490220D0F8D432B03370B534
:1040200050F8236004460D46C6B1012901D0002096
:1040300070BDFEF737FBD4F8D43204362A4604EBC1
:10404000830381B23046D3F8C4329B699847C423B6
:10405000324629462046FEF71CFBE8E70320E7E747
:10406000D0F8D432B0332DE9F3410D4650F8234057
:1040700000210646ADF80410A4B12B7813F06002BD
:1040800000F00A81202A09D1BC4A6F781278012AEF
:1040900040F0B680012F07D0022F7BD02946304652
:1040A000FEF723FF032011E0B5F8048018066F889F
:1040B00003F003024FEA18284FEA172744D5012AD4
:1040C00007D029463046FEF710FF002002B0BDE8B9
:1040D000F08104F5755340220B33184614F037FF76
:1040E000B8F1100F034625D1012F17D1A44A04F5CA
:1040F00040541268110A84F84B2D84F84C1D110CA1
:10410000120E84F84D1D84F84E2DEA88042A28BF2B
:10411000042219463046FEF714FFD6E7022FD0D10D
:1041200004F54054012284F84B2DEA88003A18BF68
:104130000122EEE7B8F1020FC3D1012FC1D104F57E
:10414000405494F89A2DEEE7012ABAD1B8F1100F35
:1041500003D1012FB5D1042704E0B8F1020FB0D18B
:10416000012FAED1EB88BB42ABD104F54053012205
:1041700004F57551304683F84A2D83F88D2D0B31A7
:1041800083F88E2D3A4683F88B7D83F88C8DFEF76D
:10419000EEFE9AE71A0681D503F00303012B90D1B6
:1041A000AB881B0A102B8CD16B881B0A012B88D182
:1041B00004F575503F2200210C3014F0C8FE04F5C0
:1041C00040530222442183F84B2DAC2283F84D1D2D
:1041D00083F84E2D83F8511D802183F8522DBB2288
:1041E00083F8591D83F85D1D04F5755183F85A2D28
:1041F00083F85E2D0B31EA881A2A28BF1A2289E734
:10420000012F2CD0812F7FF449AF04F57553402244
:1042100004F540540B33184614F099FE29780346F0
:10422000EA8801F00301022911D16988090A0129EC
:104230000DD15349032A096828BF0322080A84F8CC
:104240004B1D090C84F84C0D84F84D1D61E794F862
:104250009A1D402A84F84B1D28BF402259E7EA885E
:10426000002A3FF432AF402A04F5405103F0030323
:1042700028BF402281F84A7D81F88B2DAE88360A0E
:1042800081F88C6D6D8881F88E3D2D0A81F88D5DE9
:1042900004F575510B317AE76B780B2B3FF6FEAEC8
:1042A00001A252F823F000BFD9420108CB40010817
:1042B0009D4001089D4001089D4001089D40010866
:1042C000E94201089D4001089D4001089D40010808
:1042D000334301084343010890F89C32032B7FF4D9
:1042E000DDAE022201A915E76B881B0A212B7FF4A2
:1042F000ECAED0F8D042237862889A427FF6CEAEF8
:104300002046ADF806306288BDF806309A427FF646
:10431000C5AE0DF10601FEF793FB4378242BF2D1D5
:104320008378012BEFD1EA880146092A28BF0922A8
:10433000F0E690F89C32032B7FF4B0AE01222146C8
:10434000E8E690F89C32032B7FF4A8AE2B79012B82
:104350007FF4A4AEAB78012B3FF6A0AE2360094BEF
:104360001978FEF757F9002204F54053A3F8982D69
:10437000226802B10222A3F8942DA6E66449022025
:10438000D8010020DC01002070B504460025184E3D
:104390000121FEF736F92046317884F87751C4F8C8
:1043A0007051FEF72EF93378142203F00F0302FB4D
:1043B000034383F82350DD61D4F8D43204EB830344
:1043C000D3F8C02292B1D3F8C43228465B6898472C
:1043D000D4F8D432B03354F82300FEF77DF8D4F883
:1043E000D432B03344F82350C4F8BC52002070BD1E
:1043F000DC0100202DE9F041044643F69C50FEF715
:104400005BF80546D4F8D432B03344F8230010B931
:104410000220BDE8F0812F4E81230122C4F8BC02A6
:1044200033702046237C11460127002B0CBF042348
:104430000123C4F87031C423FEF7D7F8237C317808
:104440003A46002B204684F8777114BF03230423D7
:10445000FEF7CBF833781422032603F00F034BF654
:1044600080301D4902FB034383F82370227C002A1D
:1044700014BF3A460422DA61002205F540532A604F
:10448000C3F8446DA3F8982D83F89A2DA3F8482D0E
:10449000C3F8942D114B1860114B1A60114B1A6020
:1044A000114B1A60114B19604621D4F8D43204EB39
:1044B0008303D3F8C4321B689847804638B9C423B5
:1044C0002A1D39462046FEF7E4F84046A1E730466B
:1044D0009FE700BFDC010020000080BBD801002066
:1044E000604902205C4902205849022054490220B8
:1044F0000022134630B5C55C85B103445C78052CB9
:1045000006D19C78012C0AD1002908BF04249C7193
:104510002A4492B2D41D1346982CECD930BD812C7C
:10452000F6D1002914BF032404241C714FF00004A9
:104530005C7118BF0124E8E7002270B51346072517
:10454000C65C86B103445C78052C06D19C78012CAE
:104550000AD1002908BF04249C71324492B2D51DAF
:1045600013467A2DECD970BD812CF6D1002914BFE9
:10457000032404241C714FF000045C7114BF012457
:1045800004249C714455E8E7D0F8D43200EB83034F
:1045900070B5D3E9B063054686B37BB332686AB3BE
:1045A00006F5405494F8992D42BB1B6A3BB39847DB
:1045B0001F4B2A7C186032BB4FF4FA5384F8922DBB
:1045C000B0FBF3F3190A84F88F3D1B0C84F8901D9F
:1045D00084F8913D042306F57652164928460F3299
:1045E0000978FEF74DF8E0B10223134AA4F8943D90
:1045F0000023A4F8983D13680133136070BD0F4B7E
:1046000018680004D4E74FF47A63B0FBF3F31A0A96
:1046100084F88F3D1B0C84F8902D84F8913D032382
:10462000D9E70123064AA4F8940D84F8993DE2E7FE
:1046300054490220DC01002058490220D801002002
:104640006049022038B5D0F8D4320546B03350F86E
:1046500023400CB32368FBB104F5405494F8993D12
:10466000D3B994F8983D6BB1FDF738FFB4F8963D97
:10467000C01A10F400500FD184F8980D2846FFF7A7
:1046800083FF09E0B4F8943D002BF7D0013B9BB2C7
:10469000A4F8943D002BF1D0002038BD431E5842B1
:1046A0005841014B1870704764490220014B18783B
:1046B000704700BF64490220154B014610B51B78B6
:1046C000B0FA80F4012B4FEA541410D11148FFF7CF
:1046D0000FFF98220146104814F0EDFC0E4A022309
:1046E000214610465370BDE81040FFF701BF0B484C
:1046F000FFF722FF7A220146094814F0DCFC084A41
:104700000223214610465370BDE81040FFF714BF46
:1047100064490220F801002068490220900200202C
:10472000004A022039B1D0F8D43200EB8300C0F83F
:10473000C4120020704703207047EEF735B8000020
:104740001FB5CDE901120621009101460448F0F79A
:10475000F1FA003818BF0120404205B000BD00BF8B
:10476000D04B0220012B07B50DD8137815220093EA
:104770000B4601460848F0F76CFA003818BF0120D4
:10478000404203B000BDCDE9001201463922024883
:10479000F0F770FAF1E700BFD04B02201FB51022EE
:1047A0000021684614F0D3FB00224FF40041184862
:1047B000EDF7C4FC1420EDF7FDFF01224FF400419A
:1047C0001348EDF7BBFC0A20EDF7F4FF1148F0F7B2
:1047D0001DFA044618B10124204604B010BD0E4B4A
:1047E0006946ADF8000001930C4B0D4802930D4B48
:1047F000039302F06BFC0028EDD10122214608480A
:1048000002F0C2F80028E6D1074B1C70E4E700BFB5
:1048100000240240D04B02206547010841470108AF
:104820007C4A02203B4701087A4A0220EFF31083BA
:1048300072B6044A00211170BFF35F8F03B962B6EC
:10484000704700BFE44A0220002307B501930A4BDA
:10485000186870B101A9F5F70DFD019B4BB14FF040
:10486000E0234FF08052C3F8042DBFF34F8FBFF306
:104870006F8F03B000BD00BFA04A02201FB50A4BD6
:1048800002464FF0140C084619780123009007489F
:10489000CDE9013CEEF76CFA18B1054A1368013313
:1048A000136005B000BD00BFE54A0220684C02203D
:1048B000DC4A022010B5142086B0EDF77BFF1423EC
:1048C000032254212848294CEEF782FB58B954237F
:1048D0000DF11501A8202370FFF7D0FF18B99DF83E
:1048E0001530112B12D01423032270211E48EEF72D
:1048F0006FFBA0BB70230DF11501A8202370FFF7FB
:10490000BDFF60BB9DF81530112B28D1184B11222B
:1049100015481A700123142221788DF81730CDE93B
:1049200001320DF117020092A422EEF747F940B9C7
:104930000DF11601A420FFF7A1FF38B1002006B049
:1049400010BD0C4A136801331360F7E79DF8163069
:1049500003F00303012BF1D1074A1370EEE70023A4
:1049600001202370EBE700BF684C0220E54A0220DB
:10497000E64A0220DC4A0220C14A0220154A0346C8
:1049800030B5127802F0FF00E2B1EFF3108572B695
:10499000114A147804F0FF00ACB1104C24881C803C
:1049A0000F4B1B880B80002313700E4A13680133D2
:1049B00013600D4B1B78DBB205B962B618430038A3
:1049C00018BF012030BD094A12881A80084B1B8885
:1049D0000B80EEE7E54A0220C04A02209E4A0220F0
:1049E0009C4A0220B84A0220E44A0220E24A0220FD
:1049F000E04A0220F8B50546F5F7A2F90228044678
:104A000001D00120F8BD154EF5F7C4FE327802F052
:104A1000FF071AB1F5F7E2FE0020F3E70123337038
:104A2000F5F7DCFE0E4B186820B13B4622463946AE
:104A3000F5F716FBEDF7B8FE0A4F04463B78002B5E
:104A4000DFD0EDF7B1FE001BA84202D30023337084
:104A5000E2E70120F5F746F8F0E700BFA44A02209C
:104A6000A04A0220AF4A02200023064A1370BFF377
:104A70005F8F054A106818B102221946F5F7F0BA9F
:104A8000704700BFA44A0220A04A02202DE9F04F3F
:104A900085B0DFF8C4A2F5F74DF99A4B4FF0000846
:104AA000DFF8B8B218600123974C8AF800309BF801
:104AB000003053B1267806F00F06731E012B76D90D
:104AC000FFF7B4FE00238BF80030DFF8949299F8DA
:104AD000003023B1FFF7AAFE002389F800308B4E87
:104AE000EDF762FE0746337803B3894D2B7803F068
:104AF000FF02DBB9874B1B68C31A132B16D901239E
:104B0000854803922B70016819440160834801684D
:104B100019440160824983480978EEF7E1FA28B127
:104B2000039A012332702A7089F800307E4B1B787B
:104B3000002B00F0A6807D4B1B78002B0CBF1425AA
:104B40000A259AF80030DBB20393F5F723FE784B81
:104B50001B789BB9724B1B7883B1337873B99BF880
:104B600000305BB96A4B1B7843B9039B002B40F0C4
:104B70008A80A7EB0803AB4280F08580F5F72EFE14
:104B8000EDF712FE3378002B00F0B280614B1B680A
:104B9000C21A132A00F2B3801433181A4FF47A7130
:104BA0004843B0FBF1F10120F5F7E2F97FE76278C5
:104BB000A3781202217902F470621343E2781202A0
:104BC000B3F5F07F02F4706241EA020102DAB1F556
:104BD000487F04DB514A13680133136070E7554D79
:104BE0009AB2C3F5EF738FB22888013380B29BB2BB
:104BF000814251482988B0F800C08CBF791AC91B7E
:104C00001FFA8CFC89B2634532D902889A1A92B293
:104C1000EFF3108972B6DFF814E111449EF800C07A
:104C200003295FFA8CFC05DC2A8892B222B902883B
:104C300092B20AB92F800380BCF1000F0ED13F4A17
:104C4000117859B93E490F803E490B80BFF35F8F01
:104C5000012313703C4A136801331360BFF35F8F65
:104C60008EF80060B9F1000F7FF42CAF62B629E72F
:104C7000B0F800C06FF4EF7E1FFA8CFCF44462447D
:104C8000C5E705255DE70123224A33701760F5F774
:104C9000A5FD4FF00003224A22488AF80030012384
:104CA00011780522CDE900420222EEF73FF90123F7
:104CB00060B9264A136801331360039B0BB1B846F1
:104CC0005EE7234A136801331360F8E74FF00002F0
:104CD0002049022832700A6802F101020A603FF49A
:104CE0004FAF0E490A6801320A6089F8003047E781
:104CF000A0EB0803AB4202D24544281A4EE701203C
:104D00004CE700BFA04A0220B04A0220AF4A02206E
:104D1000AC4A0220A84A0220D04A0220DC4A0220E3
:104D2000E54A0220684C0220C14A0220E44A0220DF
:104D3000A44A0220E24A0220E04A0220C04A02209D
:104D40009E4A02209C4A0220BC4A0220D84A0220E5
:104D5000C44A0220CC4A022044030020AE4A02206A
:104D6000AD4A0220094B83420FD1094A136801332F
:104D700013600023074A1370074A1370BFF35F8F55
:104D8000064B01221A70FFF75FBD7047684C022086
:104D9000D44A0220AF4A0220AC4A0220AE4A022086
:104DA000094B83420FD1094A136801331360002372
:104DB000074A1370074A1370074A13700122074B02
:104DC0001A70FFF741BD7047684C0220DC4A022090
:104DD000AE4A0220AF4A0220AC4A0220AD4A02206D
:104DE000074B83420BD10023064A1370064A137007
:104DF000064A13700122064B1A70FFF725BD704753
:104E0000684C0220AE4A0220AF4A0220AC4A02207F
:104E1000AD4A0220012801D100F030BFB0F5005F9B
:104E200008D1054A1368013313600122034B1A703D
:104E3000FFF70ABD704700BFC84A022044030020A4
:104E40002DE9F04190B01422002100240BA8012587
:104E500014F07DF8804B4AF2200180481A6B02263C
:104E60004FF00308082742F010021A631A6B02F091
:104E700010020092009A1A6B42F040021A631A6BF9
:104E800002F040020192019A1A6B42F002021A6388
:104E90001A6B02F002020292029A1A6B42F00802A6
:104EA0001A631A6B02F008020392039A1A6B42F01B
:104EB00004021A631A6B02F004020492049A1A6B39
:104EC00042F001021A631A6B02F001020592059A80
:104ED0001A6B42F400721A631A6B02F400720692A3
:104EE000069A1A6B42F480721A631A6B02F480728B
:104EF0000792079A1A6B42F480621A631A6B02F4E3
:104F000080620892089A1A6B42F020021A631A6BA8
:104F100002F020020992099A1A6B42F080021A6389
:104F200000221B6B03F080030A930A9BEDF706F93E
:104F30004AF220030BA94948CDE90B35CDE90D44D0
:104F4000ECF778FF45F21B030BA944480D94CDE91B
:104F50000B34ECF76FFF4FF400630BA94048CDF81A
:104F60003C80CDE90B36CDE90D44ECF763FF4FF4FF
:104F7000A2430BA93B480D94CDE90B34ECF75AFF43
:104F80004FF400430BA937480D95CDE90B34ECF7EE
:104F900051FFF8230BA934480D94CDE90B34ECF7FD
:104FA00049FF30230BA931480D94CDE90B34ECF7C0
:104FB00041FF0BA92D48CDF83C80CDE90B76CDE91A
:104FC0000D44ECF737FF4FF480730BA928480F947A
:104FD000CDE90B36CDE90D44ECF72CFF4FF404136B
:104FE0004FF400520BA91F48CDE90B23CDE90D5614
:104FF000ECF720FF224607212820EDF713FB28209D
:10500000EDF742FB48230BA91A480D94CDE90B3468
:10501000ECF710FF4FF488130BA915480B95CDE959
:105020000C34ECF707FF144B06205D61EDF796FB9F
:10503000224639460620EDF7F5FA0620EDF724FB67
:1050400080230BA90D480D94CDE90B34ECF7F2FE4B
:1050500010B0BDE8F08100BF0038024000240240DB
:10506000000802400020024000280240000C0240DC
:105070000000024000180240003C0140001C0240B9
:1050800008B5094A094B1046136000239380C2E912
:10509000053301231362EEF78FFE18B1BDE8084017
:1050A000F7F7C8BE08BD00BFE84A02200030024042
:1050B000026882B0084B9A420BD1D3F8302803F52E
:1050C000006342F480521A631B6B03F48053019314
:1050D000019B02B0704700BF0030024008B5034694
:1050E000EFF3058058B9B3F5004F07D3054B1868A7
:1050F00020B1F4F725FE831E5842584108BD002018
:10510000FCE700BF104B022010B578B9204B5A685D
:1051100012F0230FFBD012F0210F36D021220120F4
:105120009A601C4A13680133136011E01A4B142172
:105130001868F4F751F801280BD1BFF35F8F174AB5
:1051400013781BB113490B6801330B601078C0B2A0
:1051500010BDF5F71FFB0E4C0022114B1A7023688F
:1051600023F40C532360236843F004032360F5F712
:1051700035FB0C4A23230320A3601368013313601B
:10518000044A136801331360E2E702229A60DFE702
:1051900000B002406C4B0220104B0220450300205F
:1051A0000C4B02205C4B022007B50E4B4FF44031F4
:1051B0000D4A136001231046C2E901130023D36096
:1051C000EEF75BFE08B1F7F735FE0022032301205E
:1051D00000931146054BF3F768FD054B186003B0CB
:1051E00000BD00BF00B00240784B0220144B0220EB
:1051F000104B02200E4B07B502689A4215D1A3F559
:10520000F04305215A201A6B42F400021A6300226F
:105210001B6B03F400030193019BEDF703FA5A2083
:1052200003B05DF804EBEDF72FBA03B000BD00BF8B
:1052300000B0024037B5194C00252378019503F0E2
:10524000FF0043B3164A536813F0230023D01168BC
:1052500003F0210321F40C515B1B11604FF023017B
:1052600018BF012391600F4A13702570BFF35F8F41
:105270000D4B186810B101A9F3F7B0FE019B4BB1BB
:105280004FF0E0234FF08052C3F8042DBFF34F8F4F
:10529000BFF36F8F012003B030BD00BF0C4B022065
:1052A00000B0024045030020104B02202DE9F047DA
:1052B000824689461D461746002A47D0002B45D016
:1052C00005FB07F80BF09CFA224C4046FFF706FF5F
:1052D0000646216811F00101FBD11EB11E4B186872
:1052E000F3F77AFF4FF44033012245EA0745236084
:1052F0006263089B23F07F43A3633F23C4F83CA071
:10530000C4F840906564A36056B1144B0221197033
:10531000134B1A70BFF35F8F236843F40C53236061
:105320000C4A3046136843F001031360FFF7ECFEAC
:1053300068B91EB10B4A1368013313600A4A136837
:1053400001331360094A1368434413600020BDE829
:10535000F08700BF00B00240104B02204503002040
:105360000C4B0220604B0220744B0220704B022039
:105370002DE9F74FBDF830A080468946BDF834B01E
:10538000BDF83860BAF1000F5DD0BBF1000F5AD004
:10539000884258D002EB0A01B14207D92B4A0120BA
:1053A00013680133136003B0BDE8F08F06FB0325DB
:1053B000A6EB0A060BFB0AF3254CB6B2184601937E
:1053C000FFF78CFE0746216811F00101FBD11FB1E8
:1053D000204B1868F3F700FF002305EB450501217A
:1053E0004BEA0A42236005EB0803E1614D44E360A8
:1053F0003F2326616163E56326646264A36057B15D
:10540000154B02221A70154B1970BFF35F8F23687A
:1054100043F40C5323600E4A3846136843F00103EB
:105420001360FFF771FE0028BDD11FB10C4A13684D
:10543000013313600B4A01991368013313600A4A60
:1054400013680B4413600020ADE700BF6C4B0220D3
:1054500000B00240104B0220450300200C4B0220FC
:10546000604B0220684B0220644B022030B524229E
:10547000BBB0002401250DEB02002146029413F07D
:1054800066FD1822214603A813F061FD342221464F
:1054900012A813F05CFD6C2221461FA813F057FDE3
:1054A0005E4A5F4B69461046C2E900340423C2E9F4
:1054B00002351423CDE90035EFF750F808B1F7F7BE
:1054C000B9FC09A955481194CDE90954CDE90B441B
:1054D000CDE90D44CDE90F44EFF732FB08B1F7F702
:1054E000A9FC1C2121230F200024CDE9031319233B
:1054F00003A9CDE905030A234848CDE90743EFF79F
:10550000E2FA08B1F7F796FC04214448EFF7CAFA2B
:1055100008B1F7F78FFC42F210714048EFF789FCB1
:1055200008B1F7F787FC00213C48EEF7B5FF08B15A
:10553000F7F780FC4FF480704FF400734FF48064F1
:105540004FF480554FF4804C4FF4003E4FF400224E
:1055500012A9CDE912034FF400633048CDE914439A
:105560004FF400530024CDE916534FF480331E94BA
:10557000CDE918C34FF48023CDE91AE34FF08073CF
:10558000CDE91C23EFF75AFA08B1F7F753FC0523CE
:105590000222042140F2BE700F254FF4F07C4FF43C
:1055A000005E1F9428943994CDE920344FF4487359
:1055B000CDE922234D234FF40042CDE929130123E5
:1055C0004FF40071CDE92B0310231448CDE92D537E
:1055D000CDE931344FF48053CDE92FC2CDE933E327
:1055E0004FF400624FF48063CDE935234FF48073AC
:1055F000CDE937131FA9CDE92444CDE92644EFF7BF
:1056000027F908B1F7F716FC00210448EFF70FF966
:1056100008B1F7F70FFC3BB030BD00BFD04B022004
:10562000006C01400E4B07B502689A4215D103F594
:105630004C43052162205A6C42F000625A640022F9
:105640005B6C03F000630193019BECF7EBFF6220BE
:1056500003B05DF804EBEDF717B803B000BD00BF71
:10566000006C0140374A0421374B4FF0400C35485D
:1056700010B58CB01360202300244FF4006ED46169
:105680009462C2E903134FF4C073C2E905C34FF437
:105690008053C2E90144C2E908E302230722CDE9AD
:1056A0000712CDE90532032205A90B93CDE90923A1
:1056B000EFF75BFC08B1F7F7BDFB0123102201A94E
:1056C000204804940393CDE901324FF6FF72EFF7BF
:1056D0006CFC08B1F7F7AEFB0120EDF76BF8022385
:1056E0004FF6FF7201A917480193EFF75EFC08B16E
:1056F000F7F7A0FB03234FF6FF7201A911480193AE
:1057000008230393EFF751FC08B1F7F793FB042349
:1057100001214FF6FF720B4801934FF40C73CDE952
:10572000031301A9EFF741FC08B1F7F783FB40F23F
:1057300084610448EFF758FC08B1F7F77BFB0CB025
:1057400010BD00BFF04B0220400100A0F0B50023C7
:1057500087B003932A4B1E68002E4FD101220227E7
:1057600003250C241A6001A9264B27489A6B42F0A6
:1057700001029A639B6B03F001030093009B4FF6B9
:105780008373CDE90454CDE90137ECF753FB48F2BC
:10579000371301A91D480594CDE90137CDE903650B
:1057A000ECF748FB4CF2037301A919480594CDE9C5
:1057B0000137CDE90365ECF73DFB40F2FF6301A93A
:1057C00014480594CDE90137CDE90365ECF732FBC8
:1057D0004FF63F0301A910480594CDE90137CDE903
:1057E0000365ECF727FB4FF62C7301A90B480594D2
:1057F000CDE90137CDE90365ECF71CFB07B0F0BD3F
:10580000EC4B022000380240001002400018024019
:10581000000C02400020024000140240001C024024
:1058200008B515496FF44E62144B08460B60A3F19E
:105830003D53A3F54113134401224B600023C1E9FA
:105840000232C1E90433C1E906330B62EDF761F9B5
:1058500008B1F7F7EFFA00210748EEF762FA08B14E
:10586000F7F7E8FA00210448EEF781FA18B1BDE82D
:105870000840F7F7DFBA08BD684C0220006000401E
:10588000F0B51422AFB0044600210DEB020013F076
:105890005EFB902200210AA813F059FB2368414ABD
:1058A00093422CD14FF480430AA80A93EBF7E2FE0F
:1058B00008B1F7F7BFFA3C4C4FF4407201213B4866
:1058C000236B43F002032363236B03F00203009373
:1058D000009B1223CDE905230023CDE90713042300
:1058E00005A90993ECF7A6FA236C43F4001323648B
:1058F000236C03F400130193019B2FB0F0BD2C4ADD
:105900009342FAD14FF400330AA80A93EBF7B2FEA0
:1059100008B1F7F78FFA244C122701260325236BD1
:1059200005A9224843F002032363236B03F002031B
:105930000293029B236B43F008032363236B03F062
:1059400008030393039B8023CDE905370B23CDE99F
:1059500007650993ECF76EFA4FF4805305A91548D3
:10596000CDE905370423CDE907650993ECF762FA21
:10597000236C002207215F2043F080732364236C93
:1059800003F080730493049BECF74CFE5F20ECF76C
:105990007BFE002207216020ECF744FE6020ECF73C
:1059A00073FEAAE7005400400038024000040240A1
:1059B00000600040000C024010B58EB0342200217F
:1059C000002401A813F0C3FA284A294B4FF0230CF6
:1059D00040F2433E40F26531136001231046948645
:1059E00082F83640C2E905340F23C2E907C340F20A
:1059F000EF13C2E909E340F2FF13C2E90144C2E92F
:105A00000344C2E90B13EFF7F9FB08B1F7F712FAF9
:105A10004FF4F07301214FF4C0604FF448720194C9
:105A20000C93ADF834408DF83640CDE90431FF21B8
:105A3000CDE906140721CDE908014FF040410B489C
:105A4000CDE90A12CDE9022401A90022EFF789FC71
:105A500008B1F7F7EFF900224FF450710348EFF760
:105A6000ADFC08B1F7F7E6F90EB010BDBC4C022052
:105A7000006801400E4B07B502689A4215D103F544
:105A80005043052158205A6C42F080625A6400222B
:105A90005B6C03F080630193019BECF7C3FD58201E
:105AA00003B05DF804EBECF7EFBD03B000BD00BF41
:105AB0000068014010B590B000241422002101A814
:105AC00013F045FA2822214606A8009413F03FFA65
:105AD0002D4A7F212D4B10469461C2E90034FF23EB
:105AE000C2E90444C2E90213EFF705FD08B1F7F774
:105AF000A1F9012201A92448ADF804408DF806401F
:105B0000CDE90444EFF74CFD08B1F7F793F9204BCA
:105B1000012269461C480093EFF79CFD08B1F7F796
:105B200089F90023012206A91748ADF818308DF82D
:105B30001A3007930D938DF83820CDE90933CDE95C
:105B40000B334FF480730F93EFF7CCFD08B1F7F7E9
:105B500071F94FF40073012206A90B480F93EFF778
:105B6000C1FD08B1F7F766F90748EFF7C5FE08B1C0
:105B7000F7F760F9002201210348EFF757FE08B15B
:105B8000F7F758F910B010BD644D0220002800400E
:105B90000101010010B5AAB004461422002101A899
:105BA00013F0D5F99022002106A813F0D0F922684D
:105BB000184B9A422CD1202306A806934FF48073E9
:105BC0001293EBF757FD08B1F7F734F9124C0022A6
:105BD00006210320236F43F400432367ECF722FDE3
:105BE0000320ECF751FD236B4FF4005201A943F061
:105BF00004030A482363236B03F004030093009B10
:105C00000223CDE901230023CDE90333ECF712F998
:105C10002AB010BD002800400038024000080240B1
:105C2000074B83420AD1074A136801331360064BBE
:105C30001B781BB1054A136801331360704700BF1E
:105C4000644D0220904D0220344E0220384E022036
:105C5000EFF3108172B6074A1378B3FA83F35B0946
:105C60001370054A136801331360BFF35F8F01B9E6
:105C700062B67047344E02208C4D02200B4B0C480C
:105C8000196803780B4A43B11368CB1A332B04D835
:105C9000094A136801331360704711600123074AF2
:105CA0000370136801331360FFF7D2BF904D0220D9
:105CB000944D0220984D0220844D0220884D0220F0
:105CC000014B1868704700BF904D022038B5EFF3C4
:105CD000108572B600240E4B40220E481C702146DF
:105CE0000D4B1C600D4B1C600D4B1C700D4B1C7044
:105CF00013F02DF9402221460B4813F028F9102209
:105D000021460A4813F023F905B962B638BD00BF31
:105D1000344E0220F44D0220384E0220A04D0220C5
:105D20009D4D02209C4D0220B44D0220A44D022026
:105D30002DE9F843194B1B7803F0FF004BB3184BC8
:105D40003C22DFF87490174F1C68174E3946D9F87B
:105D50000030381D154DA4EB030813F0DFF83C228A
:105D60003146301D13F0DAF80F222946681C13F073
:105D7000D5F80F4AC7F80080137834600133C9F8AA
:105D80000040DBB213700B4A2B7013780F2B02D933
:105D90000120BDE8F88301331370F9E7344E022087
:105DA000384E0220F44D0220B44D0220A44D0220B2
:105DB0009C4D02209D4D0220A04D0220014B1868F1
:105DC000704700BF384E0220014B1878704700BF63
:105DD000344E0220014B1878704700BF9D4D0220C1
:105DE000034B1B78834286BF024B185C0020704730
:105DF0009D4D0220A44D0220044B1B78834286BF98
:105E0000034B53F820000020704700BF9D4D022037
:105E1000F44D0220044B1B78834286BF034B53F89A
:105E200020000020704700BF9D4D0220B44D02208D
:105E30000268374B9A42F0B5044689B025D13548FF
:105E400003684BB9344A516C41F480015164526C7F
:105E500002F480020092009A0133022500270626F0
:105E60000360702303A92D480796CDE90335CDE9DA
:105E70000575EBF7DFFF802303A929480796CDE9D5
:105E80000335CDE90575EBF7D5FF2268254B9A421E
:105E90001BD1204803684BB91F4A516C41F4800163
:105EA0005164526C02F480020192019A013308217C
:105EB000036002231948CDE90313002303A9CDE9A8
:105EC000053306230793EBF7B5FF2268164B9A427A
:105ED0001CD1164803684BB90F4A516C41F40001BC
:105EE0005164526C02F400020292029A01334FF4A0
:105EF000006203A9036002230D48CDE903230023B8
:105F0000CDE905330A230793EBF794FF09B0F0BD01
:105F100004580140404E0220003802400010024068
:105F20000018024024580140045C01403C4E02200D
:105F3000000C024002681F4B9A4210B5044611D172
:105F40001D4A1368013B136023B91C4A536C23F4A8
:105F50008003536470211A48ECF750F880211948E7
:105F6000ECF74CF82268184B9A420DD1124A13688C
:105F7000013B136023B9114A536C23F4800353642B
:105F800008210F48ECF73AF82268104B9A4210D1DA
:105F90000F4A1368013B136023B9084A536C23F47A
:105FA000000353644FF400610A48BDE81040ECF769
:105FB00025B810BD04580140404E02200038024070
:105FC000001002400018024024580140045C0140C7
:105FD0003C4E0220000C0240BFF35F8F00B962B656
:105FE0007047000014220021F0B58BB004460DEB81
:105FF000020012F0ACFF2268264B9A4248D103F50A
:106000008E330225032405A95A6C002722480B264B
:1060100042F080025A645A6C02F080020192019AA6
:106020001A6B42F002021A631A6B02F00202029229
:10603000029A1A6B42F008021A631A6B02F0080205
:106040000392039A1A6B42F040021A631B6B03F02F
:1060500040030493049B1823CDE905350A23CDE9B9
:106060000843EBF7E7FEC02305A90C480996CDE9E4
:106070000535CDE90774EBF7DDFE4FF4C06305A9E4
:1060800007480996CDE90535CDE90774EBF7D2FE4F
:106090000BB0F0BD001C014000040240000C0240A7
:1060A00000180240026808B50B4B9A4213D10B4A04
:1060B00018210B48536C23F080035364EBF79EFFC9
:1060C000C0210848EBF79AFF4FF4C0610648BDE8CD
:1060D0000840EBF793BF08BD001C014000380240A8
:1060E00000040240000C024000180240014B1878E6
:1060F000704700BF514E022008B56720ECF7D2FA76
:106100003820ECF7CFFA4420ECF7CCFA0A48ECF749
:10611000BBF80A48ECF7B8F8094A0023C2E90F3384
:10612000EFF3108072B6BFF35F8F064A1370BDE8BD
:106130000840FFF751BF00BFB44E0220544E02206A
:10614000144F0220514E02202DE9F74FEFF3058343
:1061500093B9F3F7F5FD02280ED1EFF3108072B674
:10616000BFF35F8F474B1B7823B9474B1A7802F078
:10617000FF0B32B1FFF730FF0224204603B0BDE829
:10618000F08F012259464FF4806A4FF480591A70FB
:10619000FFF722FF3D4B4FF480483D4820271A6B04
:1061A0004FF44036042542F480021A6358221B6BD8
:1061B00003F480030193019B12F0C9FE344A4FF0AF
:1061C000B0533449A2F10804334842E902130323CF
:1061D0004FF400111362C2E902A9C2E90487C2E9BF
:1061E00006654FF40002C4E90B215946542212F00F
:1061F000AEFE2948294A4023A0F10C0B4FF40011B0
:1062000040F80C2C4FF0B0504FF40002CBF8301097
:10621000CBE9010303232046CBE90A32204BCBE92B
:1062200004A9CBE90687CBE908651C64A363C3F81E
:106230003CB0CBF83830EBF7A9FF18B10124FFF7D9
:106240005BFF9AE75846EBF7A1FF04460028F5D11B
:10625000024606213820ECF7E5F93820ECF714FA6D
:10626000224606214420ECF7DDF94420ECF70CFA35
:10627000224606216720ECF7D5F96720ECF704FAEF
:106280007BE700BF504E0220514E022000380240F2
:10629000BC4E022010640240604E0220886402401E
:1062A000144F022010B5EFF3108072B6BFF35F8F6A
:1062B000094B0122094C1A70FFF78EFE237803B9AF
:1062C00010BDF3F73DFD022803D10120F3F70AFCCE
:1062D000F4E700BFF2E700BF504E0220514E02200B
:1062E000EFF3108072B6BFF35F8F024B00221A707B
:1062F000FFF772BE504E02204FF40041034808B52C
:10630000EBF716FFB0FA80F0400908BD002002400C
:10631000014B1878704700BF524E022038B5194D16
:10632000194B2A689A422BD195F8343003F0FF04B8
:106330001BB12846F0F7A5F90446144B5A6A42F0FF
:1063400080025A62BFF34F8F5A6A0021104822F030
:1063500080025A625A6C22F080025A64802212F043
:10636000F6FD094B0A4A204642F8043C0023094A3C
:1063700085F834301370084A13680133136038BD50
:106380000024DAE7144F0220001C014000380240CC
:10639000184F0220524E02204C4E022070B5FFF7DB
:1063A000ABFF1B4D10B92870012070BD2B78194C24
:1063B00043B92268184B9A4202D194F834300BB199
:1063C000FFF7ACFF0023144A1248A360134EC4E940
:1063D00000234FF40072C4E903234FF48042C4E960
:1063E0000523F0F701FE40B1A36B0D4A336013683B
:1063F00001331360FFF792FFD6E74FF400610548C1
:10640000F0F720FE0028EFD1012330602B70CCE79D
:10641000524E0220144F0220001C0140444E022024
:10642000484E0220036884B0154A93420BD1154BA5
:106430005A6C42F001025A645B6C03F00103019351
:10644000019B04B07047104A93420AD10D4B5A6C1D
:1064500042F400325A645B6C03F400330293029BF3
:10646000EFE70A4A9342ECD1064B5A6C42F4802281
:106470005A645B6C03F480230393039BE1E700BF42
:106480000000014000380240004401400048014043
:1064900008B50B4901220B4B08464A720B600923D1
:1064A0004A810B710023CA81CB800B730B74F0F708
:1064B000F1FF18B1BDE80840F6F7BCBC08BD00BF4D
:1064C000984F0220000004402DE9F0418CB00446B2
:1064D0001422002107A812F03AFD2268424B9A428A
:1064E0007FD1424C4FF0020803270A26236B07A9ED
:1064F0003F48002543F002032363236B03F00203AC
:106500000093009B236B43F480732363236B03F49A
:1065100080730193019B236B43F080032363236B00
:1065200003F080030293029B236B43F00403236375
:10653000236B03F004030393039B236B43F00103DA
:106540002363236B03F001030493049B43F623436B
:10655000CDE90A76CDE90738EBF76CFC4FF4006320
:1065600007A924480B96CDE90738CDE90957EBF781
:1065700061FC102307A920480B96CDE90738CDE927
:106580000957EBF757FC012307A91C480B96CDE9E7
:106590000738CDE90957EBF74DFC282307A9184820
:1065A0000B96CDE90738CDE90957EBF743FC236B90
:1065B0004D202A4643F0005307212363236B03F049
:1065C00000530593059B236B43F080432363236BA8
:1065D00003F080430693069BECF724F84D20ECF77C
:1065E00053F80CB0BDE8F0810000044000380240D0
:1065F0000004024000200240001C0240000802404B
:1066000000000240026808B5144B9A4224D1A3F559
:10661000E43343F6234112481A6B22F000521A6306
:106620001A6B22F080421A63EBF7E8FC4FF400612A
:106630000C48EBF7E3FC10210B48EBF7DFFC0121E2
:106640000A48EBF7DBFC0A482821EBF7D7FC4D2082
:10665000BDE80840ECF726B808BD00BF00000440C4
:106660000004024000200240001C024000080240DA
:1066700000000240FEE7FEE7FEE7FEE7FEE77047A8
:106680000148EAF7C1BB00BF785402200148F1F786
:10669000DFB800BF984F02200148EEF705BE00BFEB
:1066A000BC4C022008B5FEF7C5FD20B90248BDE884
:1066B0000840EDF718BC08BD784B022008B5FFF77D
:1066C00015FD20B10348BDE80840EBF795BE024B2D
:1066D000986AF8E7B44E0220C8580220014BD86EE1
:1066E000EBF78ABE185A0220FAF70ABF08B5FFF77F
:1066F000FDFC20B10348BDE80840EBF77DBE024B2E
:10670000986AF8E7544E0220745802200148F0F7C6
:1067100087BD00BF144F0220014B986AEBF76CBE97
:10672000F0560220014B986AEBF766BE9C56022099
:106730000148EFF713B900BF644D02200148EEF79E
:106740006EBC00BF244C02200148EDF7FEBF00BF25
:10675000D04B02200148ECF703BD00BF684C02207B
:106760000148EDF7C3B800BF684C02200120EBF7E9
:10677000EBBC4FF40050EBF7E7BC00000D4B82B0D0
:106780000F216FF001001A6C42F080521A641A6CEB
:1067900002F080520092009A5A6C42F480425A648D
:1067A00000225B6C03F480430193019B02B0EBF782
:1067B00039BF00BF00380240214B1A6C42F0100272
:1067C00030B589B01A641B6C054601A903A803F013
:1067D00010030293029BEAF72FFF069B4BBBEAF7DD
:1067E0001BFF184A184B136040F2E733D360174B76
:1067F000B0FBF3F3013B1046536000231361936039
:106800009361EAF7F5FB044680B90E48EAF7BAFA55
:10681000044658B93620EBF737FF0F2D0DD8224626
:1068200029463620EBF7FEFE094B1D60204609B0D5
:1068300030BDEAF7F1FE4000D3E70124F6E700BFE0
:1068400000380240785402200010004040420F00FF
:106850000C0000200A4A0346106810B508B9094820
:10686000106009490344094C091B8B4206D912F0F8
:10687000EDFB0C2303604FF0FF3010BD1360FCE70D
:10688000C4540220206504200000062000040000FB
:106890000120704708B512F0D9FB162303604FF0B2
:1068A000FF3008BD08B512F0D1FB16230360FEE7E8
:1068B00070B50D4614460E46731B9C4201DC204603
:1068C00070BDAFF3008006F8010BF5E770B50D461B
:1068D00014460E46731B9C4201DC204670BD16F820
:1068E000010BAFF30080F5E74FF0FF3070474FF436
:1068F000005300204B607047012070470020704714
:10690000DFF834D0EAF734FA0C480D490D4A002379
:1069100002E0D458C4500433C4188C42F9D30A4A54
:106920000A4C002301E013600432A242FBD312F0B0
:1069300093FBF6F7F7F970470000062000000020EF
:10694000000600201C10040800060020106502202C
:10695000FEE710B484680088A4465DF8044B6047E5
:1069600010B444680088A4465DF8044B604770B5D5
:10697000C36804460D4698470646E3689847831B5C
:10698000AB42FAD370BD00002DE9F341002300F1C2
:10699000100507460E4690461946DE4A284600F086
:1069A000ABFB03230446DC4AFF21284600F0A4FB8E
:1069B00000230444D94A1946284600F09DFB0223CF
:1069C0000444D74AFF21284600F096FB00230444E4
:1069D000D24A1946284600F08FFB04440023D14ACE
:1069E000C421284600F088FB0A2104443846FFF7FA
:1069F000BEFF0023CC4A2846194600F07DFB044424
:106A00000023CA4AC421284600F076FB0A21044428
:106A10003846FFF7ACFF0023C54A2846194600F068
:106A20006BFB00230444C34AC521284600F064FBE5
:106A300000230444C04A1946284600F05DFB0023A9
:106A40000444BE4AC521284600F056FB00230444F6
:106A5000BB4A1946284600F04FFB00230444B94ABC
:106A6000C021284600F048FB00230444A94A1946E7
:106A7000284600F041FB00230444B34AD9212846AC
:106A800000F03AFB00230444B04A1946284600F0BF
:106A900033FB00230444AE4AC121284600F02CFBFE
:106AA00000230444AB4A1946284600F025FB002386
:106AB0000444A94AC121284600F01EFB00230444D7
:106AC000A64A1946284600F017FB00230444A44AAE
:106AD000C521284600F010FB00230444A14A1946B2
:106AE000284600F009FB00230444944AC5212846A7
:106AF00000F002FB00230444864A1946284600F0B1
:106B0000FBFA02230444984AD821284600F0F4FAFC
:106B100000230444954A1946284600F0EDFA002364
:106B20000444934AC521284600F0E6FA00230444B1
:106B3000904A1946284600F0DFFA002304448E4AA2
:106B4000C021284600F0D8FA002304448B4A194695
:106B5000284600F0D1FA00230444894AC52128467A
:106B600000F0CAFA00230444784A1946284600F087
:106B7000C3FA00230444834AC421284600F0BCFA27
:106B800000230444734A1946284600F0B5FA00234E
:106B900004447D4AC121284600F0AEFA0023044493
:106BA0007A4A1946284600F0A7FA02230444784A94
:106BB000B321284600F0A0FA00230444574A19469E
:106BC000284600F099FA06230444724ACE2128464A
:106BD00000F092FA002304446F4A1946284600F058
:106BE0008BFA0E2304446D4ACE21284600F084FA25
:106BF000002304446A4A1946284600F07DFA0E2311
:106C00000444684ACE21284600F076FA0023044462
:106C1000654A1946284600F06FFA0A230444634A7D
:106C2000CF21284600F068FA00230444604A194640
:106C3000284600F061FA002304445E4ACF2128462A
:106C400000F05AFA00230444344A1946284600F05A
:106C500053FA0A230444584ACB21284600F04CFA40
:106C600000230444554A1946284600F045FA0F23EC
:106C70000444534ACB21284600F03EFA0023044442
:106C8000454A1946284600F037FA0F2304444D4A76
:106C9000CB21284600F030FA00230444404A19462C
:106CA000284600F029FA0A230444474ACB21284603
:106CB00000F022FA002304443B4A1946284600F01B
:106CC0001BFA0F230444414ACB21284600F014FA52
:106CD00000230444364A1946284600F00DFA0F23D3
:106CE00004443B4ACB21284600F006FA0023044422
:106CF000384A1946284600F0FFF90A230444364A68
:106D0000CB21284600F0F8F900230444334A194601
:106D1000284665E055CF020851CF020856CF020839
:106D20004FCF020857CF020858CF020859CF0208A8
:106D30005ACF02085BCF02085CCF02085DCF020881
:106D40005ECF02085FCF020860CF020861CF020861
:106D500062CF020863CF020864CF020865CF020841
:106D600066CF020867CF02084DCF020868CF02083D
:106D700069CF02086ACF02086BCF02086CCF020805
:106D80006DCF02086ECF02086FCF020870CF0208E5
:106D90004BCF020845CF020871CF020837CF020857
:106DA00072CF020829CF020873CF02081FCF020852
:106DB00074CF020881CF020815CF020875CF0208F0
:106DC00006CF0208F7CE0208EDCE0208DECE02089A
:106DD000CFCE020876CF0208C5CE020877CF0208D0
:106DE00000F08AF90A230444954ACB21284600F092
:106DF00083F900230444934A1946284600F07CF99D
:106E00000A230444904ACC21284600F075F9002357
:106E100004448E4A1946284600F06EF90F230444B4
:106E20008B4ACC21284600F067F900230444894AA4
:106E30001946284600F060F90F230444864ACC2105
:106E4000284600F059F900230444844A194628468C
:106E500000F052F90A230444814ACC21284600F06C
:106E60004BF9002304447F4A1946284600F044F9B0
:106E70000F2304447C4ACC21284600F03DF900232E
:106E800004447A4A1946284600F036F90F23044490
:106E9000774ACC21284600F02FF900230444754A94
:106EA0001946284600F028F900230444724AC521F7
:106EB000284600F021F900230444704A1946284668
:106EC00000F01AF9002304446D4AF521284600F029
:106ED00013F9002304446B4A1946284600F00CF9C4
:106EE00000230444684AC621284600F005F900231F
:106EF0000444664A1946284600F0FEF80323044479
:106F0000634AFF21284600F0F7F8002304445F4A53
:106F10001946284600F0F0F8002304445B4A19465D
:106F2000284600F0E9F8102304445A4AE121284693
:106F300000F0E2F800230444544A1946284600F0C1
:106F4000DBF804441023544AE221284600F0D4F828
:106F500004440023514A1121284600F0CDF878213D
:106F600004443846FFF703FD4D4F002E61D0022E3A
:106F700007D100234B4A3A21284600F0BDF80444CB
:106F80007E60B8F1010F57D160230DF10702362161
:106F900028468DF80730002300F0AEF826180423A9
:106FA000414A2A21284600F0A7F8064404233F4A14
:106FB0002B21284600F0A0F83418C7F800800026DE
:106FC00000233B4A5121284600F096F804443346FA
:106FD000384A53212846BE6000F08EF804443346F8
:106FE000354A5521284600F087F804443346334A91
:106FF0005E21284600F080F804443346304A2921B7
:10700000284600F079F80444334631461F4A2846A2
:1070100000F072F8334604442A4A2C21284600F036
:107020006BF84042001B18BF4FF0FF3002B0BDE8C4
:10703000F0813346244A9EE700233B60BFE700BF50
:10704000BBCE020856CF0208B1CE020875CF0208A7
:10705000A2CE020871CF020893CE020872CF0208B6
:1070600089CE020873CF02087ACE020874CF0208D4
:107070006BCE020861CF020882CF020883CF0208DC
:1070800084CF020885CF020886CF020855CF0208B8
:1070900068CE020858CE020848CE020878CF02080F
:1070A000C854022079CF02088BCF020887CF02088C
:1070B0007BCF02087CCF02087DCF02087ECF02087A
:1070C0007FCF020880CF02087ACF020860B14B68F8
:1070D00043608B688360CB688061C360044B43610D
:1070E000044B0361002070474FF0FF30704700BF32
:1070F000536901086169010810B404688068A446F6
:107100005DF8044B6047012910B5C4B20FD00329C4
:107110002DD140F60F7205212046F5F751FF0122CF
:1071200040F201612046F5F74BFF01220CE040F6EA
:107130000C4205212046F5F743FF002240F2016191
:107140002046F5F73DFF002240F202612046F5F7A8
:1071500037FF022240F204612046F5F731FF022298
:10716000204640F20561F5F72BFF002010BD40F2EC
:10717000033205212046F5F723FF012240F2016189
:107180002046F5F71DFF012240F202612046F5F787
:1071900017FF002240F204612046F5F711FF00229C
:1071A000DEE7000008B545F22263C0B2994225D05F
:1071B0000BD842F6113399421ED0B1F57A5F17D041
:1071C000B1F5FA5F0DD083220CE04AF644439942B0
:1071D00016D00C4B99420DD0B1F5FA4FF3D1632282
:1071E00000E003224FF40471F5F7EAFE002008BD29
:1071F0003322F7E7A322F5E71322F3E74322F1E76F
:107200007322EFE7007701000022C0B208B51146F3
:10721000F5F7D6FE0020024B1860024B186008BD3F
:10722000D8540220D4540220F5F7C8BE10B5044645
:10723000F5F7BAFE0021E0B2F5F7DCFE10BD000064
:107240000F4B1B6810B583B10129C4B20FD14FF4A5
:1072500000724FF484612046F5F7B2FE4FF40072DD
:1072600040F222412046F5F7ABFE002010BD10226F
:107270004FF484612046F5F7A3FE1022F0E700BF2B
:10728000D8540220002108B5FFF7DAFF002008BD1E
:10729000002108B5FFF7D4FF002008BD10B5044653
:1072A0000121FFF7CDFF0122E0B20221F5F788FEB0
:1072B000002010BD6429F8B598BFC1EB81134FF0D1
:1072C000640605460C469CBFB3FBF6F3DEB2354BB5
:1072D0001B6813B33E2E1CD9EEB20021FFF7B0FF9E
:1072E00040F27F121C213046F5F76AFE40F27F1211
:1072F0001D213046F5F764FE40F27F12262130460C
:10730000F5F75EFE40F27F1227213046F5F758FE72
:1073100003E069BB0121FFF793FF234B1B682BB3ED
:10732000632CEDB24FF480619ABFC4EB0414642364
:10733000EF2428469EBF2401B4FBF3F4E4B244F4E6
:1073400080742246F5F73CFE224640F20141284671
:10735000F5F736FE224640F204412846F5F730FEA6
:10736000224640F205412846F5F72AFE0020F8BDE6
:10737000EFB246F4A0760021FFF762FF32461C21EF
:107380003846F5F71DFE32461D213846F5F718FE42
:10739000324626213846F5F713FE32462721384675
:1073A000B4E700BFD8540220D45402202DE9F84F8E
:1073B00081461F4601F47F4592465FFA89F4CEB2BA
:1073C000F5F7F2FD03224FF481712046F5F7F8FD41
:1073D000002240F617012046F5F7F2FD00224FF497
:1073E00081712046F5F7ECFD6C2239212046F5F736
:1073F000E7FD002D63D0132201212046F5F7E0FDC3
:107400003220F5F719FEDFF8A0B2A54B002E00F0F0
:10741000CE804FF00108022EC3F8008000F0AD804E
:10742000032E4ED0464540F0A88040F60C42052180
:107430002046F5F7C5FD002240F201612046F5F730
:10744000BFFD002240F202612046F5F7B9FD02229D
:1074500040F204612046F5F7B3FD022240F20561D7
:107460002046F5F7ADFD002D00F000814FF001083A
:10747000B5F5407FCBF8008000F0C68000F299801F
:10748000B5F5807F00F0EF80B5F5007F00F09580C6
:10749000B7F5FA4F00F0FD8100F2F280B7F57A5FA0
:1074A00000F0F58100F2E580B7F5FA5F00F0FE80AC
:1074B00042F611339F4200F0F0818322F7E003226D
:1074C0009AE7B5F5006F40F60F724FF005012046C0
:1074D00049D1F5F775FD324640F201612046F5F7D6
:1074E0006FFD324640F202612046F5F769FD3246F3
:1074F00040F204612046F5F763FD324640F2056133
:107500002046F5F75DFDCBF8008040F63C72042183
:107510002046F5F755FDDB224FF48A612046F5F74A
:107520004FFDDB224FF488612046F5F749FD46F216
:10753000A03202212046F5F743FD022240F2066107
:107540002046F5F73DFD022240F207612046F5F79F
:1075500037FD02224FF4C1612046F5F731FD0222CA
:1075600040F209617AE0F5F72BFD424640F20161F5
:107570002046F5F725FD424664E740F20332052137
:107580002046F5F71DFD424640F201612046F5F721
:1075900017FD424640F202612046F5F711FD002238
:1075A00040F204612046F5F70BFD002256E71E600D
:1075B00059E7B5F5006FA8D06AE74FF4436204219C
:1075C0002046F5F7FDFCDB224FF48A612046F5F7F3
:1075D000F7FC4FF4C04202212046F5F7F1FC0222ED
:1075E0004FF4C1612046F5F7EBFC022240F209613D
:1075F0002046F5F7E5FC0E224FF4E0612046F5F752
:10760000DFFC4FF0000843E7112228212046F5F760
:10761000D7FC352229212046F5F7D2FC35222A2134
:107620002046F5F7CDFC40F2033204212046F5F761
:10763000C7FCDB224FF488612046F5F7C1FC46F217
:10764000503202212046F5F7BBFC022240F20661CF
:107650002046F5F7B5FC022240F207612046F5F717
:10766000AFFC0D22C8E74FF44372DEE7CBF80050C1
:10767000C7E745F222639F427FF41FAF432216E023
:107680004BF680339F423FF418AF064B9F4200F009
:1076900002814AF644439F427FF40FAF732206E013
:1076A000D854022000770100D454022003224FF462
:1076B00004712046F5F784FCB5F5006F4FF4407176
:1076C00020460CBF44F2180244F21002F5F778FC91
:1076D000002240F202312046F5F772FC0A224FF4F4
:1076E00002712046F5F76CFC01224FF40071204630
:1076F000F5F766FC002E00F0A980022E23D14FF48E
:1077000080722D212046814EF5F75AFC4FF480728D
:107710002E212046F5F754FC3378002B00F0BF8073
:1077200020464FF401424FF48871F5F749FC0023DD
:107730004FF496703370F5F77FFC00224FF48461AC
:107740002046F5F73DFC4FF440720321204643F2FA
:107750000336F5F735FC002222212046F5F730FCF0
:10776000002223212046F5F72BFC4FF440723621EE
:107770002046F5F725FC43F2030201212046F5F7E8
:107780001FFCB5F5006F4FF0510120460CBF40F2D1
:1077900005220522F5F714FC43F2033201212046AD
:1077A000F5F70EFC222260212046F5F709FC49F688
:1077B00025724C212046F5F703FC0F20F5F73CFC21
:1077C00001222D212046F5F7FBFB01222E21204628
:1077D000F5F7F6FB4FF44C7203212046F5F7F0FB6A
:1077E000332254212046F5F7EBFB40F20110F5F768
:1077F00023FCEE2260212046F5F7E2FBC0224FF485
:10780000C2612046F5F7DCFBC02240F21161204640
:10781000F5F7D6FB10224FF484612046F5F7D0FB34
:10782000C02240F212612046F5F7CAFBC02240F2A6
:1078300013612046F5F7C4FB102240F22241204696
:10784000F5F7BEFB51464846FFF734FDE5B1B5F507
:10785000807F02D0B5F5007F2AD146F013020121C6
:107860002046F5F7ADFB02224FF4C4612046F5F740
:10787000A7FB4FF4605240F211412046F5F7A0FB00
:1078800051464846FFF716FD4046BDE8F88F3322C3
:107890000DE763220BE7A32209E7132207E720463F
:1078A00048F208124FF48871F5F78AFB322042E75C
:1078B000B5F5006F15D146F0130201212046F5F70A
:1078C0007FFB02224FF4C4612046F5F779FB4FF4A9
:1078D000C0524FF482612046F5F772FB4FF4C0525C
:1078E000C9E7B5F5407F02D0B5F5806FC8D10B224E
:1078F00018212046F5F764FB0B221A212046F5F7E4
:107900005FFB4FF4C0524FF48261B6E7460300209C
:1079100070B5184E04460D4633684BB30121FFF78E
:107920008FFC022D24D0E4B24FF400724FF4846136
:107930002046F5F745FB4FF4007240F22241204605
:10794000F5F73EFB00222D212046F5F739FB0022FA
:107950002E212046F5F734FB002205212046F5F7BD
:107960002FFB002220461146F5F72AFB0023336047
:10797000002070BDD8540220054B064A054813600C
:10798000054A536823F480335360EEF715B900BFFE
:1079900004580140185A02200058014008B5094A0D
:1079A000094B08481360203B084A1360084A536A91
:1079B00023F480335362EEF7FFF80448BDE8084033
:1079C000EEF7FAB89459022024580140185A0220C0
:1079D0000058014038B50F4B05460C468AB21B686B
:1079E00001463420DB68984788B90B4B29460B4881
:1079F0001A684FF6FF73B4FBF2F29A4228BF1A4698
:107A000092B2EEF767F9003818BF012038BD0120A7
:107A1000FCE700BF9C5A022078030020185A02207D
:107A2000074B34201B6810B51B699847044620B9E2
:107A30000448EEF7DFF8204610BD0120FCE700BF48
:107A40009C5A0220185A0220074B34201B6810B59C
:107A50005B699847044620B90448EEF7DBF82046F6
:107A600010BD0120FCE700BF9C5A0220185A0220DA
:107A700010B504460948EEF7E4F8094B21463420D6
:107A80001B689B69984730B9012C02D12046EAF760
:107A900091FE002010BD0120FCE700BF185A022013
:107AA0009C5A022008B5054B014634201B681B6A0E
:107AB0009847003818BF012008BD00BF9C5A02201B
:107AC00008B5054B014634201B685B6A98470038AF
:107AD00018BF012008BD00BF9C5A022010B5084CF9
:107AE0002268136823F48033136020662046EDF784
:107AF00087FF2268136843F48033136010BD00BF12
:107B0000185A0220054A08B50368934203D002F5CB
:107B10008062934201D1F6F77DFC08BD0458014014
:107B2000054A08B50368934203D002F58062934288
:107B300001D1F6F745FC08BD0458014070B53C4C36
:107B40008AB070260546636C05A93A4843F4800361
:107B50006364636C03F480030193019B236B43F024
:107B600040032363236B03F040030293029B236BC8
:107B700043F010032363236B03F010030393039B71
:107B80000223CDE9056303230026CDE9076306231D
:107B90000993EAF74FF9802305A927480593EAF7E7
:107BA00049F9236B2A6843F480032363236B03F4AE
:107BB00080030493049B214B9A422ED1204B4022F8
:107BC00004204FF40004EB665E609D63C3E9022667
:107BD0004FF480621A611B4A1288182A07BF4FF4BB
:107BE00080514FF480424FF400614FF40052C3E9DA
:107BF00005124FF480714FF44032C3E9071203229B
:107C0000C3E9090200220E48C3E90B420E4A1A607A
:107C1000EAF73AFB0A48EAF7B9FA002206213920C6
:107C2000EAF700FD3920EAF72FFD0AB070BD00BF6A
:107C30000038024000100240001802400458014081
:107C40003C5502207C0300202864024010B5044605
:107C50003920EAF727FD0D4B22689A4202D1E06EE7
:107C6000EAF712FB226870210948136823F4803375
:107C70001360EAF7C3F980210648EAF7BFF9064A1C
:107C8000536C23F48003536410BD00BF04580140BB
:107C900000100240001802400038024008B5FFF70B
:107CA0006BFE00210148FFF7D1FF08BD185A0220E2
:107CB00010B5A4B00C466846E9F78CFF42F61133C4
:107CC0009C4207D045F222639C4203D04AF64443CB
:107CD0009C4211D14FF4002300934FF480130F9373
:107CE00040F2AD13019302230393132368460993D3
:107CF000E9F7C0FC24B010BD4FF4002300934FF40B
:107D000080130F934FF4AC73019307230393012364
:107D1000ECE70000102B2DE9F04780468946174616
:107D20001E4604D0182B74D00120BDE8F087022332
:107D3000394A3A4CDFF8F8A01360394DAAF80060D0
:107D4000FFF71AFE394600222046FFF7B1FF204612
:107D50002560EEF7DBF8014610B92046FFF7EEFE8E
:107D6000304A04212560002553682C4823F48033D1
:107D700053604FF40052BAF8003022618022182B71
:107D80006562E76114BF8023C02365606561256378
:107D9000A560E5602562A565C4E90D350123E363AF
:107DA000A3614023C4E910234FF48033C4E91235A2
:107DB0004FF48023C4E914350F23C4E90A55C4E9FC
:107DC0001713EDF71DFE2268174C3420136843F497
:107DD00080331360A368984748F694139842A3D160
:107DE000E36A34209847114B4A4641461C603420D0
:107DF0003B462468A04744F2100344F2500234206A
:107E00004FF44071182E18BF1A46F5F7D9F82846D6
:107E10008BE704238CE700BF78030020185A022068
:107E20000458014000580140480300209C5A022099
:107E30007C0300200A4B002230B51C78094DB1FBB1
:107E4000F4F129600849944201D8002030BD2B6824
:107E50005343013200EB830341F8043BF3E700BFD7
:107E60007E030020C8550220CC55022038B51B4B9C
:107E70001B88002B2BD11A4A1A4D1B4CC2E900015A
:107E80001A4A13601A4A13601A4B1B78022B0ED839
:107E90002A6821681848ECF777FA70B92A6861688F
:107EA0001648ECF771FA003818BF012006E02A687E
:107EB000A1681348ECF768FA08B1012038BD2A68B8
:107EC000E1681048ECF760FA0028E1D0F5E78AB2E3
:107ED00001460D48EDF76AFFE5E700BFC4550220F3
:107EE0008C590220C8550220CC550220A0550220F2
:107EF0009C5502207E03002074580220C85802209E
:107F00009C560220F056022094590220194B1B88DF
:107F100010B5F3B9184A1360184A1360184B1B7850
:107F2000022B0AD81748ECF76DFA50B91648ECF74F
:107F300069FA003818BF012004E01448ECF762FA2F
:107F400008B1012010BD1248ECF75CFA0028E9D016
:107F5000F7E71048EDF775FE0F4B012134201B6841
:107F60009B69984704460028EBD10120EAF722FCE0
:107F70002046E7E7C4550220A05502209C55022068
:107F80007E03002074580220C85802209C5602200C
:107F9000F0560220945902209C5A022008B5F6F7A8
:107FA000B7FB08BD894B98422DE9F74F884952D15C
:107FB00001230B60874A0B681278874D022A874C91
:107FC00040F2B680012B2DD1DFF82882D8F800309E
:107FD000012B27D1DFF824E2DEF80030012B21D17C
:107FE000DFF81CC2DCF80030012B1BD17C4B47F6BC
:107FF000F8777C4A1B685068166803EBD3730090CF
:1080000001965B102868784ED2E902A9744A12687A
:108010009A4230D800230B60C8F80030CEF8003008
:10802000CCF8003023686A68B3EB520F06D16F4B6F
:108030001A681AB901221A60F6F75AFB23686A68AF
:108040009A4205D10023694A23601360F6F760FB6A
:1080500003B0BDE8F08F664B984203D1654B012217
:108060001A60A7E7644B98424FF001030CBF634AC4
:10807000634A13609EE7009A52F823B0B6EB2B2FA9
:108080004FEA2B223CDCBA423DDC92B2D4F800B07D
:1080900020F81B20019A52F823B0B6EB2B2F4FEAA1
:1080A0002B2233DCBA4234DC92B2D4F800B00BF1AC
:1080B000010B20F81B2059F823B0B6EB2B2F4FEA09
:1080C0002B2229DCBA422ADC92B2D4F800B00BF1A0
:1080D000020B20F81B205AF823B0B6EB2B2F4FEAE7
:1080E0002B221FDCBA4220DC92B2D4F800B001335C
:1080F0000BF1030B20F81B2022680432226085E775
:1081000048F20802C2E747F6F872BFE748F20802F1
:10811000CBE747F6F872C8E748F20802D5E747F61A
:10812000F872D2E748F20802DFE747F6F872DCE7B8
:10813000012B7FF477AF2F480368012B7FF472AFD8
:10814000274E47F6F87E274A3368D2F8048003EBBF
:10815000D3732F68D2F800905B10DFF88CC03268C0
:108160009A4203D800230B6003605BE758F823A012
:10817000BCEB2A2F4FEA2A221BDC72451CDC92B290
:10818000D4F800A027F81A2059F823A0BCEB2A2F16
:108190004FEA2A2213DC724514DC92B2D4F800A014
:1081A00001330AF1010A27F81A20226802322260FC
:1081B000D5E748F20802E3E747F6F872E0E748F24D
:1081C0000802EBE747F6F872E8E700BFC85802205C
:1081D000BC5502207E0300208C590220A0550220AD
:1081E000C8550220CC5502200880FFFF9C55022074
:1081F00074580220B4550220F0560220AC550220DB
:10820000A4550220894B98422DE9F74F884951D156
:1082100001230B60874A0B681278874D022A874C2E
:1082200040F2B580012B2CD1DFF82882D8F800303D
:10823000012B26D1DFF824E2DEF80030012B20D11B
:10824000DFF81CC2DCF80030012B1AD17C4B47F65A
:10825000F87728685A687B4E00921A68D3E902A919
:1082600000230192784A126802EBD272B3EB620FDC
:1082700030D300230B60C8F80030CEF80030CCF8C3
:10828000003023686A68B3EB520F06D16F4B1A684F
:108290001AB901221A60F6F72BFA23686A689A4223
:1082A00005D10023694A23601360F6F731FA03B061
:1082B000BDE8F08F664B984203D1664B01221A60ED
:1082C000A8E7654B98424FF001030CBF634A644A2C
:1082D00013609FE7009A52F823B0B6EB2B2F4FEABA
:1082E0002B223CDCBA423DDC92B2D4F800B020F83C
:1082F0001B20019A52F823B0B6EB2B2F4FEA2B220A
:1083000033DCBA4234DC92B2D4F800B00BF1010B8A
:1083100020F81B2059F823B0B6EB2B2F4FEA2B2265
:1083200029DCBA422ADC92B2D4F800B00BF1020B7D
:1083300020F81B205AF823B0B6EB2B2F4FEA2B2244
:108340001FDCBA4220DC92B2D4F800B001330BF14A
:10835000030B20F81B2022680432226082E748F2D7
:108360000802C2E747F6F872BFE748F20802CBE717
:1083700047F6F872C8E748F20802D5E747F6F87200
:10838000D2E748F20802DFE747F6F872DCE7012B94
:108390007FF477AF2F480368012B7FF472AF284B2F
:1083A00000222E6847F6F87CD3F80480D3F80090BA
:1083B000DFF894E0234FDEF8003003EBD373B2EB29
:1083C000630F03D300230B6003605AE758F822A021
:1083D000B7EB2A2F4FEA2A231BDC63451CDC9BB238
:1083E000D4F800A026F81A3059F822A0B7EB2A2FAB
:1083F0004FEA2A2313DC634514DC9BB2D4F800A0B7
:1084000001320AF1010A26F81A3023680233236088
:10841000D1E748F20803E3E747F6F873E0E748F2EC
:108420000803EBE747F6F873E8E700BFC8580220F7
:10843000C05502207E0300208C590220A055022046
:10844000CC5502200880FFFFC85502209C55022011
:1084500074580220B8550220F0560220B055022070
:10846000A855022008B5F6F743F908BD084A08B533
:108470000368934203D002F58062934202D1F5F77C
:10848000F3FF08BD034A9342FBD1F6F753F9F8E72F
:108490000458014024580140A44B2DE9F04F1A889C
:1084A0008FB0A34C636C002A40F0CA8043F00053A5
:1084B000082509A99F486364636CDFF8C8B203F01C
:1084C00000530293029B236B43F004032363236B4B
:1084D00003F004030393039B236B43F0080323631C
:1084E000236B03240B9203F008030493049B0223E1
:1084F000CDE90C44CDE90953E9F79CFC09A98E4864
:1085000009950D94E9F796FC9BF80030022B07D9EA
:108510004FF4006309A9884809930D94E9F78AFC90
:10852000834B4FF08055854800245A6C4FF4806A85
:108530004FF480594FF4804842F000524FF4807756
:108540004FF400365A645A6C02F000520192019ABC
:108550001A6B42F480021A631B6B066203F48003F9
:108560000993099B764B80F83540C0E90035754B7F
:10857000C0E9024498628363C0E904A9C0E90687A0
:10858000E9F704FE224606213820EAF74BF83820A6
:10859000EAF77AF86C486D4B066280F83540C0E91E
:1085A00000356B4BC0E9024498628363C0E904A9BB
:1085B000C0E90687E9F7EAFD224606214420EAF7EA
:1085C00031F84420EAF760F89BF80030022B40F2C3
:1085D000AA806048604B066280F83540C0E90035EB
:1085E0005E4BC0E9024498628363C0E904A9C0E914
:1085F0000687E9F7CBFD224606214520EAF712F867
:108600004520EAF741F85648564B066280F8354057
:10861000C0E90035544BC0E9024498628363C0E965
:1086200004A9C0E90687E9F7B1FD224606214620E4
:10863000E9F7F8FF46200FB0BDE8F04FEAF724B89D
:1086400043F480030226002509A96364636C47484C
:1086500003F480030593059B236B43F0100323630E
:10866000236B03F010030693069B0823CDE909361C
:108670000623CDE90B560D93E9F7DCFB236B09A923
:108680003B4843F400732363236B03F400730793A5
:10869000079B4FF48053CDE90B56CDE90935E9F737
:1086A000C9FB236B334A43F480032363236B03F436
:1086B00080030893089B304B1968914223D12F4CBB
:1086C0004FF000724FF480614FF40050E560256375
:1086D0001C67A363C4E901254FF40062C4E90412D6
:1086E0004FF48072C4E906024FF400322046C4E918
:1086F00008250322C4E90A25214A2260E9F7C4FDBE
:108700002046E9F743FD002207213C20E9F78AFFD4
:108710003C20E9F7B9FF282000220721E9F782FF72
:108720002820E9F7B1FF0FB0BDE8F08FC455022053
:1087300000380240000C0240000802401458022099
:1087400010640240C8580220B457022088640240D6
:10875000745802203C560220A0640240F0560220C9
:10876000DC550220B86402409C56022000100240F2
:10877000002402402458014094590220DC54022075
:10878000706402407E030020244B1B8810B52BBB75
:1087900008212348234CE9F731FC08212248E9F756
:1087A0002DFC2378022B08D908211D48E9F726FC67
:1087B0004FF400611C48E9F721FC1C48E9F764FD0F
:1087C0001B48E9F761FD2378022B25D91948E9F701
:1087D0005BFD1948BDE81040E9F756BD174C3C2039
:1087E000E9F760FF164B22689A4202D1E06EE9F782
:1087F0004BFD226808211348136823F4803313606B
:10880000E9F7FCFB4FF480510F48E9F7F7FB0F4AFB
:10881000536C23F48003536410BD00BFC455022081
:10882000000C02407E030020000802401458022081
:10883000B45702203C560220DC55022094590220F5
:108840002458014000100240002402400038024039
:1088500008B5FFF799FF174B1B8833BB1648EBF79A
:1088600064FDF0B91548EBF760FDD0B91448EBF79B
:10887000B7FCB0B91348EBF7B3FC90B9124B1B78B7
:10888000022B0ED91148EBF750FD50B91048EBF709
:108890004CFD30B90F48EBF7A3FC10B90E48EBF7CD
:1088A0009FFCBDE80840FDF71BBDBDE80840FFF791
:1088B00075B800BFC4550220C85802207458022061
:1088C000545902201C5902207E030020F056022039
:1088D0009C5602207C5702204457022010B5A4B0B9
:1088E0000C466846E9F776F942F611339C4207D008
:1088F00045F222639C4203D04AF644439C421AD17B
:108900004FF4801300934FF48003109340F2AD13A3
:10891000019302230393132368460993E8F7AAFE01
:108920004FF08053684600934FF080632393E8F73D
:10893000A1FE24B010BD4FF4801300934FF48003C8
:1089400010934FF4AC730193072303930123E3E7E0
:108950002DE9F84F1D46654B81460C4618800028CE
:1089600040F04482DFF8AC81FDF79CFC4A4621468A
:108970005F4888F80050FFF7B1FFFFF78DFD5D4BB2
:108980005D4AB4F5FA5F83F834901A604FF0010243
:108990001A714FF080429A606ED042F611329442C2
:1089A00068D0B4F57A5F67D045F22262944261D014
:1089B000B4F5FA4F60D04AF64446B4420CBF0426E0
:1089C0001926002504220A21B4F5FA5FDE60C3E906
:1089D0000455C3E90655C3E90825C3E90A154DD076
:1089E00042F611318C4249D0B4F57A5F48D045F255
:1089F00022618C4246D0B4F5FA4F45D04AF6444243
:108A0000944205D04BF68035651B18BF0125AD009B
:108A100038481D63EBF76EFB0246002862D13748E9
:108A20000127374B4FF080494FF0040B4FF00A0AF3
:108A300003604FF4807380F8342007710563C0E948
:108A40000422C0E908B2C0E90AA2C0E90296C0E95E
:108A50000637EBF74FFB0246002843D198F8001089
:108A6000022913D8B4F5FA5F56D14FF0C0414FF444
:108A700080736FE00426A4E71826A2E70825C7E75D
:108A80000325C5E71546C3E70725C1E71D481E496D
:108A900080F83420016007710563C0E90422C0E951
:108AA0000622C0E908B2C0E90AA2C0E90296EBF7C3
:108AB00021FB0246B0B915484FF48073144980F881
:108AC0003420016007710563C0E90296C0E9042201
:108AD000C0E90637C0E908B2C0E90AA2EBF70AFB11
:108AE0000028BFD00020BDE8F88F00BFC455022089
:108AF000C858022054590220207401401C590220F9
:108B0000007401407C570220A074014044570220A9
:108B1000807401407E03002042F611339C42A4D0B1
:108B2000B4F57A5F00F0018145F222639C4200F0C7
:108B3000FC80B4F5FA4F00F0FC804AF644439C42B6
:108B400000F0FB804BF680339C4200F0F9804FF040
:108B5000204114239A4D00209A4A012685F84C00A2
:108B6000E86068612E82C5E9002040F201122846C3
:108B70002A814FF40052C5E90836C5E90621EBF712
:108B800061FB0028AED132468F492846EBF7DDFB6A
:108B90000028A7D1B4F5FA5F00F0D68042F6113371
:108BA0009C4200F0D180B4F57A5F00F0D28045F2AB
:108BB00022639C4200F0CD80B4F5FA4F00F0CD80E6
:108BC0004AF644439C4200F0CC804BF680339C42F2
:108BD00000F0CA804FF0204114237C4D01267C4ACE
:108BE0000020C5E9002640F2011285F84C00E8603B
:108BF0002A814FF40052288268612846C5E906217F
:108C0000C5E90836EBF71EFB00287FF46BAF324650
:108C100031462846EBF799FB00287FF463AF98F8BC
:108C20000030022B7FF65EAFB4F5FA5F00F0A08053
:108C300042F611339C4200F09B80B4F57A5F00F05D
:108C40009C8045F222639C4200F09780B4F5FA4F75
:108C500000F097804AF644439C4200F096804BF621
:108C600080339C4200F094804FF020411423594DF2
:108C70000126594800222E8285F84C20EA606A615C
:108C80004FF40052C5E9000640F201102881284641
:108C9000C5E90621C5E90836EBF7D4FA00287FF4C8
:108CA00021AF32464D492846EBF74FFB00287FF4B1
:108CB00019AFB4F5FA5F6FD042F611339C426BD016
:108CC000B4F57A5F6DD045F222639C4269D0B4F569
:108CD000FA4F6AD04AF644439C426AD04BF680333E
:108CE0009C4269D04FF0204114233D4C01253D4A60
:108CF0000020C4E9002540F2011284F84C00E06035
:108D000022814FF40052208260612046C4E906218E
:108D1000C4E90835EBF796FA00287FF4E3AE2A465B
:108D200031492046EBF711FBDCE64FF0C0418023D0
:108D300010E74FF0004140230CE74FF0C041FAE745
:108D40004FF0C041282305E74FF0C0414FF4807336
:108D500043E74FF0C04180233FE74FF000414023FD
:108D60003BE74FF0C041FAE74FF0C041282334E71A
:108D70004FF0C0414FF4807379E74FF0C04180233A
:108D800075E74FF00041402371E74FF0C041FAE72B
:108D90004FF0C04128236AE74FF0C0414FF4807381
:108DA000A3E74FF0C04180239FE74FF000414023ED
:108DB0009BE74FF0C041FAE74FF0C041282394E70A
:108DC000C8580220007501400200010074580220BA
:108DD00080750140F0560220007601402000050019
:108DE0009C5602208076014010000400FEF7D6FD5C
:108DF000214600224B48FEF75BFF4A4B4A4A184681
:108E00001A60EDF783F8014620B94648FEF796FE52
:108E1000FFF742FB454D0027DFF820A18021444B9E
:108E200040224FF001084FF0050B2B602846DAF87E
:108E300004303C4E23F48033CAF804304FF400531E
:108E40006F622B612023EC61C5F804806F612F6392
:108E5000EF63AF60C5F81880EF602F62AF65C5E9BA
:108E60001023C5E90D174FF480334FF480220421FD
:108E7000C5E91237C5E91427C5E9171BC5E90A7703
:108E8000ECF7BEFD28488021402230602023DAF82C
:108E9000240020F48030CAF8240003207762706038
:108EA0003046F46177613763C6F83C80C6F80880C5
:108EB0003761C6F81880F760B7623762B765C6E9F0
:108EC0000D171021C6E91023F1624FF480334FF4DF
:108ED00080220421C6E91237C6E91427C6E9171B08
:108EE000ECF78EFD32683420136843F4803313604E
:108EF0002A68104D136843F480331360AB689847B9
:108F000048F6941398420BD1EB6A342098470A4BE9
:108F1000642249461D6034202D682346A847E1E5B8
:108F20004046E0E59459022024580140185A022096
:108F300004580140480300209C5A02200058014078
:108F400013460A4601460020FFF702BD70477047EE
:108F500000F598730868496803C370477047704705
:108F60004160704770477047064BC0F84801C0F831
:108F70004C310023C0F8503100F5A273C0F84031E5
:108F8000704700BF35900108012303727047704796
:108F9000D0E90232416810B401EB62005410D207EC
:108FA00048BF0A595DF8044B48BFD35818470346D9
:108FB000406830B19A681AB9D86800F0010070476B
:108FC0000120704710B504460FF033FB204610BD5A
:108FD00010B504460FF02DFB204610BD10B5044619
:108FE0000FF027FB204610BD10B50446D0F85801FD
:108FF00007F08AF82046BDE8104009F069BD10B5B9
:1090000009F0E0FC0368BDE81040DB6B184710B5C1
:109010000446D0F8400158B10368DB68984738B17E
:10902000D4F8400103689B6898470023C4F8403196
:1090300010BD00002DE9F14FD0E9556A0746B06830
:1090400003681B6A9847B0F5A26F05D2444BA32171
:10905000444A45480FF020FD706803681B6A984732
:109060000F2803D8414BA4213E4AF2E7F068036879
:109070001B6A98470B2803D83D4BA521394AE8E7DE
:10908000DFF8F49009F09EFC043009F0C0FCD9F838
:10909000000010B10368DB689847D9F8000010B1F0
:1090A00003681B689847DFF8D480D8F8000010B137
:1090B00003685B699847D7F83C0110B103685B68A7
:1090C0009847D8F8000010B103681B689847D7F894
:1090D0003C0110B103689B689847F06800214FF08D
:1090E000000B03685B6A9847224B0446C0F804B043
:1090F00080F808B059460360B06803685B6A984717
:10910000054605F035FE7068594603685B6A984766
:109110000646294600F06EF8331DC7F83C61284624
:10912000C9F80040C8F80050CAF800302B68C6F8EB
:1091300008A0DB68EE639847336830461B689847A1
:10914000214628460BF021F8236820461B699847E2
:10915000236820465B6901B0BDE8F04F184700BFA7
:1091600070A10208FEA10208CAA202080FA3020809
:10917000B2A3020804D00208A4630220A86302205C
:1091800070B5044616460D4609F0E6FC074A002372
:1091900020461460064A2260064AC4E94F33C4E9F7
:1091A0005123C4E95333C4E9556570BDAC63022053
:1091B000B0CF020898CF0208064BC0F84801C0F8AB
:1091C0004C310023C0F8503100F5A273C0F8403193
:1091D000704700BF359001087047043870477047EA
:1091E00010B504460FF025FA204610BDA0F104008A
:1091F000F6E700000022C1608260024A0260183275
:109200004260704728D00208002070478180704774
:10921000C180704701817047418170477047704736
:1092200070477047704710B4C4880368121B848865
:109230005B6D091B12B25DF8044B09B218474FF67B
:10924000FF7383814FF0FF3303621368C3611060C3
:1092500070477047704770477047704790F82C0010
:10926000704770470022028042808280C28070472F
:1092700070470022028042808280C280704770471F
:109280007047704770477047F0B56426244C3C2502
:10929000A0FB0602830A41F2707043EA8253B3FBDB
:1092A000F4F4B3FBF0F0B4FBF6F2B3FBF6F706FB15
:1092B000124406FB1733B0FBF5F205FB1200B7FBB7
:1092C000F5F205FB12720A25B4FBF5F606F130073C
:1092D00005FB1644B0FBF5F605FB160030340F70A5
:1092E00006F1300730304C703A24CF7008718C7022
:1092F0004C71B2FBF5F005FB102200F13004303266
:109300008C71CA712E220A72B3FBF5F205FB12337F
:1093100002F13000303348728B720023CB72F0BD03
:10932000407E05000023DAB2815C1A460133002931
:10933000F9D1D0B270477FB500230A261A4601330F
:10934000B1FBF6F5103206FB1514DBB26A4430347B
:1093500002F80C4C0A462946092AEFD81946044659
:1093600011B9184404B070BD4A1E04ADD1B255FA0B
:1093700082F212F80C2C04F8012BF1E7013911F8F4
:10938000013F03B9704700F8013BF8E7F8B5002545
:1093900064270446164648080A4629462B46E4FB3D
:1093A0000701E7F7C7FAB8420146304628BF3946F9
:1093B000FFF7C1FF252345700370F8BD70B5044663
:1093C0000A260846002CBCBF64422D23B4FBF6F5E8
:1093D000B8BF00F8013B2946FFF7ADFF06FB154477
:1093E0002E233034037000234470837070BD00005E
:1093F00008B503460846B3F5801F08D3190DFFF7DB
:109400009AFF0A49FFF7BAFF0023037008BDB3F5BE
:10941000806F06D303F2FF33990AFFF78CFF0449EC
:10942000F0E71946FFF787FF0249EBE71BAB02089D
:1094300055A4020859A4020838B5047D05464CBB62
:10944000FFF770FF032825D92B1813F8031C13F816
:10945000022CA1F1610413F8010C13F8043C192C3F
:10946000A2F161049CBF2039C9B2192CA0F161049A
:109470009CBF203AD2B2192C9CBF2038C0B22E2BF0
:1094800008D1572906D1562808BF412A0CBF012010
:10949000002038BD0020FCE77047000000000000FD
:1094A000B5EEC00B2DE9F043F1EE10FA04462DEDB8
:1094B000028BB0EE408B87B012D5B1EE407B9FEDB2
:1094C0003E6BB4EEC67BF1EE10FA0CDD3E49204651
:1094D0000FF0E9FD002007B0BDEC028BBDE8F08382
:1094E000B0EE407BEBE79FED365BB6EE006BA7EE90
:1094F000056B51EC160BE7F737FA344A0023814627
:109500000D46E7F717FAB5EEC08B164680460F46B4
:10951000F1EE10FA05D555EA09051CBF2D2304F814
:10952000013B0025404639460A220023E7F702FAAC
:109530002B46303201351833EDB26B4403F8142C4E
:1095400042463B4680460A2A0F4673F10003E9D2A1
:109550002A4621460ABB6319DEB12E225F1C0A206F
:109560006255DC1D1A4A3B461D460133B6FBF2F13B
:10957000B1FBF0FC00FB1C11A34201F13001B2FB76
:10958000F0F22970F0D1BB4203D913F8012C302A34
:109590000DD0002201201A709DE7531E06A8DAB2F2
:1095A00050FA83F313F8143C01F8013BD2E7013B76
:1095B000E9E700BFAFF3008000E0FFA1941A6D421D
:1095C0000000000080842E4105AE020840420F00DA
:1095D000A086010010B504460FF02BF8204610BD00
:1095E00010B504460FF025F8204610BD10B504460E
:1095F0000FF01FF8204610BD10B504460FF019F803
:10960000204610BD10B504460FF013F8204610BDDB
:1096100038B5051D044600F14001284607F079FCE5
:1096200004F16801284607F074FC04F57C712846B3
:1096300007F06FFC04F591612846BDE8384007F05B
:1096400068BC90F8252012B103685B691847704721
:1096500010B50446806A50B10368DB68984730B1A2
:10966000A06A21460368BDE810409B68184710BDFA
:10967000DC280EDD40F2892398420DDC1823DC380B
:1096800058434FF4D773D730B0FBF3F00630800265
:1096900070474FF4C05070474FF4F04070470000DF
:1096A000B0F5AA7F24DB78398BB2B3F5997F1FD848
:1096B0003F23B1FBF3F3C3EB8312891A362917DC7E
:1096C000042B17D0B0F5DD7F24DBB0F5E07F0FDD94
:1096D00040F22622904223DD40F22D22904207DD07
:1096E000B0F5257F1EDBA0F29B2080B265281BD938
:1096F0000020704780B2A0F5AA73D22B16D9A0F231
:109700002E23652B14D9A0F29B20652894BF3D2001
:10971000002070470022074901EB8303985C7047E3
:109720000122F8E70222F6E70322F4E7302070472F
:109730002E20704725D40208B1F5801F70B51AD3CA
:109740000A254FF400240022E1FB0542240D44EADF
:109750000234B4FBF5F605FB16443146FFF7EBFD8A
:109760002E2330340B490370023000F8014CBDE861
:109770007040FFF703BEB1F5806F06D301F50071AD
:10978000890AFFF7D8FD0449F1E7FFF7D4FD034943
:10979000EDE700BF5CA402081BAB020855A4020859
:1097A00070B500221F4C2546002315F8016B8E4230
:1097B0000FD1DBB2C2EB821203EB4301743201EB37
:1097C000C101428003EB810303F5A87303806E237C
:1097D00010E00133042BE8D101320434D2B2042A60
:1097E000E1D130290AD14FF4A87303804FF4B87344
:1097F0004380DB2383803F23C38070BD2E2906D1A5
:1098000040F22A2303804FF4B8734380DFE73D29F9
:1098100002D140F29723F5E7002303804380838041
:10982000EAE700BF25D4020890F825201AB190F885
:10983000242002B118607047074A02600022C0E984
:109840000122C0E90322C0E90522C0E907224FF442
:1098500080728284704700BF14D802082DE9F0415D
:109860001D460368044616461B6BBDF918709847E1
:109870002368314620465B6B98472368294620467B
:109880009B6B9847236839462046DB6BBDE8F04167
:1098900018470000F0B5B2F900E085B0978884461B
:1098A0001D46086802AB4968774403C33FB2BDF95F
:1098B0000810B94274DABDF80C600E4436B2B645F1
:1098C0006EDAB2F90200D488BDF90A30044424B239
:1098D000A34265DABDF80E201A4412B290425FDA54
:1098E0007145B8BF71468342B8BF0346B742D4BF83
:1098F000C1EB0700C1EB0600ADF8081006B29442B8
:10990000D4BFC3EB0400C3EB0200ADF80A3002B2CF
:10991000002EADF80C60ADF80E2041DD002A3FDDD1
:10992000DCF80030604602A9DB6A9847BDF90C00FC
:10993000BDF90E3000FB03F22F2A06D81E4B1B6820
:1099400093F85C2072BB98682FE0BDF90820002ACC
:10995000F4DBBDF90A100029F0DB104400B2B0F5C9
:10996000487FEBDC194409B2B1F5F07FE6DC06F084
:1099700073FF4FF45076BDF90830BDF80A40BDF8CA
:109980000C2014FB06340095C2F55071BDF80E3062
:1099900004EB440489B22044FBF788FC0028CDD1B5
:1099A00005B0F0BD186D0028CDD003682A4602A985
:1099B0005C6AFF23A047F3E7686302202DE9F04FBC
:1099C0001D1E87B0924607460E46BDF94020BDF9E0
:1099D000444010DD002A0EDD002C0FDCADF8101025
:1099E00004A9ADF81620ADF812A0ADF81450DDE9C9
:1099F0001232FFF74FFF07B0BDE8F08FB5EB440F11
:109A0000ADF810101FFA8AF304A9B8BF6C10ADF8B6
:109A10001450009393B2B2EB440F0193B8BF5410AB
:109A20001FFA84FB1BFA8AF3ADF81230019BA3EBFB
:109A30004B03ADF81630DDE91232FFF72BFF04FBC4
:109A400004F20023521099B2ABEB0108039119B252
:109A50000FFA88F88C42029104DD08FB08F101330B
:109A60009142F0DC029B73B3032304A93846ADF89E
:109A700012A094FBF3F41FFA84F916FA84F4029B03
:109A8000A5EB490924B2ADF816300FFA89F9ADF803
:109A90001040ADF81490DDE91232FFF7FBFE04A987
:109AA0003846ADF81040ADF81490DDE900321344AB
:109AB000039A9B1AADF81230029BADF81630DDE91F
:109AC0001232FFF7E7FEB8F1000F94DD009A01367D
:109AD000039B023D36B204A913442DB23846ADF8BB
:109AE0001060ADF81230ADF81450ADF81680DDE915
:109AF0001232FFF7CFFE04A93846ADF81060ADF87A
:109B00001450ADF81680DDE900231344A3EB0B03DA
:109B1000ADF81230DDE912326BE700002DE9F04FAD
:109B200087B016469DF84070029341B13FB107EBF4
:109B300047034D1E5B00019315F8013F13B907B0B1
:109B4000BDE8F08FA3F16102192A07D8203BDBB2F0
:109B5000413B464CC3EBC3031C4417E03D2B33D8B9
:109B6000242B38D9A3F12502182A34D8DFE802F0D3
:109B70004433334C4E4A46330D40423B3B3B3B3B28
:109B80003B3B3B3B3B5033334800394CBDF80890DE
:109B900004F1070B0FFA89FA00232178C3F10402BC
:109BA00021FA02F212F0010F03F1010234D1D3B213
:109BB000052BF2D10134B944A3451FFA89F9E9D143
:109BC000019B1E4436B2B7E75F2B23D005D8A3F123
:109BD0004102192ABCD9274CD8E7264C264A7E2BAD
:109BE00008BF1446D2E7303B244CC3EBC303B3E7B2
:109BF000234CCBE7234CC9E7234CC7E7234CC5E7ED
:109C0000234CC3E7234CC1E7234CBFE7234CBDE7FC
:109C1000234CBBE7234CB9E7D2B29846C2F1040209
:109C200008F101085FFA88F8B8F1050F05D021FAAC
:109C300002FC013A1CF0010FF2D113FB07F2A8EB72
:109C4000030304A903903244ADF812A013FB07F3F9
:109C5000ADF81670ADF81020ADF81430DDE9113212
:109C6000FFF718FE43460398A2E700BF68D3020837
:109C700014D302081ED40208F1D2020822D302082B
:109C80000DD3020806D30208FFD20208EAD2020866
:109C9000E3D20208DCD20208D5D20208CED20208F2
:109CA0001BD30208F8D20208B1F90020002A2DE9DE
:109CB000F041054686B00C4611DCB1F90230002BAC
:109CC0000DDC89880A4412B2B2F5487F07DBE288CE
:109CD00013441BB2B3F5F07F01DB06F0A5FDB4F928
:109CE00002300027DFF80082002BB8BF073323F0D3
:109CF00007031BB26288E1880A4412B29342C0F2A1
:109D0000A480664B224604A9284605930226644B8C
:109D10004FF004080497FFF7BDFD624B162262491D
:109D2000284602944FF42C77CDE900631223FFF705
:109D3000F5FE5E4B4FF494725D4928460294CDE9DE
:109D4000006322261223FFF7E9FEC6F12603ADF8D1
:109D50001260043E2246ADF8163004A9B6B2554B47
:109D60002846ADF81070ADF814800737FFF792FD64
:109D7000122EBFB2E9D1504E13232846CDF80480ED
:109D800000931122262340F2E621DFF860810727A5
:109D9000CDE90264FFF712FE484A494B04A9284660
:109DA000CDE904232246474BFFF774FD4649474B54
:109DB00022462846CDE90413334604A9FFF76AFD7D
:109DC00003234348182243490294434ECDE900300F
:109DD00028464823FFF7A2FE022395F8260040F20A
:109DE000AE223E490294CDE900363D4E4C23002878
:109DF00018BF31462846FFF791FE95F82620394BCB
:109E00000E26284640F27F11002A08BF43464FF431
:109E1000E072CDE90234CDE900673346FFF7CEFDAD
:109E200095F826202F4B40F295112846012A08BFAD
:109E300043464FF4E072CDE902343346CDE9006782
:109E4000FFF7BCFD06B0BDE8F0819EB2ADF8123060
:109E50001C231621321D08362846ADF8107012B2A8
:109E6000CDF8148092FBF3F392FBF1F1002A03F199
:109E7000180301F11201B8BF0732DBB2C9B2D21028
:109E80001B023A3243EA014304A9D2B213432246E9
:109E900043F07F43FFF7FEFC33B22BE7200336008D
:109EA0002A120CFFFFF2ECFF6EA40208E0BCAAFF2E
:109EB00074A40208FFF2EBFF9B7667FFEA0215002D
:109EC0001C000B0097E669FF0C0316000300090055
:109ED000FFF8F5FF85A40208D8AF9AFF60A4020836
:109EE00067A40208976C5BFF20030800FFFAF8FFE5
:109EF0002DE9F04F91B0994604460E461A9B15463F
:109F0000DDF878A0B6B20593ADB21B9B4FF0020806
:109F10000693436803934369102002938623CDE997
:109F200000304FF4AF732068DDE91C7BFFF746FD7E
:109F300063684FF00E0C2A1D0393311D236912B282
:109F400009B202937E23CDE9003C4FF4AB73206845
:109F5000FFF734FD636805F1110206F11201CDE946
:109F600002A31D2312B209B2CDE9003804232068F0
:109F7000FFF724FD616806F1220205F1100302914A
:109F8000A16812B21BB20792CDE900814946206850
:109F9000FFF7C4FD616805F12603079A029106F1F7
:109FA0001808E1681BB205F139090FFA88F8019128
:109FB00001210FFA89F9009105992068FFF7AEFD9C
:109FC00008AA59463846FFF7E1F908A8FFF7AAF9A9
:109FD0006168A0EB800006F23B1205F1120302EB70
:109FE00080021BB212B2CDE901A10421009108A99F
:109FF0002068FFF793FD6368DFF8CCE04A460393DF
:10A0000007234146CDE9013E0E2300934FF4977399
:10A010002068FFF7D3FC4FF4977000235A46A7FB44
:10A020000001E6F787FC03B2042B02DC002F18BF07
:10A03000052362680721CDE902A20E22CDE90021A5
:10A040004A4641462068FFF7B9FC07F2FF310AA8EB
:10A05000890AFFF770F91A49FFF790F94FEA9B2137
:10A06000FFF769F91749FFF789F9002303700AA878
:10A07000FFF758F96168A0EB800006F1AF0202918A
:10A0800005F15203A16802EB40021BB201910221CB
:10A0900012B200910AA92068FFF740FD626805F13D
:10A0A0006F0306991C92E2681BB21B9201221A925E
:10A0B0004246206811B0BDE8F04FFFF72FBD00BF4A
:10A0C0008DA4020855A402084E3B2EFF2DE9F74F40
:10A0D00097B205461E464FF6F774A1F10209A7F1A3
:10A0E000020B04EB090804EB0B034FF0031A0C9A64
:10A0F0000FFA88F869462846ADF802303346ADF8C5
:10A100000080CDF804A0FFF7C5FB3B1B01340C9A7F
:10A110006946A4B2ADF8023028463346ADF8008057
:10A12000CDF804A0FFF7B6FB0C2CDAD103B0BDE8E4
:10A13000F08F000010B50446FFF77EFB034B20466E
:10A140002360002384F8263010BD00BF80D00208B1
:10A1500090F826208A4204D0036880F826105B69B4
:10A160001847704710B50446FFF766FB054B2046BD
:10A170002360002384F82630034BA362034BE36281
:10A1800010BD00BFE8D0020894A40208DC7846FFA6
:10A190002DE9F04790F8263086B004460D46BA4EB9
:10A1A000BA4F0F2B00F23583DFE813F01000510097
:10A1B0007B009F00BE00E6000A015201AC01D701FE
:10A1C000F9012C024C026902C502EC024FF00808AA
:10A1D0001927AF4B112203912A2100974FF0120942
:10A1E000CDE901831223FFF7E9FBAA4B1F22392196
:10A1F00020460395CDF80090CDE901833B46FFF75B
:10A20000DDFBA54B2E222A21204603950097CDE9A0
:10A2100001834B46FFF7D2FBA04B1F223946204655
:10A220000395CDF80090CDE901833B464FF0060839
:10A23000FFF7C4FB0C2323222E21CDE90265CDE9D3
:10A2400000382046FFF7BAFB06B0BDE8F087DFF81C
:10A25000A0C20A46924B04A90F274FF00708CDE988
:10A2600004C3894BFFF716FBDFF888E28D4B2A46C3
:10A2700004A92046CDE904E3834BFFF70BFB14232D
:10A28000332224212046CDE90265CDE90078FFF78D
:10A2900095FB14232B223A21CDE90265CDE9007804
:10A2A000CFE7814E252307201E22804FCDE9026192
:10A2B000CDE90030192137232046FFF77FFB10231B
:10A2C00017221D212046CDE902650526CDE900367D
:10A2D0001923FFF773FB764BCDE90473754B2A46C0
:10A2E00004A92046FFF7D6FAAEE7CDE9026137238D
:10A2F00006211D264FF025086F4F1122CDE90031B0
:10A300002F231D21FFF75AFBADF8126009366B4B66
:10A310002A46B6B204A92046ADF810800597FFF78B
:10A32000B9FA412EF0D18FE732234FF019091122EB
:10A33000DFF8C4A1CDE90261CDE900391B21FFF7A7
:10A340003DFB14231622202120460395CDE9013A36
:10A3500028230093FFF732FB594A5A4B04A92046A1
:10A36000CDE90423484B2A46FFF794FA564B049351
:10A37000564B0593444BB2E7DFF880C10D23122200
:10A3800003911D214FF00808CDE9013C1A230093E9
:10A39000FFF714FB16234FF00A0E28222521204632
:10A3A000CDE9003ECDE902652A23FFF707FB112323
:10A3B0002D22CDE900381B23CDE90275194640E76F
:10A3C0000923039142490D22424E2627DFF830919E
:10A3D0004FF00208CDE901313C231B2100933423C7
:10A3E000FFF7ECFA03233C48132221210395CDE922
:10A3F00001300D23204600932823FFF7DFFA374B67
:10A400002A4604A92046CDE90463354BFFF742FAFA
:10A410000FFA87FA002606EB4601324B52462046D9
:10A42000022E08BF4B4606EB81010136CDF80480B1
:10A430002231CDE90235082309B200930923FFF741
:10A44000BDFA032EE7D10B37BFB2472FE0D1FBE6B1
:10A450002A234FF00F0A1122CDE90261CDE9003A1B
:10A4600026211E23FFF7AAFA0395E36A09222C216D
:10A47000204602931223CDE900321722FFF79EFAFD
:10A48000194B0493194B74E7FFFCFAFFFBE8DDFF5F
:10A4900046DBFFFF8FDC5BFFFFA44DFF8A65FBFF00
:10A4A0000500250012000500FFF5E6FF1F0028004B
:10A4B0002B000400F4AB57FF1E00030030A9E0FF9F
:10A4C00032001F0004000E0034002B000C000400BA
:10A4D000392C26FF26001900E0EBE0FF1E000200E9
:10A4E00052574BFFEFE7E2FF3100330008000F0047
:10A4F0003500140039001300654F42FF4DDAFFFFAD
:10A5000042B1FFFFDFF8B0E308231C2203911621BC
:10A51000DFF8A883DFF8A893CDE9013E2723009355
:10A520003E23FFF74BFA0C231F222A2120460395D6
:10A53000CDE9013819230093FFF740FA06232522BD
:10A54000302120460395CDE901390D230093FFF713
:10A5500035FAC94B0493C94B0BE7CDE902613423AB
:10A56000072611221821C64FCDE900363923FFF7FF
:10A5700025FAC44B2A4604A92046CDE90473C24BF0
:10A58000FFF788F90323DFF83CC32046BF49029553
:10A59000CDE9003C27231A46FFF7C0FA54E608230A
:10A5A000BB4800274FF02508DFF81CA34FF0020935
:10A5B000039111221921CDE9013036232046009361
:10A5C0003923FFF7FBF907EB0712042F94BF30463E
:10A5D0005046C7EBC7010137B2FBF8F308FB132263
:10A5E0001F310A3209B213B2C2F14002CDE90205AD
:10A5F000CDE9003912B204232046FFF7DFF9072F17
:10A60000E1D121E630234FF0180A1222CDE9027180
:10A61000CDE9003A1D21FFF7D1F90E239D4A2721EC
:10A6200020460395CDE901321C231A460093FFF71B
:10A63000C5F906210C232422CDE90031CDE90275AC
:10A640002F21FEE5CDE9026105272D261C231522C9
:10A650001821DFF87892CDE90067FFF7AFF98E4B4C
:10A6600015223521204603950096CDE901731C2360
:10A67000FFF7A4F9894BCDE90493894B2FE62B23EF
:10A680000E270F224FF01F08DFF84492CDE9003764
:10A69000CDE902611C232721FFF790F908270395D4
:10A6A0001522E36A2D21204602931023CDE900876D
:10A6B000FFF784F97B4B2A4604A92046CDE90439EB
:10A6C000794BFFF7E7F8794B2A4604A92046CDE9F4
:10A6D0000439754BFFF7DEF84FF00B0C162341469B
:10A6E0002A2220464FF00208CDE9003CCDE9026560
:10A6F0002C23FFF763F90395E36A2A2224212046DD
:10A70000CDE90173102300932223FFF757F9DFF8F7
:10A71000C4E1674B2A4604A92046CDE904E3624B15
:10A72000FFF7B8F8042342222821CDE90038CDE90B
:10A7300002651A2385E52F2309204FF02D080127F4
:10A740001422CDE9026100261821CDE90030392319
:10A750002046FFF733F906F11F032A4604A92046D5
:10A76000ADF8123046F34E030136ADF810800233D7
:10A77000ADF81670ADF81430E36AFFF78BF8182EB9
:10A78000E9D161E53423092219274FF0140ADFF8D3
:10A790004881CDE90032CDE90261362312221A2127
:10A7A000FFF70CF90395E36A06211A22204602936B
:10A7B0002423CDE9003126232221FFF7FFF80323CC
:10A7C0002C223C49009320462223CDE90165FFF766
:10A7D000A5F90FFA87F933462A4604A920460B3714
:10A7E000ADF810A0ADF81290BFB2CDF81480FFF70D
:10A7F00051F84F232A4604A92046ADF810303346BD
:10A80000ADF81290CDF81480FFF744F8452FE0D151
:10A810001AE519274FF00C0816223B46CDE90078BF
:10A82000CDE902611D21FFF7C9F83B46162234210C
:10A830002046CDE9007800274FF00208CDE90265F7
:10A84000FFF7BCF847F34E02BBB2013704A91F3231
:10A850002046ADF81680ADF8102003F12302C3F1B5
:10A860002C03ADF812202A46ADF814303346FFF71A
:10A8700011F81A2FE6D1E7E41F00160012000800B5
:10A880001800110039000F004C48E8FF98A4020896
:10A890002C3113FF8D7668FFD2E5F4FF030028000A
:10A8A000316FC1FF1F002400FFFCFAFF46002400A7
:10A8B0000600080081AA0208F5EAE4FF604C41FFA7
:10A8C000E8B884FF5E4B43FF49C4F9FF330018002A
:10A8D00005000A0032003C00070003002DE9F047A4
:10A8E000354B86B046250F2604460F4608220391B5
:10A8F00000951521CDE901632B46FFF75FF803971B
:10A90000E36A0422112120460095CDE901632B461C
:10A910002A4DFFF753F82A4B3A4604A92046CDE9C1
:10A9200004534FF0FF33FEF7B5FF39462046FFF7DB
:10A930002FFCA16A0023DAB2984601338D5C002D0A
:10A94000F9D15FFA88F86823B8F1080F23D94FF6D8
:10A95000F671DFF870A04FF00209ADF8105012FB4D
:10A9600001325610A36A05EB850204A920465B5DFF
:10A9700006EB42020135CDF800908DF8103012B28E
:10A980005723CDE901A7FFF7C9F8EBB24345E9D357
:10A9900006B0BDE8F0874FF6F470029712FB003264
:10A9A0000223084842F34F02CDE9003057232046E6
:10A9B000FFF7B4F8ECE700BF240D08FF170009000B
:10A9C0003A000200FFF7F3FF70B480F82C309DF8D6
:10A9D0000C609DF81050036880F82D6080F82E50B0
:10A9E00080F8261082625B6970BC184707B5054B7A
:10A9F0006946054ACDE9002303681B69984703B0FF
:10AA000000BD00BF5E012A00E10087001FB50A4AB1
:10AA100004460A4B0A49CDE900230A4BCDE902134B
:10AA2000036869461B699847236802A920461B6989
:10AA3000984704B010BD00BF670278008C001F006B
:10AA40001E00D600E402380007B5054B6946054AEA
:10AA5000CDE9002303681B69984703B000BD00BF20
:10AA6000E402A2001E001A0107B5054B6946054A1B
:10AA7000CDE9002303681B69984703B000BD00BF00
:10AA8000E4024C011E00700007B5054B6946054AFB
:10AA9000CDE9002303681B69984703B000BD00BFE0
:10AAA000DA021E012300820007B5054B6946054AFC
:10AAB000CDE9002303681B69984703B000BD00BFC0
:10AAC000E40246011E00700007B5054B6946054AC1
:10AAD000CDE9002303681B69984703B000BD00BFA0
:10AAE000E40240011E00700007B5054B6946054AA7
:10AAF000CDE9002303681B69984703B000BD00BF80
:10AB0000EE02500119006C00064B07B5009303F5E7
:10AB10005F03694603F2E923019303681B699847C1
:10AB200003B000BD1400700007B5828E6E2103686B
:10AB3000C2F5B672ADF800101B696946ADF8022087
:10AB4000024A0192984703B000BD00BF6C02490061
:10AB5000838EC3F51573023307B5ADF80230732148
:10AB6000044BADF800106946019303681B699847D0
:10AB700003B000BD3A0268003023012230B5002442
:10AB80000025C386002380F8862080F84E30C0F868
:10AB90009030C0E9224530BD10B50446FEF74CFEAA
:10ABA000084B094A204623600023A262074A84F822
:10ABB0002630E262238684F83230A386FFF7DCFF7A
:10ABC00010BD00BF50D1020894A402084473DC00F9
:10ABD00030B50D4690F8911085B00446A94222D0B8
:10ABE0006846FEF7DDFD294602A884F89150FEF77D
:10ABF000D7FDBDF90430002B08DDBDF90630002B70
:10AC000004DD2368694620461B699847BDF90C306E
:10AC1000002B08DDBDF90E30002B04DD236802A9EE
:10AC200020461B69984705B030BD000000000000B9
:10AC300090F836302D2B30B520D101211FE00132A4
:10AC40002E2BD2B226D0303BDDB2092D08D807EE2C
:10AC5000903AB8EEE77B64B1A6EE070B26EE056BE3
:10AC6000831893F83630002BE9D109B1B1EE400BCF
:10AC700030BDA0EE047BB0EE470BF1E70021B2EE51
:10AC8000044B0A4600249FED046B9FED050BB0EECC
:10AC9000465BE5E70124E3E79A9999999999B93FC9
:10ACA000000000000000000070B52DED028B90F850
:10ACB0009030044600F136062A3B90ED228B052B9E
:10ACC00006D8DFE803F017030514051A38EE008BE9
:10ACD000B0EE480B3046FEF7E3FB0546F8B13046D0
:10ACE000FEF720FB84F8860084ED228B1EE038EE10
:10ACF000408BEDE728EE008BEAE79FED117BB4EE89
:10AD0000C70BF1EE10FA15DD9FED0F7BB4EEC70B0C
:10AD1000F1EE10FA0ED50E4930460EF0C4F90523B7
:10AD2000002584F88630012384F893302846BDEC52
:10AD3000028B70BD88EE008BCAE700BFAFF30080C6
:10AD400011EA2D81999771BD11EA2D819997713D75
:10AD500005AE020870B504460D462DED028B8CB091
:10AD6000002900F03281432908D1FFF705FF0CB01C
:10AD7000BDEC028BBDE87040FFF7A6BE303990F8FD
:10AD80009360C9B2002E3CD0FFF7F6FE09290FD818
:10AD900094F89230002B51D194F88620012A5CD18E
:10ADA00094F83630302B5AD184F836502046DEE7FE
:10ADB0002E2DDCD194F8923063B13023E386012349
:10ADC00084F88630002384F8923094F890300BB9E0
:10ADD00084F84E302E2104F136000EF0C0F8002821
:10ADE000E4D194F88620162AE0D8531C2E21224460
:10ADF000DBB284F88630234482F8361083F83600BC
:10AE0000D4E70929C4D93D2D00F0AB8033D8A5F192
:10AE10002A03DAB2052AC9D8052BC7D801A252F8ED
:10AE200023F000BF13AF010813AF0108ADAD010857
:10AE300013AF0108B5AD010813AF01083023E38655
:10AE4000012384F88630002384F8923094F89030FF
:10AE5000002BA1D184F84E309EE7162AA6D8531CA9
:10AE60002244DBB284F88630234482F83650002234
:10AE700083F836209AE7422D2BD0532D96D190F8A7
:10AE8000862090F83630012A04D1302B8ED02D2B1D
:10AE900011D101E02D2B0BD104F1370104F1360063
:10AEA0000EF03CF894F88630013B84F886307DE75C
:10AEB000162A3FF67BAF013204F1360104F1370068
:10AEC0000EF02CF82D2384F8363094F886300133B8
:10AED000EBE790F8863080F89260012B0DD9013BAA
:10AEE000DBB2C218012B80F8863082F8366008D1B8
:10AEF00090F836302D2B7FF459AF3023E3860123B1
:10AF0000D3E7022B7FF452AFC28E43F22D039A4255
:10AF1000F1E790F89030FBB190F8923033B9FFF739
:10AF200087FEFFF7C1FE00283FF440AF04F14E0654
:10AF300006A884F8905094ED220BFEF7B1FA06A90A
:10AF40003046FEF71BFA2023457003700023837000
:10AF5000012384F8923029E7FFF76AFE80ED220B87
:10AF6000E4E790F89030002B3FF420AFFFF760FE4D
:10AF7000B0EE408B684694ED220BFEF791FAB0EEEE
:10AF8000480B06A8FEF78CFA694604F14E00B0EEB5
:10AF9000480BFEF7F3F9202306A9033000F8033C21
:10AFA00094F8902000F8013C00F8022CFEF7E6F936
:10AFB0000849FEF7E3F906702046FFF775FE002802
:10AFC0003FF4F4AE84F89060C2E70CB0BDEC028BA5
:10AFD00070BD00BF9BA4020807B5054B6946054A32
:10AFE000CDE9002303681B69984703B000BD00BF8B
:10AFF000E40250011E006C0007B5054B6946054A86
:10B00000CDE9002303681B69984703B000BD00BF6A
:10B01000EE025C011900600090F82F208A4203D0F4
:10B0200080F82F10FFF710BD704790F830208A424B
:10B0300003D080F83010FFF7CFBF704790F8312071
:10B040008A4203D080F83110FFF7D6BF704790F8DE
:10B0500032208A4203D080F83210FFF7CDBF70470C
:10B06000B1F5897FB0F93420A8BF4FF4897121EA86
:10B07000E1718A4202D08186FFF746BD7047000029
:10B080002DE9F04FC64B9FB00D46C6490446C64851
:10B09000C64FDFF87483CDE90B13C54BCDE90D0323
:10B0A000C44B0F93FAF78AFE15A9FEF7EDF8FAF7ED
:10B0B0008BFE1223064670221E2120460395CDE901
:10B0C00001375C2300934FF43973FEF777FC542368
:10B0D0004FF0100C742222212046CDE9003CCDE92E
:10B0E00002854FF43773FEF769FC002E50D00D9B9C
:10B0F0004FF0020B8022302120460127CDE9023596
:10B100003A23CDE9003B0423FEF758FC0C9B422276
:10B11000A9492046019302957D230097FEF7FEFC86
:10B120000B9BEB2215A90193052320460295009362
:10B130008B23FEF7F3FC0C9B4222A049204602958C
:10B14000CDE90073B523FEF7E9FC9D4A9D4B40F223
:10B150006E212046002E18BF13460D22CDE9023580
:10B160001B23CDE9003277237B22FEF727FC8EB923
:10B17000FAF724FE944F954B002808BF1F46FAF7B4
:10B180001DFE002840F0448140F29B220BAB05E0FD
:10B190008F4BADE74FF425728E4F0DAB02953946BC
:10B1A0001B6820460193012300938523FEF7B6FC1C
:10B1B000002E00F030810EAB03954FF0100A1B6893
:10B1C000D6221E21204602933823CDE9003AE123FE
:10B1D000FEF7F4FB002E00F020817F495D220B9BDF
:10B1E000204602954FF01009019303230093E823B2
:10B1F000FEF794FC794A734B40F21F112046002E53
:10B2000018BF1346D622CDE902353823CDE90039DF
:10B21000E123FEF7D3FB002E00F002810BAB0326E7
:10B2200002951B684FF4BA726D4920460193E823DA
:10B2300000964FF01009FEF771FC6A4BD62240F2DF
:10B240002121204603950027CDE90193382300935F
:10B25000E123FEF7B3FB0B9B40F25F2262492046DD
:10B260000295CDE90063E823FEF758FCFAF7B2FD3A
:10B270000A21064603958DF85070B0FBF1F3DAB25F
:10B2800001FB136330338DF8493045F22033ADF8BC
:10B290004A3003F18843B2FBF1F003F58A0301FB66
:10B2A00010221E21204603F22133303213934F4BDC
:10B2B0008DF848204FF48D72CDE90193A2230093BD
:10B2C0004FF43973FEF77AFB4FF00E0C9A234FF4CC
:10B2D0008F7222212046CDE9003CCDE902854FF452
:10B2E00037734FF00108FEF769FB0C9B34223C4991
:10B2F00020460193029540F22913CDF80080FEF715
:10B300000DFC0C9BF0223A4920460295CDE90083C2
:10B3100040F22913FEF702FC0C9B4FF4F4723549FE
:10B3200020460295CDE9008340F22913FEF7F6FB93
:10B330000C9B4FF42A7212A920460295CDE9008396
:10B3400040F22913FEF7EAFB2B4BDFF8C0E02A4658
:10B350001BA92046CDE91BE3284BFEF79BFA002EE4
:10B3600060D10C2326484FF4A2722D210395CDE91C
:10B37000013062232046009340F2B923FEF71EFB02
:10B380000C9BF4221F49019302232046029500934F
:10B390004FF4B473FEF7C2FB1FB0BDE8F08F00BFDF
:10B3A000BFA08FFFFFF8F4FFB1D33EFF573F30FF40
:10B3B000655BEFFF47AEF4FFB3A40208C2A4020826
:10B3C00052641EFF5E483DFF9EA4020830AD020895
:10B3D0008F6F5EFFA5A40208ADA40208F68B3FFFA5
:10B3E00003A50208685044FFD8A40208241710FFE0
:10B3F000DEA40208E4A40208BC020100564033FFA8
:10B4000039271DFFEAA402082B1C14FF2D003A0166
:10B410004FF42672BAE60DABCEE694496322DEE61F
:10B420000CABFCE64FF0FF33B9460593F8B2013799
:10B43000FAF7E2FC059B834228BF0346814505934A
:10B44000FBB238BF8146B342F0D3042E334640F2FC
:10B45000491738BF0423043BDBB20893089A94F8D9
:10B460002F30934228BF13460793059BDDF81CA09D
:10B47000B9EB030318BF01230993B24580F0AD80F7
:10B480005046A7F10908FAF7B7FC834650460FFA71
:10B4900088F8FAF7A5FC764B0A2210936423B0FBD8
:10B4A000F3F3B0FBF2F1303302FB11008DF84430BE
:10B4B000CBB2303018A9B3FBF2FC02FB1C338DF881
:10B4C0004600584630338DF8453000238DF847301C
:10B4D000FDF7DAFE5046FAF79DFC1BA9FDF7D4FEF6
:10B4E000644A654B07212046BAF1000F08BF134696
:10B4F0004246A7F10308CDE902351923CDE9003111
:10B5000040F2B9232D21FEF759FA0FFA88F304937C
:10B51000BAF1000F40F092800D9B012232212046AB
:10B52000CDE902350D23CDE900320323049AFEF75D
:10B5300045FA0B9B3E2210A9019302232046029557
:10B540000093049BFEF7EAFA012E79D0099B059A35
:10B55000934514BF002303F001039846099BCB4594
:10B5600014BF002303F001030693B8F1000F6CD160
:10B57000002B6CD10BAB4FF0020B02951B68F02235
:10B5800018A920460193CDF800B0049BFEF7C6FA37
:10B590000B9B4FF4F4721BA920460295CDE900B332
:10B5A000049BFEF7BBFAB8F1000F52D00D9B40F29E
:10B5B0009622324901930123029500933BB2204623
:10B5C000FEF7ACFA0AF101031D375FFA83FA40F285
:10B5D000BD13BFB29F427FF450AF042E7FF6DCAEA6
:10B5E0004FF4E0730227204640F2411240F2EF216F
:10B5F0000395B3FBF6F6224B122ECDE901734FF003
:10B60000700338BF122600930523FEF7D7F9079B76
:10B61000C6F1700240F2EF212046039512FB03F2BF
:10B62000089B0096B2FBF3F2164B02F24112CDE9F1
:10B63000017312B20523FEF7C1F9ADE6124B6CE7B8
:10B640004FF00008CDF8188094E70DAB93E70FABEF
:10B6500091E7069B002BB5D00F9B40F296220B4939
:10B6600001930123029500933BB2A8E7EEA70208DD
:10B670004C415020443723FF39271DFF07A50208FE
:10B680004F3B30FFA68470FF74594AFF0CA5020897
:10B690002DE9F04FE7B004460D46012634A8DFF847
:10B6A000D8B0F3F7DFF92849284A294B29480096F2
:10B6B000CDE90812284A2949CDE90A02CDE906B3A5
:10B6C0001F222046CDE901357023FEF727FA079B9C
:10B6D00040F23112224920460295CDE900637023E1
:10B6E000FEF71CFA9DF8D030022B22D1359B022B9D
:10B6F00040F2F2821B492AA8FDF740FE3799FDF778
:10B700001AFE1949FDF73AFE064624A9BDF9E000E4
:10B71000FDF754FE24A93046FDF730FE1349FDF72E
:10B720002DFE002303709DF8D030042B2DD006ABE6
:10B730002CE0012B04D10E492AA80DF0B4FCF6E749
:10B74000032B1BD10B49F7E7A6DA3EFF4CC2F6FFED
:10B75000BB9D89FF6C5BF4FFECD353FF38A5020857
:10B7600049A5020863A5020869A502086FA5020899
:10B7700075A502088AA50208FFF7F1FF042B40F027
:10B78000AB82C5492AA80DF08EFC0AAB02951F2298
:10B790001B682AA92046DFF848A301930123DFF89C
:10B7A000448324AE00938223FEF7B8F90C23DFF81C
:10B7B000389308F10A0B9422192120460395CDE90C
:10B7C000013A4FF487734FF6197A00934FF4FA73E6
:10B7D000FEF7F4F838F9027B5A232A46314617FB64
:10B7E0000AF7204697FBF3F74423BFB2338007F1F3
:10B7F0009E037380A94B7360A94BFEF74BF859F871
:10B80000041B08460591FDF78DFD07F19B03A0EB96
:10B81000800007AF02951BB242003868059901907D
:10B820003D32012012B200902046FEF777F9C34561
:10B83000D0D19C4B2A46DFF8B48231462046DFF84F
:10B84000B092C6E900833B68FEF724F8964B2A467F
:10B8500031462046C6E900933B68FEF71BF89DF889
:10B86000D030022B00F03A82399B4FF4E172DFF8BE
:10B8700084A24FF04408534342F2107240F2851BF9
:10B8800031462046B3FBF2F344332A4633809E23ED
:10B890007380864B73600B9BFDF7FCFF844B2A463D
:10B8A00031462046A6F800804FF001097360A6F8E3
:10B8B00002B03B68FDF7EEFF5AF8041B08460591FD
:10B8C000FDF730FD0295A0EB80003B68059908EB81
:10B8D000000208F15A08019320461FFA88F840F246
:10B8E0008D1312B2CDF80090FEF718F9B8F5187F55
:10B8F000D4D10295DE223B6820466E49CDE9009303
:10B9000040F2A513FEF70AF9DFF8D4C10E236C222A
:10B9100040F2192120460395CDE9013C4FF49B7379
:10B920000093EE23FEF74AF8069B40F23522624967
:10B93000019302232046029500937923FEF7EEF847
:10B9400015A93B98FDF7A0FCDFF8ACE10B2394228E
:10B950004FF4097120460395CDE9013E3E23009343
:10B96000D823FEF72BF815A8FDF7DCFC9DF8F43082
:10B97000A0EB800202FA09F202F5247212B2002B47
:10B9800000F0E9810BAB029515A91B6820460193D5
:10B9900002230093A423FEF7C1F89DF8F410474B4F
:10B9A0003046474A002918BF1A461146454AFDF756
:10B9B000E5FC9DF8F510444B002918BF1A461146C6
:10B9C000FDF7DCFC002303709DF8F430002B00F041
:10B9D000C48108AB4FF0010802951B6840F22A228F
:10B9E00024A920460193C223CDF80080FEF796F8E3
:10B9F00002953B684FF4307234492046CDE900830C
:10BA0000C223FEF78BF832491EA8FDF7B7FC0646A5
:10BA10000CA9BDF9EA00FDF7D1FC0CA9304609AE2E
:10BA2000FDF7ACFC2B49FDF7A9FC00231EA9037010
:10BA30002046BDF9EA20BDF9E83002959A42A8BF38
:10BA400037464FF409723B68CDE90083DC23FEF7EB
:10BA500065F805232048EF224FF409710395CDE9DD
:10BA600001300A2320460093D823FDF7A7FFBDF934
:10BA7000EA201A4BD82102EAE2729A42B8BF1A466B
:10BA800002F561731BB213FB01F34FF46171B3FB59
:10BA9000F1F3002B46D031E09EA50208C20101005F
:10BAA00052422EFF0200E800C20102000200E7003D
:10BAB00001000500B2A50208C1A5020811A50208EF
:10BAC0001CA502082DA5020827A50208D0A502087A
:10BAD000DBA502086FA50208413725FF7CFCFFFFAC
:10BAE000251C10FFC4D20208B0D2020844009E00F8
:10BAF0004400850198D20208322816FFBDF9E810EB
:10BB00001BB20395204691424FF00501C8BF08AE15
:10BB1000326802920A22CDE90021EF224FF4097126
:10BB2000FDF74CFFBDF9E830D82219AE204603F5E9
:10BB300061734FF00C0A3146012753434FF4617291
:10BB40004FF0000B4FF0020993FBF2F303F509737A
:10BB50002A46ADF86430EC23ADF86630804B1A937A
:10BB60000A9BFDF797FE7F4B204640F2091240F2F8
:10BB70001E210395CDE901A34C2300936E23FDF70D
:10BB80001DFF079B4FF41072204601934FF48A73F8
:10BB9000754902950097FDF7C1FF4FF47A73399903
:10BBA0000FA8B1FBF3F1FDF7C6FB7049FDF7E6FB0B
:10BBB00080F800B00FA8FDF7B5FB0B9BA0EB800051
:10BBC0000FA9019340F22B1300FA07F202952046C9
:10BBD000CDF8009002F2552212B2FDF79FFF079BAD
:10BBE000204640F22F2262490295CDE900734FF4BE
:10BBF000A373FDF793FF5F4B204640F209124FF409
:10BC000025710395CDE901A34C2300936E23FDF725
:10BC1000D5FE079B4FF42D72204657490295CDE97A
:10BC200000734FF48A73FDF779FF12A9BDF9E8009C
:10BC3000FDF7C4FB12A8FDF775FB099BA0EB800084
:10BC400012A9029500FA07F2204602F2CB22CDE9B2
:10BC5000009312B240F22B13FDF760FF079B2046C2
:10BC600040F2BF2245490295CDE900734FF4A3731A
:10BC7000FDF754FF424B204640F25F1240F21E2176
:10BC80000395CDE901A339230093E423FDF796FE44
:10BC9000069B40F24E2220463A490295CDE9009398
:10BCA0004FF4B873FDF73AFF37493046FDF766FBAE
:10BCB0003C99FDF740FB079B80F800B040F226223C
:10BCC000314620460295CDE9007340F28B13FDF713
:10BCD00025FF67B0BDE8F08F2C492DE50DF1F40983
:10BCE0004FF000084FF0E30B4FF4617A39F9022F5F
:10BCF000274902EAE2738B42B8BF0B4603F5617332
:10BD00001BB213FB0BF3B3FBFAF3BBB1502112F1DF
:10BD1000770FB8FBF1F101F14C0109B215DB0A987C
:10BD2000C3F5C2721BB201320093042312B2CDE9F3
:10BD30000205012001902046FDF740FE08F5D97864
:10BD400048F2A0739845D1D18EE512F5967FCCBF0D
:10BD500009980898E4E706AB15E63B463AE600BFCB
:10BD6000020010003E321BFFE1A50208BDA402083C
:10BD7000E8A5020826282EFFF6A5020870A50208ED
:10BD800041332CFFFEA502080AA602085BA70208A1
:10BD90007CFCFFFF2DE9F04FBFB0044616A80691CA
:10BDA000F3F792FF24A8F4F7AFFEC74AC74BC84980
:10BDB000CDE90A23C74BCDE90C13069BB3F900204C
:10BDC0009B881046142A1A4440F21133B8BF14203D
:10BDD00012B29A42A8BF1A46904280F24087069B50
:10BDE000069DB3F90230ED881946702B2B4440F2C2
:10BDF000BF15B8BF70211BB2AB42A8BF2B469942FA
:10BE000080F22D87121A5B1AB4F9345012B2ADF8D1
:10BE100038001BB2ADF83A10002AADF83C20ADF85E
:10BE20003E3040F31C87002B40F31987ADB211233D
:10BE3000DFF8D8A20EAFC5F1760223212046039782
:10BE400012B2DFF8CCB20226CDE9013A5B230093AF
:10BE500040F2DA23FDF7B2FD0D23C5F1880235214A
:10BE60002046039712B2CDE9013B34230093FDF73E
:10BE7000A5FD994AC5F199039849204602971BB23E
:10BE8000CDE900624122FDF749FE0A9AC5F184031B
:10BE90009349204602971BB2CDE900627A22FDF752
:10BEA0003DFE0D9AC5F1A4038E49019201221BB2F9
:10BEB000204600927A220297FDF730FEC5F1B803C2
:10BEC0009DF86F201BB2002A40F0808486490DAA9D
:10BED0000297204612680192012200927A22FDF711
:10BEE0001DFEC5F18F029DF86C6012B2002E00F0AD
:10BEF00071840C9B4FF0130C40F293212046DFF825
:10BF00000C82DFF81092CDE902372623CDE9003C00
:10BF10004E23FDF753FD0A9B4FF00E0E40F2992081
:10BF20000293C5F194021C2340F2BF2112B2039781
:10BF3000002E08BF014620460226CDE9003EFDF74F
:10BF40003DFD1123C5F1DC0223212046039712B2E7
:10BF5000CDE9013840F23913009340F2DA23FDF7BE
:10BF60002DFD0D23C5F1EE0235212046039712B2B7
:10BF7000CDE9013934230093FDF720FD5B4AC5F17B
:10BF8000FF035B49204602971BB2CDE900623F22C6
:10BF9000FDF7C4FD0A9AC5F1EA0356492046029707
:10BFA0001BB2CDE900627A22FDF7B8FD0B9AC5F508
:10BFB00082735149019201221BB2204600927A22DB
:10BFC0000297FDF7ABFDC5F1F1029DF8B06012B22A
:10BFD000002E00F002840C9B13212046DFF83891DC
:10BFE0004FF01D0A4FF0090BCDE902372623CDE9AA
:10BFF00000314E2340F29321FDF7E0FC0A9B0E2016
:10C0000040F2BF2102931C23C5F1F6020397CDE94C
:10C01000003040F2992012B2002E08BF0146C5F54B
:10C0200095762046FDF7CAFC01360B9B7A2236B284
:10C0300032490193012320460297009333469DF82D
:10C04000B880FDF76BFD2E4BC5F59172DC212046C3
:10C05000B8F1010F08BF4B4612B2CDE900ABCDE9F4
:10C060000237AE230592FDF7A9FC264B059A4FF443
:10C07000C971B8F1010F18BF4B4620464FF01D099A
:10C08000CDE900ABCDE90237AE23C5F5A47BFDF7C2
:10C0900095FCB8F1010F02974FF0F4020CBF0BAB07
:10C0A0000AAB194920461B680FFA8BFB4FF0090AAF
:10C0B0000193012300933346FDF730FDB8F1010FE2
:10C0C00002974FF0010829E0FFF8F4FFBE9F8EFFB2
:10C0D0009AD53BFF42B5F5FFE2CF41FFB8AB02086E
:10C0E000F4A702080AA8020825A60208FF84C2FFD6
:10C0F00031A8020834A8020845A8020871A802085D
:10C10000847128FF915E41FF76A802082C1C13FF62
:10C11000755B28FF7B3A5CFF4B372CFF0CBF0AABEB
:10C120000BAB4FF4D272C6491B682046CDF8008095
:10C1300001933346C5F5A876FDF7F0FC9DF8B730BE
:10C140007A224644BF490593204636B20B9B02979C
:10C15000CDE900833346DFF84083FDF7DFFC059A25
:10C16000B94BDC212046012A08BF43465A46CDE997
:10C170000237CDE9009AAE23FDF720FC059AB34BB8
:10C180004FF4C9712046012A18BF43465A464FF062
:10C190000108CDE90237CDE9009AAE23C5F5BD7996
:10C1A000FDF70CFC059B0297F222012BA8492046C3
:10C1B0000FFA89F90CBF0BAB0AAB1B680193012383
:10C1C00000933346FDF7AAFC059B02974FF4D77204
:10C1D000012BA04920460CBF0AAB0BAB1B68CDF866
:10C1E000008001933346FDF799FC059B434540F0E1
:10C1F000F7820B9B7A22984920460193C5F5B77BBD
:10C20000059B4FF0080A0297C34400934B469DF8E4
:10C21000B960FDF783FC0B9AC5F5CD738F492046B5
:10C2200043440192059A4FF01D091BB202970092F8
:10C230007A22FDF773FCDC210FFA8BF3204607937B
:10C24000C5F5C8730FFA83FBC5F5D8734344DFF80F
:10C2500048821BB20893731EDBB20993099A7A4B8A
:10C260000E2A98BF4346079ACDE90237CDE9009AD6
:10C2700060230EAFFDF7A2FB794B079A4FF4A07134
:10C28000032E18BF43462046CDE90237CDE9009A78
:10C290006023FDF793FB6D4B079A4FF4D271012E8B
:10C2A00018BF43462046CDE90237CDE9009A602306
:10C2B000FDF784FB6B4B079A4FF40271022E18BFF7
:10C2C00043462046CDE90237CDE9009A6023FDF7C9
:10C2D00075FB654B079A4FF41B71042E18BF43463C
:10C2E0002046CDE90237CDE9009A6023FDF766FBD1
:10C2F0005E4B5A46DC21052E18BF43462046CDE949
:10C300000237CDE9009A3B23FDF758FB584B5A46BC
:10C3100040F21B11062E18BF43462046CDE90237D6
:10C32000CDE9009A3B23FDF749FB524B5A464FF4A7
:10C33000AD71072E18BF43462046CDE90237CDE93F
:10C34000009A3B23FDF73AFB4B4B5A4640F29911BA
:10C35000564518BF43462046CDE90237CDE9009A3D
:10C360003B23FDF72BFB454B5A464FF4EC71092E4E
:10C3700018BF43462046CDE90237CDE9009A3B235A
:10C38000FDF71CFB3E4B5A4640F217210A2E18BF00
:10C3900043462046CDE90237CDE9009A3B23FDF71D
:10C3A0000DFB384B5A4640F256210B2E18BF434620
:10C3B0002046CDE90237CDE9009A3B23FDF7FEFA8E
:10C3C000314B5A4640F295210C2E18BF4346204669
:10C3D000CDE90237CDE9009A3B23FDF7EFFA2B4B6D
:10C3E000089ADC210D2E18BF43462046CDE90237BE
:10C3F000CDE9009A7623FDF7E1FA254B089A4FF430
:10C40000AB710E2E18BF43462046CDE90237CDE969
:10C41000009A7623FDF7D2FA1E4B089A4FF4E87182
:10C420000F2E18BF43462046C5F5BC78CDE902372C
:10C43000CDE9009A76230FFA88F8FDF7BFFA2DE0D0
:10C4400083A8020856A60208847128FF7B3A5CFF85
:10C4500092A802089EA80208A9A80208B5A8020886
:10C46000677D23FF2669A0FF803E99FF9A692EFF12
:10C470008E7E2DFF72912AFFAA5B71FF465CA9FF99
:10C480009B8936FF849D35FFAE5B8FFF3470B8FF0C
:10C490007C8F2FFFAE703EFF4B372CFF099B02971E
:10C4A000FA220E2BB049204694BF0BAB0AAB1B6897
:10C4B0000193012300934346FDF730FB032E0297BF
:10C4C00040F25B120CBF0AAB0BABA84920461B68BD
:10C4D0000193012300934346FDF720FB012E0297B1
:10C4E0004FF4DE720CBF0AAB0BABA14920461B68B0
:10C4F0000193012300934346FDF710FB022E0297A0
:10C5000040F223220CBF0AAB0BAB9A4920461B68B2
:10C510000193012300934346FDF700FB042E02978D
:10C5200040F287220CBF0AAB0BAB934920461B6835
:10C530000193012300934346FDF7F0FA052EC5F55C
:10C54000CC7802970CBF0AAB0BAB08F10108E722CD
:10C550001B6820460FFA88F888490193012300934D
:10C560004346FDF7DBFA062E02974FF493720CBF99
:10C570000AAB0BAB824920461B6801930123009351
:10C580004346FDF7CBFA072E029740F263120CBF29
:10C590000AAB0BAB7B4920461B6801930123009338
:10C5A0004346FDF7BBFA082E02974FF4D1720CBF39
:10C5B0000AAB0BAB744920461B680193012300931F
:10C5C0004346FDF7ABFA092E029740F2E1120CBF89
:10C5D0000AAB0BAB6D4920461B6801930123009306
:10C5E0004346FDF79BFA0A2E02974FF408720CBFE0
:10C5F0000AAB0BAB664920461B68019301230093ED
:10C600004346FDF78BFA0B2E02974FF417720CBFBF
:10C610000AAB0BAB5F4920461B68019301230093D3
:10C620004346FDF77BFA0C2E029740F29E220CBF88
:10C630000AAB0BAB584920461B68019301230093BA
:10C640004346FDF76BFA0D2E0297C5F5DD780CBF5A
:10C650000AAB0BAB0FFA88F84FF481721B682046C7
:10C660004E490193012300934346FDF757FA0E2EDE
:10C6700002974FF4BE720CBF0AAB0BAB4849204681
:10C680001B680193012300934346FDF747FA0F2EE1
:10C690000297A6F10D060CBF0AAB0BABF6B24149EF
:10C6A0001B684FF4FB72204601930123009343461D
:10C6B000FDF734FA022E4FF41672029796BF3A4BEA
:10C6C0003A4953F826100B9B0193012300934346EC
:10C6D0002046FDF723FA9DF890309DF8B020DDF854
:10C6E0002C801A4300F0FD80012B40F0D480304FA5
:10C6F000304B059ADDF83480012A08BF1F460B2312
:10C70000DFF8B4900EAEC5F5F0723721204612B2B4
:10C7100003964FF0060ACDE901392223009340F237
:10C72000B223FDF74BF9C5F5F5720C234821013210
:10C73000204612B2CDE9003ACDE90286FDF73EF976
:10C74000C5F5F37302223946013320460092622276
:10C750001BB2CDE90186FDF7E1F99DF8B230002B5F
:10C7600040F016812AE000BFBDA80208C4A8020854
:10C77000CCA80208D5A80208DDA80208E5A802088E
:10C78000ECA80208F3A80208FBA8020803A9020803
:10C790000BA9020813A902081CA9020824A902086F
:10C7A0002CA9020834A902086CD0020831A602089C
:10C7B0005DA6020845A6020825170EFF9DF86E30FB
:10C7C000002B00F0FC809DF87020E3E05D490BAA8F
:10C7D000FFF77EBB5C4BFFF78DBB5B4BFFF7FCBBF2
:10C7E0002FAA64219DF8B600C5F5BB7AFCF7CEFDF3
:10C7F0000B9B7A225549204602970FFA8AFA642643
:10C80000CDE900834B464FF00E08FDF787F94FF056
:10C8100007094F4B5246DC2120460397CDF8008094
:10C82000CDE901934FF4C373FDF7C8F89DF8B63016
:10C830004FF4C3725343632BB3FBF6F60BD9454B4E
:10C840005246DC2120460397CDF80080CDE90193C4
:10C8500033B2FDF7B3F80A9BC5F5B9720EAF06F116
:10C86000D3010293013214234FF0090B12B2204678
:10C8700009B20397CDE9003B1223FDF79FF80A9A0E
:10C88000C5F5BA732FA9019202221BB2029700923A
:10C8900040F276221CE7042B03D1DDF834802E4FC2
:10C8A0002DE7022B11D19DF8B3301BB1DDF830809C
:10C8B0002A4F24E79DF8B2301BB1DDF83080284FB5
:10C8C0001DE7DFF89080274F19E7032B03D1DDF830
:10C8D0003480254F13E7052B25D1DFF8B080234F97
:10C8E0000DE79DF86D3033B19DF86F301BB9DDF861
:10C8F00034801F4F03E79DF85830012B03D1DDF83A
:10C9000034801C4FFBE6022B07D19DF86E30002BC4
:10C91000D7D0DDF83080184FF1E6052B09D0062B73
:10C920000BD0042B01D0154FE9E6DDF83480144F0D
:10C93000E5E6DDF83480134FE1E6DFF85080124F72
:10C94000DDE600BF14A602085E493EFF3CA90208CE
:10C950004B372CFFE2CF41FF77A6020880A70208E1
:10C960004FA70208E1A602086DA7020837A7020830
:10C970009EA60208BBA60208CDA6020814A70208BC
:10C98000ACA60208F6A602081DA702086553EFFF31
:10C990009DF8B420003AC5F5F67318BF01221BB20A
:10C9A000002A40F0BB81C6490DAA029620461268B3
:10C9B00001920122009240F28622FDF7AFF8BDF805
:10C9C000B070002F00F0AD812A992FA8FCF7B3FCBE
:10C9D000059A0346012A0AD19DF8B9203AB1B9490E
:10C9E000FCF7CCFC2A998900FCF7A5FC0346184605
:10C9F000B5490027FCF7C2FC2799FCF79CFCB3491A
:10CA0000077010A8FCF7BAFC2899FCF794FCB04911
:10CA1000FCF7B4FC2999FCF78EFC0770C5F5057886
:10CA20000A9B3A220FFA88F82FA901930123204686
:10CA3000029600934346FDF771F80127029610A96C
:10CA400020464FF00009C5F5227ADDE928320AF1C7
:10CA5000030A134340F23A220FFA8AFA0CBF0AABD8
:10CA60000DAB1B68009701934346FDF757F8DFF8BD
:10CA700094C21123C5F51072232120460232039679
:10CA80004FF0020812B2CDE9013C8F23009340F22F
:10CA9000DA23FCF793FFDFF870E20D23C5F515727A
:10CAA0003521204612B20396CDE9013E342300938E
:10CAB000FCF784FFC5F519730C9A20463B44854961
:10CAC00001923F221BB2CDF800800296FDF726F8B6
:10CAD0000A9AC5F514738049204602961BB2CDE927
:10CAE00000827A22FDF71AF8C5F51A730B9A2046D0
:10CAF00043447A4902961BB2CDE900727A22FDF7CF
:10CB00000DF82B991DA8FCF716FC7549FCF736FCAF
:10CB10004BF6803280464FF47A70DDE92A314B457E
:10CB200018BF1A46A1FB00014B46E3F703FF01467D
:10CB300040464FF00E08FCF7FEFB6A49FCF71EFC6E
:10CB400080F800901DA84FF00709FCF7EBFBC5F536
:10CB50001573A0EB80000C990233029600FA07F2DD
:10CB600020461BB202F2DF22CDE9007112B21DA9EC
:10CB7000FCF7D4FF5C4B5246DC2120460396CDF8EF
:10CB80000080CDE901934FF4D773FCF717FF2B9A80
:10CB90004FF4D773B2F5F04F28BF4FF4F042B2F51F
:10CBA000C05F38BF4FF4C0525A434FF4C043A2F5A0
:10CBB0002112A2F58052B2FBF3F3B2F5C04F9FB23F
:10CBC0000BD30C9A1BB2DC2120460396CDF80080D3
:10CBD000CDE901925246FCF7F1FE0A9BC5F52172A0
:10CBE00007F1D1010B2002930232182309B212B2CD
:10CBF00003964FF00108CDE9003016232046FCF7DC
:10CC0000DDFEC5F52873DC22384902332046029642
:10CC1000C5F52E751FB20B9BCDF80080033501932F
:10CC20003B46FCF77BFF0B9B40F2662230492046D7
:10CC30000296CDE900833B46FCF770FF9DF8B320D8
:10CC40002BB2002A00F083802A490DAA02962046C2
:10CC50001268019201220092DC22FCF75FFF069B22
:10CC600020464FF425722449029302250B9B019321
:10CC7000012300935E23FCF751FF069B204676229A
:10CC8000039340F20A311D4BCDE901534FF4A173D8
:10CC900000930523FCF792FEA28E762340F20A3120
:10CCA000204612FB03F24FF4897392FBF3F2069BCA
:10CCB0007632039312B2124BCDE9015326E000BF46
:10CCC000A1A7020844A9020846A9020859A9020816
:10CCD00060A902087AA902087DA902088EA90208A3
:10CCE000C0A90208C7A902084B372CFFCBA902082C
:10CCF000D0A90208ACA70208D6A902084E392BFF1A
:10CD0000E2CF41FF2C1C13FF5B6726FFCC2300936F
:10CD10000523FCF753FE3FB0BDE8F08F0D490CAA88
:10CD200043E60D492FA8FCF729FB1899FCF703FBF4
:10CD30000A49FCF723FB0A49077010A8FCF71EFB01
:10CD40001999FCF7F8FA0549FCF718FB65E605495F
:10CD50000CAA7BE796A7020865A902086BA902083E
:10CD600073A90208D6A702082DE9F04FDFF880C3A7
:10CD70008DB0CE4B0446DFF87CE30D46DFF84C83E4
:10CD80000127782203911E21DFF84493DFF82CB3AA
:10CD9000CDE90AC31423CDE9013E40F233130093D9
:10CDA00040F21D13FCF70AFE91233222C0492046AF
:10CDB0000097CDE90185FCF7B1FE0223A9223221BB
:10CDC00020460395CDE90139042300933623FCF76F
:10CDD000F5FD94F84E30002B00F0BF8104F14E09B0
:10CDE0004846FCF79FFA2628064640F2131328BF50
:10CDF00026263222AF49F6B20097801BA6EB8606A4
:10CE000081442046CDE90185FCF788FE06FA07F249
:10CE10004FF49573494602F591720097CDE901B53B
:10CE20002046FCF77BFE94F88630082B40F2A78161
:10CE30000B2B40F2A6810F2B8CBF0221032113FB89
:10CE400001F394F893709C4EA3EB83039B480091ED
:10CE50005A00002F18BF30468B0004F1360102F54E
:10CE60009172974FC3F1D70312B22D2ACDE9010574
:10CE7000B8BF2D222046FCF751FE0E234FF4AA72B4
:10CE8000322120460395CDE901373E230093F52357
:10CE9000FCF794FD94F89330002B40F0748194F8E3
:10CEA00090208849884B894E002A18BF19464FF4B4
:10CEB000B17343222046CDE9016501260096FCF7B7
:10CEC0002DFE94F89030002B00F05F810022804E00
:10CED0008DF8243003238DF8252009A94FF48172A1
:10CEE0000295CDE900364FF4B1734FF0780A4FF058
:10CEF00000082046FCF712FE0FFA8AF3754F4FF434
:10CF0000AA79002606930AF1110307EB08171BB252
:10CF100005930FFA89F30A9A0793B8F1000F40F0CE
:10CF20003C81032E00F03B816B4B6C4A9B5D94F877
:10CF30009110994215D111236948AAF10402A9F16F
:10CF40000401039512B209B2CDE901303F23204616
:10CF500000936E23FCF732FD624A544B032E18BF38
:10CF60001A464FF00D0E37230FFA89F1204601368D
:10CF7000CDE9003ECDE902256623069AFCF71EFDA9
:10CF800057F8041B08460791FCF7CCF94FF6EE73EF
:10CF90006622079910FB03220323204609EB620255
:10CFA0000093059B09F16D0912B21FFA89F9CDE9C9
:10CFB00001B5FCF7B3FD042EABD108F101080AF16D
:10CFC0003F0AB8F1040F1FFA8AFA95D194F891300C
:10CFD000302B14D11123DFF808C14FF4B8724FF48D
:10CFE000A87120460395CDE9013C3F230093DB2344
:10CFF000FCF7E4FC94F89130302B00F0FB800AAB96
:10D0000003950D271B684FF4BA724FF4AA7120469E
:10D0100002933723CDE90037D323FCF7CFFC03235A
:10D0200040F2B51230490093204640F28513CDE915
:10D0300001B5FCF773FD94F891302E2B13D1112319
:10D04000274E4FF4B87240F22A2120460395CDE9CD
:10D0500001363F2300936E23FCF7B0FC94F8913027
:10D060002E2B00F0C9800AAB03950D201B684FF4EE
:10D07000BA7240F22E2102933723CDE900306623A5
:10D080002046FCF79BFC03234FF4167217490093CC
:10D09000204640F28513CDE901B5FCF73FFD94F839
:10D0A00091303D2B40F0AA8026E000BF9E8070FFAB
:10D0B000FBA9020809AA02087067FFFFFFF9F7FF42
:10D0C00035261FFF30AD0208DDA90208B89E92FF89
:10D0D0002D97F2FF58D2020868D00208746056FFFC
:10D0E000B2EBFFFF4CB7FFFF1BAF02081FAA0208FD
:10D0F00042312AFF251914FF112341494FF4B87218
:10D1000020460395CDE901313F2340F2972100935A
:10D110006E23FCF753FC94F891303D2B6ED1394BC4
:10D120000D22204640F29B21CDE902353723CDE97F
:10D13000003266234FF4BA72FCF740FC032340F23E
:10D14000C52231490093204640F28513CDE901B54F
:10D15000FCF7E4FC0DB0BDE8F08F40F2131332226F
:10D160002A4920460097CDE90185FCF7D7FC4FF40A
:10D170009573322226490097CDE901B550E6052185
:10D180005DE604215BE6234991E640F279134322F0
:10D1900021490096CDE90185A7E6032E0CD11F4B4E
:10D1A00094F8901013F808301D4A1E48994208BFA1
:10D1B0000246B8F1000F15D0B8F1010F05D1032ECA
:10D1C000F3B211D03733DBB2B1E6B8F1020F04D1BC
:10D1D000032E0BD006F13403F5E7032E08D006F139
:10D1E0003103F0E72F23A2E62A23A0E62D239EE6B3
:10D1F0002B239CE60BAB03E70BAB35E7084B8FE724
:10D20000B2EBFFFF4CB7FFFF9CA4020809AA02087B
:10D2100030AD0208EFA9020814AA020854D202088D
:10D220002D97F2FF60BFFFFF2DE9F04F90F82D80A2
:10D230008BB090F82C3004464FEA980890F826609E
:10D240009B080D4608F11E0806F003061B33DFF8A5
:10D2500098B34FEA0828012E48EA034890F82E3088
:10D260004FEA930303F1280348EA030848F07F4894
:10D2700000F00681022E00F0BB81002E00F0FD8040
:10D280004FF0230A4FF00009C54EC64F6A234FF0F6
:10D290000F0C91220FFA8AF12046CDE9003CCDE92E
:10D2A0000285DC23FCF78AFBB9F1000F00F0F58161
:10D2B000BD49B9F1010F18BF39460AF11202022324
:10D2C000BA4812B20295CDE90030A5232046049257
:10D2D000FCF724FC049AB9F1000F00F0E081B44996
:10D2E000B44BB9F1010F08BF1946042309F1010934
:10D2F00020460AF1F70A0093C7231FFA8AFACDE9FC
:10D3000001B5FCF70BFCB9F1030FBFD17A230F2253
:10D31000232120463D26002740F27B1A4FF00609C4
:10D32000CDE90032CDE9028540F2CA234FF489727B
:10D33000FCF744FB02239D494FF03C08372220466E
:10D340000295CDE900314FF493739B49FCF7E6FB5E
:10D3500094F82D10204694F82C200902B7FBF8F31E
:10D3600008FB137341EA024194F82E201737123359
:10D37000CDF8049011439BB241F07F41AAEB030228
:10D380001BB2CDE9021531B23A36009312B2162320
:10D39000B6B2FCF713FB40F2BB239E42D8D1FCE0AF
:10D3A00094F82C204FF00E0A94F82E3039B209EB85
:10D3B000520220465B0809F10C09D2B223335FFA0E
:10D3C00089F943EA024394F82D2006EB5202D2B2C7
:10D3D00043EA0223079A43F07F43CDE902356E23E7
:10D3E000CDE9003AA62307F10F0AFCF7E7FA2A2352
:10D3F00007F10E01152220460FFA8AFA09B2BC374E
:10D40000CDE90032CDE902B5049ABFB2FCF7D6FAF5
:10D41000059B2A4608A9ADF822302046674BADF897
:10D4200020A009935B46FCF735FA069B2A4608A91B
:10D43000ADF822302046624BADF820A00993614B35
:10D44000FCF728FAB7F5447FAAD140F21513183635
:10D450009845F6B200F0A18098460FFA88F34FF095
:10D4600000092027079308F11003049308F14C03E7
:10D47000059308F15903069392E74FF09108ECE702
:10D48000FA231A2791224FF01E09CDE90037CDE982
:10D4900002812D214C4FFCF791FA94F82D3094F82D
:10D4A0002C204FF05E0C1B024C21204643EA024325
:10D4B00094F82E201343B02243F07F43CDE9023588
:10D4C000BC23CDE9003CFCF779FADFF820E1022328
:10D4D0004FF4AF723D4920460295CDE9003EA723A7
:10D4E000FCF71CFB04234FF4AF7220460093D323B8
:10D4F000CDE901B5A16AFCF711FB354B2A4608A915
:10D500002046CDE90873334BFCF7C4F9324B2A4669
:10D5100008A9204609935B460897FCF7BBF93C2312
:10D52000002740F2491240F2B1112046CDE90039FE
:10D5300040F2C919CDE902B5FCF740FA47F34E03B2
:10D54000013708A920469BB2ADF82090ADF82660BF
:10D5500003F25B120233ADF822202A46ADF82430E4
:10D560004346FCF797F9182FE8D11C4F022640F2EA
:10D5700033134FF4AF721A4920460096CDE9017576
:10D58000FCF7CCFA40F233134FF4237215492046CE
:10D590000096CDE90175FCF7C1FA0BB0BDE8F08F3C
:10D5A00029AA0208E4A402082FAA0208E2BFAAFFDF
:10D5B00036AA02083DAA020858AA02086F00050010
:10D5C0004B000400E5CABAFF5E01200140AA020830
:10D5D00068010500936C5AFFDC000500E2C2B0FF51
:10D5E0004CAA020852AA0208FFF8F4FFE1BEABFF02
:10D5F00091260027DFF8B8A0DFF8B8904FF00C0EA6
:10D60000362332B223212046CDE9003ECDE9028502
:10D6100040F2DA23FCF7D2F994F82D3094F82C205C
:10D6200009211B02204643EA024394F82E201343AB
:10D6300006F10B0243F07F4312B2CDE902352023FD
:10D64000CDE900313321FCF7B9F9032F06F11203BC
:10D650004FF0020218BF5AF82710204608BF1149A0
:10D660001BB2009267220137CDE901B5FCF756FAEB
:10D670004FF42A732A4608A9ADF8203006F11903A1
:10D6800020464436ADF82230074BB6B2CDF8249090
:10D69000FCF700F9042FB1D17FE731460DE60349CD
:10D6A00023E600BF21AA0208D0AA97FF3AAA0208DF
:10D6B0005CD002082D0003002DE9F04792B00E4621
:10D6C0000746444CECF7F2FF8046ECF7F5FF424B7F
:10D6D0001C44424B1C44B4F5004F06D9A4EB08048B
:10D6E000B4F5002F28BF4FF400243D4B0DF1180A6C
:10D6F0003C4D40F26322DFF8489138461D443A4BD6
:10D700003A49ED1A0123CDE9019600935B23FCF71A
:10D7100005FA37495046FBF731FE4FEA98214FF0A2
:10D720000008FBF708FE3349FBF728FE324B334A6B
:10D73000334980F800800CA8CDE90E39314BCDE992
:10D7400010234FF400238222CDE903312E4B2321F5
:10D75000CDE901A400932D4B2D4CCDE90C76FCF7BF
:10D76000C7FB4FF400132B488222029540F29F1111
:10D77000294DCDE90330294B0CA80193284B009388
:10D78000284BFCF7B5FB4FF080730CA84FF48D725B
:10D790002321CDE903344FF402030293224B01937A
:10D7A000224B0093224BFCF7A3FB4FF080634FF416
:10D7B0008D7240F29F110CA8CDF80880CDE9033599
:10D7C0001C4B01931C4B00931C4BFCF791FB12B0BC
:10D7D000BDE8F08720650420000200E0000400009E
:10D7E000000600181C1004080000002061AA0208AE
:10D7F00070AA020855A40208FFF8F4FF2D1D14FFBB
:10D80000B1D33DFF543C2DFF83AA02087BAA020836
:10D8100047AEF4FFF79949FFF567AEFF9BAA0208F0
:10D82000ABAA020893AA0208C5AA0208E3AA020842
:10D83000BDAA0208FDAA02080CAB0208F5AA02085C
:10D84000C7A491FF2DE9F04FADF29C6D04460D4643
:10D850004FF000090DF184080CAE0DF1980A4F4607
:10D860004046EEF701FE16A8EFF7EAFF984B98F84E
:10D8700001B00B93A3F5C503A3F6324333605FFAFF
:10D8800089F39B4574D81023DFF880B270222321DE
:10D89000204603954FF00509DFF86CA2CDE9013B66
:10D8A0003A23009340F2DA23FCF788F80D23894AE3
:10D8B000272120460395CDE90132322374220093BB
:10D8C00040F2D223FCF77AF898F80030842236210F
:10D8D000022B20460CBF33687F4B804ECDE90235CA
:10D8E0000A23CDE90039FCF769F898F80000022313
:10D8F0007B494D220295022818BF31462046CDE9CA
:10D90000003A8123FCF70AF998F80060022E3BD018
:10D910001223DFF8C0E1BB22232120460395CDE985
:10D92000013EF023009340F2DA23FCF747F898F821
:10D9300000303BB36B4E6C4A052B08BF1646304691
:10D94000FBF7F0FC0223A0EB8000DFF8ACC131460E
:10D950000295420002F5C872CDE9003C12B24FF4C4
:10D9600092732046FCF7DAF80DF29C6DBDE8F08F5B
:10D97000504609F10109FBF75FFD38440AF1180A26
:10D98000C7B27CE7594EDAE7394611A8FBF7D3FC5A
:10D99000574B58494FF00108012F18BF1946FBF7A4
:10D9A000EDFC0023037011A8FBF7BCFC524BA0EB6D
:10D9B000800011A902954200204602F2E622CDE93C
:10D9C000008312B28523FCF7A9F81FBB1223414F35
:10D9D000BB22232120460395CDE90137F023009394
:10D9E00040F2DA23FBF7EAFF434B4FF48F724349CF
:10D9F0001F4620460295CDE900634FF48E73FCF775
:10DA00008DF84FF49F734FF486723D490295CDE92E
:10DA10000087A6E7062F3B4638BF0623063BDBB24E
:10DA20000893089A94F83130934228BF1346CDE901
:10DA30000633C22305939DF885200DF1980ADDF881
:10DA400018B04FF000095FFA89F39A422DD8062FDB
:10DA50008AD94FF4B4662B4B2046B52240F2F2210E
:10DA60000395B6FBF7F60227142ECDE901734FF0AC
:10DA7000F00338BF142600930523FBF79FFF079B95
:10DA8000C6F1F00240F2F2212046039512FB03F2A8
:10DA9000089B0096B2FBF3F20B9BB532CDE9017304
:10DAA00012B20523FBF78AFF5EE750460992FBF7A7
:10DAB000C3FC099A804630B1BBF1000F28D00BF1AE
:10DAC000FF3B5FFA8BFB09F101090AF1180ABAE77B
:10DAD000F05C9DFF301C14FF47AEF4FF2BAB020837
:10DAE0001FAB02083FAB020853AB0208ACA602080A
:10DAF00079AB02086FAB0208C7A491FF84AB0208A0
:10DB000097AB02084E392BFFFFF8F4FF5B3730FF6D
:10DB1000059BA3F10D0B9DF859300FFA8BFB002BE1
:10DB200000F0878051460DF15900E3F7BBF800285B
:10DB30007FD1434B23215A462046CDE902350A23A3
:10DB4000CDE9001340F2C623FBF738FF059BDA1F2F
:10DB500012B2B8F1000F70D00CAB039507211B680F
:10DB600020464FF0010B02931723CDE90031292302
:10DB70003021FBF723FF059B4FF0FF323149013382
:10DB8000204602951BB2CDE900B23A22FBF7C6FF50
:10DB9000059B02222C48043B514602951BB2CDE95D
:10DBA000002069222046FBF7B9FF182321AA0DA9FE
:10DBB00003FB0929D9F82400FBF71AFC0DA8FBF791
:10DBC000B1FB224BA0EB8000BDF914900DA902958A
:10DBD00000FA0BF2204602F53472CDE900B312B21E
:10DBE0004B46FBF79BFFB8F1000F14D09DF858107F
:10DBF0008B1E5B450FD816484FF40A72154E0C9BCE
:10DC0000022908BF0646029520463146CDE900B3F9
:10DC10004B46FBF783FF059E2936B3B20593069B5F
:10DC20000133DBB20693059BB3F5DC7F7FF403AFD2
:10DC30000DE7094B4FF000087CE70BAB8DE700BF09
:10DC4000462527FFD3AB0208FFF8F4FFC7A491FFD6
:10DC500044AA02089EA40208301C14FF2DE9F04FCC
:10DC60009FB004460D466F4F13A84FF00209EFF71F
:10DC7000E7FDDFF8F8E10C23682223212046039515
:10DC8000DFF8ECB1DFF8E0A1674EDFF8D481CDE931
:10DC9000013E262300936923FBF790FE75233F2264
:10DCA00062492046CDF80090CDE90175FBF736FFBB
:10DCB00016239B22232120460395CDE9013BFE2319
:10DCC0004FF0120B0093DC23FBF778FE584BA32296
:10DCD0002B2120460395CDE901B3EE230093CC23FD
:10DCE000FBF76CFE8A2345224C212046CDE9003209
:10DCF000CDE902A5BF22FBF761FE28234D49DC22B6
:10DD000020460395CDE90131502369210093FBF7AB
:10DD100055FE4948494B2A460BA9CDE90B0333462A
:10DD20002046FBF7B7FDDFF84CC1454B2A460BA94F
:10DD30002046CDE90BC33346FBF7ACFD092340F287
:10DD40000D127E212046CDE90265CDE900B31823EE
:10DD50003C4EFBF733FEF2F739FF3B4940F26313C9
:10DD60006922012818BF3146CDF800902046CDE940
:10DD70000175FBF7D3FE012371223449009320463D
:10DD80004FF4BF73CDE90185FBF7C8FE9DF84D3018
:10DD9000002B45D00DF14D0103234FF49272204624
:10DDA00000939723CDE90175FBF7B8FE4FF47A7322
:10DDB00018990BA8B1FBF3F1FBF7BDFA2449FBF767
:10DDC000DDFA9DF85D10FBF7B6FA2249FBF7D6FAAB
:10DDD000214A9DF85B10214B012908BF1A461146C4
:10DDE0004FF49372FBF7CAFA00230BA903700123C7
:10DDF00020460093BE23CDE90185FBF78FFE9DF8F9
:10DE00004C20174B013A072A00F2A181DFE812F0FB
:10DE100034008A018D019001960193019C019901C2
:10DE20001049B9E7FFF9F6FF6F344AFF27AC020843
:10DE300035181EFFFCD3E0FF8E00DD000800370020
:10DE40001C000700C2AB0208BBAB02082CAC0208E6
:10DE500036AC020840AC0208DCAB0208D7AB0208C3
:10DE6000C3A391FFC9AB0208F05C9DFF583F36FF8A
:10DE70004E2632FF9400DD00C34BC4494FF4937229
:10DE80002046DFF84093CDE9013501230093D523E7
:10DE9000FBF744FE0C234FF0060CFA224FF493716B
:10DEA0002046CDE9003CCDE902954FF4DB73FBF74A
:10DEB00085FD199A002A00F04C811A994FF4DB7005
:10DEC0000023A1FB0001E2F735FD06B2B6F5DB7FCA
:10DED000A8BF4FF4DB760C230620FA224FF493718F
:10DEE000CDE90030CDE902A533462046FBF766FDBB
:10DEF00006F21F1114230726F62209B220464FF01E
:10DF0000010ACDE90036CDE902750E23FBF756FD77
:10DF10001C9B4FF47A719E4ACDF800A09342B3FB4C
:10DF2000F1F14FF03C0388BF6322B1FBF3F098BFDF
:10DF3000B1FBF3F203FB10110A20B2FBF0F600FB79
:10DF4000162206F1300C30328DF814C08DF81520F1
:10DF50003A228DF81620B1FBF0F202F1300600FBF8
:10DF600012121B9930328A488DF817608DF81820EC
:10DF7000002281428DF819204FF47A7288BF632302
:10DF8000B1FBF2F24FF03C01B2FBF1F098BFB2FBF3
:10DF9000F3F301FB10220A21B3FBF1F001FB103374
:10DFA00000F1300630338DF81C6000268DF81D30EE
:10DFB0003A238DF821608DF81E30B2FBF1F303F1A6
:10DFC000300001FB13234FF4937205A930338DF811
:10DFD0001F0020468DF8203040F21113CDE9018555
:10DFE000FBF79CFD40F2111340F2BE2207A9204628
:10DFF000CDF800A0CDE90185FBF790FD9DF84C2000
:10E0000061492046023A634B022A98BF0B461C2105
:10E010004FF49572CDE902354623CDE90031562300
:10E0200040F2C711FBF7CAFC9DF84C30022B40F0C0
:10E03000928023264FF0030A09234FF49E7240F288
:10E04000E1112046CDE90275CDE9006AFBF7B6FC87
:10E0500009234FF49E724FF4FD712046CDE90275FD
:10E06000CDE9006AFBF7AAFC012320464FF4937226
:10E070004949009340F28313CDE90185FBF74EFD3A
:10E0800009AA64219DF85A00FBF780F909A8FBF75B
:10E0900049F90223A0EB800009A900934FF4BD7356
:10E0A000820020464FF00A0802F53772CDE901756B
:10E0B00012B2FBF733FD20464FF4A67340F29512DF
:10E0C0004FF4B471CDE902954FF00509CDE900890F
:10E0D000FBF774FC9DF85A604FF4A673204640F29B
:10E0E00095124FF4B4715E4364230395CDF800801C
:10E0F000B6FBF3F6294BCDE9019333B2FBF75EFC97
:10E1000006F261111423072209B22046CDE900323C
:10E110000E234FF4C872CDE90275FBF74FFC1FB018
:10E12000BDE8F08F1D4B1E49A8E6174B1D49A5E61B
:10E130001A4B1D49A2E61D4B1D499FE61B4B1D496D
:10E140009CE61A4B1C4999E6184B1C4996E61C495B
:10E1500094E61646BFE640F2E31B06F59E732A4698
:10E1600009A92046ADF8263046F34E030136ADF836
:10E1700024B00533ADF82AA0ADF828303B46FBF7B4
:10E1800089FB222EE9D16FE7F05C9DFFE3AB02082B
:10E190007F8D5B0058433EFF4AAC0208B1D337FF86
:10E1A00044AA02089EA40208EBAB02086856F0FFDE
:10E1B000F4AB020808AC02088AA5020818AC0208F1
:10E1C00030AD02084F3A30FF90F832300BB1FFF714
:10E1D00045BDFFF737BB00002DE9F04FADF2B46D40
:10E1E00004460D469C4E27AF0DF12008DFF89492AF
:10E1F0003846EEF739F9994B994970220793204632
:10E20000984BC8F8003010230395CDE901315B230A
:10E210002321009340F2DA23FBF7D0FB0D23924831
:10E22000742227210395CDE9013053232046009322
:10E2300040F2D223FBF7C2FB3A783346013A032A75
:10E2400000F2EF80DFE812F00400E000E400E900F3
:10E25000D8F80030DFF834824FF0050B84223521E6
:10E260002046CDE902350A23CDE9003BFBF7A6FBAA
:10E2700002237E4A414620460295CDE900328123A1
:10E280004C22FBF74BFC3B78022B40F01F82784975
:10E290001FA8D7E902A39A452CBFAAEB03084FF0A9
:10E2A0000008FBF76BF84146FBF746FA7149FBF7AC
:10E2B00065F851464FF0000AFBF73EFA6E4980F8C8
:10E2C00000A00FA8FA68FBF759F81146FBF734FADB
:10E2D00080F800A0D7F808B0BBF1000F00F0A480D0
:10E2E0004FEA5B004FF47A7C51465A465346E8FBAE
:10E2F0000C01E2F71FFBB0F57A7F8346C0F09480F3
:10E300005E4B8DF828A0099309A84FF0010AFBF78E
:10E3100009F80223A0EB800009A900937E23820064
:10E32000204602F2E222CDE9019512B2FBF7F6FB9C
:10E330004E4B35221FA920460295CDE900A39E230E
:10E34000FBF7ECFB0FA8FAF7EDFF9E23A0EB800094
:10E350000FA9CDF800A000FA0AF22046DFF830A19C
:10E3600002F2E622CDE9016512B2FBF7D7FB0423E6
:10E37000B522352120460395CDE9013A09230093C2
:10E3800040F2B123FBF71AFBBA684AB140F2B12060
:10E390000023A8FB0001E2F7CDFA02B2032A02DC57
:10E3A000B8F1000F56D140F2B1239A42A8BF1A46E5
:10E3B00009234FF0040835212046CDE90038CDE986
:10E3C00002951346B522FBF7F9FA7988002969D13D
:10E3D0001223DFF894E0D822232120460395CDE9CB
:10E3E000013ED323009340F2DA23FBF7E7FA02233E
:10E3F0004FF49272224900934FF49673CDE9016570
:10E400002046FBF78BFB56E11E4BDFF8888023E7A5
:10E41000D8F80030DFF880801EE71B4BDFF87C80E7
:10E420001AE7DFF87C8017E74FF00A0A09A8BBFB60
:10E43000FAF10591FAF77FFF2E2305990370252342
:10E440000AFB11BB837000230BF1300BC37080F803
:10E4500001B059E70422ABE7C7A491FFF69C30FF57
:10E460005B3E2BFF3EB8F5FF321F14FFFFF8F4FFB1
:10E47000DBAC020890A4020875AA020831303025EE
:10E48000E1AC0208A2D337FF7063F4FF51AC02087D
:10E490004E392BFF62AC020870AC020885AC020852
:10E4A00093AC020814A84FF0010AFAF744FF7988E8
:10E4B0009C4B4FF0000B9C4A0DF19C09012908BFB1
:10E4C0001A4611462722FAF759FFD02380F800B0E8
:10E4D00014A92046CDF800A0CDE90165FBF71EFB8D
:10E4E00099F8012094F8307019A8062A134638BF0D
:10E4F0000623063BDBB29F42059328BF1F4607F168
:10E50000060807EB0A015FFA88F8C9B2904528BFF0
:10E510009046FAF710FF2D2341464FF0E90800F826
:10E52000013BFAF708FF8149FAF728FFB9F8021012
:10E53000FAF701FF80F800B019A8BB46FAF7F2FE1F
:10E54000CDF800A0A0EB8000D02319A900FA0AF2B0
:10E550004FF0180A20460AFB079A02F2E6220AF157
:10E56000140A12B2CDE90165FBF7D8FA99F8013027
:10E570005B4571D90823DFF8C8C1A8F1080223213F
:10E580002046039512B2CDE9013C1D23009340F2D1
:10E59000C623FBF713FAA8F102029AF8143012B25C
:10E5A000002B00F08C8008AB039504201B68312100
:10E5B00002931123CDE9003012232046FBF7FEF928
:10E5C0009AF814300BA9002B7BD034232A4620461E
:10E5D0000B80A8F103034B80554B4B60089BFBF766
:10E5E00059F90BA90020FAF703FF524B0B9345F2A0
:10E5F0004523ADF8303000238DF8323002234E49E8
:10E60000522220460295CDE900310FFA88F3514697
:10E61000FBF784FA0BA8FAF785FE08F10203A0EBDA
:10E62000800001211BB208F122084200009120461F
:10E630000BA902F535721FFA88F80AF1180A12B20E
:10E64000CDE90165FBF76AFA0BF101035FFA83FB81
:10E6500040F2B513984589D19DF89D30062B2AD9F3
:10E6600040F2AA464FF00208E12240F2F221204691
:10E670000395B6FBF3F6314B122ECDE901834FF033
:10E68000C70338BF122600930523FBF797F9C6F19D
:10E69000C702059B40F2F22112FB07F220460395C8
:10E6A0000096B2FBF3F2079BE132CDE9018312B28F
:10E6B0000523FBF783F90DF2B46DBDE8F08F07ABCE
:10E6C00072E7DAF81000FAF793FE97E712231C4A74
:10E6D000232120460395CDE90132D323D82200938C
:10E6E00040F2DA23FBF76AF93B78BBB1013BDBB2BE
:10E6F000042B15D8134A52F823703846FAF712FE45
:10E700000223A0EB8000394600934FF49673420039
:10E7100002F5C872CDE9016512B271E60A4FECE765
:10E720000A4FEAE79EAC0208A4AC0208F2AC020869
:10E7300009000400464F4C44FFF8F4FF4E392BFF0C
:10E74000321F14FF48D00208C4AC0208ABAC020868
:10E750002DE9F04F9BB004460D46A84E10A8DFF8F7
:10E76000D8A2EFF781FFA64BA64FCDE90663A64BD3
:10E770009DF840600893EDF7A5FE4FF461630490A7
:10E780001398642206F0FD09B0FBF3F3B3FBF2F13A
:10E7900002FB11333C21B0FBF1FCBCFBF1F201FBAD
:10E7A0001C0001FB12C24FF00A0CB3FBFCF101F19B
:10E7B000300E0CFB11313A2330318DF824E08DF806
:10E7C00026308DF825108DF82930B2FBFCF1B0FB16
:10E7D000FCF30CFB112201F1300E0CA930328DF844
:10E7E00027E08DF8282003F130020CFB1303129868
:10E7F0008DF82A2030338DF82B3000238DF82C3003
:10E80000FAF7F6FDDFF834C21223742223212046E2
:10E810000395CDE9013C5823009340F2DA23FBF73E
:10E82000CDF80F23DFF818E2782227212046039540
:10E83000CDE9013E5023009340F2D223FBF7BEF80E
:10E84000022E00F0C5809DF85830002B00F0C280E9
:10E8500007AB039506201B688922372102930C23FE
:10E86000CDE900302046FBF7A9F802236748512282
:10E87000674900938623022E18BF01462046CDE942
:10E8800001A5FBF74BF99DF85830002B00F0A48050
:10E89000604907AB4FF0010802951B6851222046E2
:10E8A000CDF800800193A623FBF738F9922340F2BC
:10E8B000F91259492046CDF80080CDE90175FBF7E2
:10E8C0002DF912235549D82220460395CDE901316F
:10E8D00070232321009340F2DA23FBF76FF805231E
:10E8E0003C2209A900932046F123CDE901A5FBF7BD
:10E8F00015F99DF85A30002B71D00DF15A0140F2F4
:10E900002B133C222046CDF800804FF0420BCDE97E
:10E910000175FBF703F90CA8FAF704FD40F22B137D
:10E92000A0EB8000CDF800800CA940F295184200C1
:10E93000204602F53972CDE9017512B20027FBF7C6
:10E94000EDF86422BDF85430534347F6FF72B3FB31
:10E95000F2F30593059A6421B7FBFBF30BFB1373EA
:10E960002333534342F27372934294BFB3FBF1F3E8
:10E970000B46022E4FEA8312B2FBF1F202F10402BF
:10E980000FFA88F110B242F34E02C2F58C7228D110
:10E990004E2B8CBF069B079B1D3708F10B08CDE95A
:10E9A000023503231FFA88F8CDE900030623204629
:10E9B000FBF704F8B7F54B7FCCD1022E13D0049BA4
:10E9C0001BB9B9F1010F40F085800D4B144F0CE0DD
:10E9D00006AB3EE708AB3CE7124908AB5AE71249E1
:10E9E0008DE7124BD8E7054B114F9DF84020012AC7
:10E9F00028D0032A28D1044B0E4F25E05B4DEFFFB2
:10EA0000B1D337FFC2A28FFF42B5F5FF11AD0208A7
:10EA1000F7AC020823AD02082DAE020823150DFF46
:10EA200065AD020836AD02084DAD02085E4636FF00
:10EA300075AD020884AD0208FFF9F5FF523B2EFFC9
:10EA40002B1B12FF334B344FB9F1010F00D1334B65
:10EA50001222F5212046CDE902353E23CDE90032D0
:10EA60004FF49B7340F25912FAF7A8FF3846FAF7B1
:10EA700059FC3946C0EB4033294FC0EBC300032398
:10EA800000F5C872009320464FF4B77312B2CDE977
:10EA900001A5FBF743F8049BFBB9022E1FD0B9F187
:10EAA000010F1FD0089F1F4E3046FAF73BFC022390
:10EAB000A0EB8000314600934FF4D2734200204611
:10EAC00002F5C87212B2CDE90175FBF727F81BB049
:10EAD000BDE8F08F144B154FBAE7022E02D1069F06
:10EAE000134EE1E79DF84030042B02D1089F114EF0
:10EAF000DAE7052B02D1069F0F4ED5E7062B02D190
:10EB0000069F0E4ED0E7B9F1010F06BF089F0C4ECD
:10EB10000C4EC9E742B5F5FF8FAD0208324D5DFFDF
:10EB2000C2A28FFFA9AD0208624F46FF98AD02084E
:10EB3000CBAD0208C4AC0208E2AD0208F6AD020893
:10EB400021AE02080BAE02082DE9F0430C46054643
:10EB5000B1F9003087B0B1F90210E28890F82600D0
:10EB60000A44042812B253D1E02B51DDA08803449B
:10EB70001BB2B3F5107F5ADA862958DDB12A56DC6C
:10EB80000021654B22462846644E654FCDE90413AB
:10EB9000644B04A9FAF77EFE0223634816226349F8
:10EBA0000294CDE9003012232846FAF7B7FF042378
:10EBB0001C2228460294CDE900364E23A96AFAF7B2
:10EBC000ADFF0D23082240F2DF2128460394CDE952
:10EBD00001372C2300933423FAF7F0FE544B40F214
:10EBE000F92128461E220094FBF770FA95F826308A
:10EBF00021462846013B0E2B00F28A80DFE803F015
:10EC00006273887688798888887C7F888288850086
:10EC1000002B0CDC00290ADCA1880B441BB2B3F5E5
:10EC2000487F04DBB2F5F07F01DB01F0FDFDB4F9B4
:10EC300002204FF4166740F62828DFF80091002ADA
:10EC4000B8BF073222F0070212B26388E1880B4492
:10EC50001BB29A4294DA96B295F82D3095F82C00B2
:10EC600006F1040C95F82E100836ADF812200FFAB4
:10EC70008CFC2246CDF81490CCF5F07C0CFB03F311
:10EC80000CFB00F00CFB01F140F26C7C93FBF8F301
:10EC900090FBF7F091FBFCF111330C301F314FF07A
:10ECA000000CDBB2C0B2ADF810C01B02C9B243EA1F
:10ECB000004328460B4304A943F07F43FAF7EAFDDB
:10ECC00032B2C2E7FFF780FA02231A4A1A492846ED
:10ECD0000294CDE900324FF4E1731C22FAF71EFFD3
:10ECE00007B0BDE8F083FFF777FAEDE7FCF7C8F966
:10ECF000EAE7FEF739F8E7E7FCF7CAFCE4E7FDF7D7
:10ED000049F8E1E7FFF724FDDEE7FEF7D5FCDBE796
:10ED1000FEF78AFAD8E700BF20033A00FFFAF7FFB0
:10ED200063483EFF1D0F0AFFFFF2EBFF6EA40208CF
:10ED3000FFFCFBFFC29984FF4CAE020820030800D1
:10ED400010B50446262200210AF001F92046FAF700
:10ED500073FD01220023204684F82420034AA36285
:10ED600084F82C3023632260636310BDB8D102089D
:10ED70002DE9F04F044685B0002505F06BF8A34659
:10ED80006D4B04F168086D4EE56304F1940A4BF88D
:10ED9000403B5846FBF7CEF904F1C009404604F564
:10EDA0007B77FAF749FDA666C4F890505046FAF70B
:10EDB00043FDC4F89460C4F8BC504846FAF73CFDE3
:10EDC000C4F8C06004F1EC06C4F8E85035462846A3
:10EDD0003035FBF7C7F9BD42F9D104F57C73002546
:10EDE0004FF4F07718460293FBF7D6FE04F59163D3
:10EDF00018460393FFF7A4FFFF2358462A4684F8DA
:10EE0000C4344FF0FF332946C4F8C054C4F8DC348E
:10EE1000C4F8E034C4F8E434C4F8E834C4F8EC349A
:10EE2000C4F8F034C4F8F434C4F8F834C4F8FC344A
:10EE3000C4F80035C4F80435C4F808354FF44873F5
:10EE4000A4F8C654C4F8C854C4F8CC54C4F8D05478
:10EE5000C4F8D454C4F8D8540097FAF7FFFC4FF420
:10EE6000C8632A46294640460097FAF7F7FC4FF454
:10EE700048732A46294650460097FAF7EFFC4FF4AC
:10EE8000487300972A46DFF8C4B019462C4F48460D
:10EE9000FAF7E4FC7B78EAB2387803371B0217F8FC
:10EEA000011C86F8262043EA0043C2F380005BF889
:10EEB00004CB0B4302F00301224A43F07F43C6F820
:10EEC00028C032F91020F36270231F480093682392
:10EED00030F911103046FAF7C1FC072D05F1010594
:10EEE000314694BF5046484602F013F8102D06F103
:10EEF0003006CFD15146404602F00BF84946404615
:10EF00004FF4F07502F005F8002202984FF44873B0
:10EF100011460095FAF7A2FC002203984FF44873BB
:10EF200084F8152411460095FAF798FC2046C4F899
:10EF3000BC4405B0BDE8F08F28D2020800D7020813
:10EF400042D4020836D402083AD4020874D4020823
:10EF500001EAE1710B4B9942B8BF1946B0F9CC34C4
:10EF60008B4210B504460BD0A0F8CC1440308185FC
:10EF700004F06EFD04F16800BDE8104004F068BDC7
:10EF800010BD00BFE0FCFFFF2DE9F04790F8C06422
:10EF9000ADF5C66D0446002E00F0128190F8C43421
:10EFA000013B0E2B66D8DFE813F00F006900650007
:10EFB0008A0065006500650065006500B000CB0053
:10EFC0006500E5006500F600964A974B1B681768D8
:10EFD000D0F8E8249A421CBFC0F8E8343546D0F88F
:10EFE000EC3408BF0025BB4222D007AD4FF000082B
:10EFF0000DF1300928464546EDF736FA9DF81DA07B
:10F000005FFA88F3534529D3062D84F8D65494F833
:10F01000D43438BF0625A91FC9B28B4205D904F5DF
:10F020007C7084F8D414FCF709F83546C4F8EC7405
:10F0300094F8D734E3B1E3F7B7FB6423B0FBF3F004
:10F04000D4F8F034834213D0C4F8F00404F57C7093
:10F050000DF5C66DBDE8F047FBF7CEBF484608F199
:10F060000108FAF7E9F9054409F11809EDB2C7E713
:10F07000002DEBD10DF5C66DBDE8F087694BD0F8DA
:10F08000E4241B689A42F5D0C0F8E43404F57C759A
:10F09000EDF7FCF9062894F8D23438BF0620811F1A
:10F0A000C9B28B4204D9284684F8D214FBF7BDFFBD
:10F0B00028460DF5C66DBDE8F047FBF78DBF5B4BED
:10F0C000D0F8E0241B689A4209D000F57C75C0F89E
:10F0D000E0342846FBF79AFC2846FBF787FCF6F756
:10F0E0006DFE1923A0FB0302800A40EA8250D4F887
:10F0F000DC248242BED0C4F8DC0404F57C700DF53B
:10F10000C66DBDE8F047FBF771BC07AD2846EFF7C9
:10F11000A9FC089DE3F748FBD4F8FC34AB42A9D026
:10F120003223B0FBF3F0D4F800358342A2D0C4F808
:10F13000000504F57C70C4F8FC54FBF7D5FC99E796
:10F1400007AD6846F0F7C0FD2846F1F7DDFC019AEF
:10F15000D4F80415089B8A4203D1D4F808159942C3
:10F1600088D004F57C70C4F80425C4F80835FBF792
:10F17000CBFC7FE707AD2846EFF776FA089BD4F87B
:10F18000F82493423FF476AF04F57C70C4F8F83469
:10F19000FBF78AFC6EE7E3F707FB4FF47A73B0FBEB
:10F1A000F3F0D4F8F43483423FF464AFC4F8F404C9
:10F1B00004F57C700DF5C66DBDE8F047FBF764BC47
:10F1C00090F8C234002B3FF455AFB0F9CE14B0F82C
:10F1D000CC248B1A1DB202339BB2042B0DD8FFF73F
:10F1E000B7FE94F8C31404F1400084F8C2640DF52E
:10F1F000C66DBDE8F047FAF7ABBF002D2B46B8BF90
:10F20000EB1C9B1004D1002DD4BF4FF0FF33012322
:10F21000D118204609B20DF5C66DBDE8F047FFF7DD
:10F2200097BE00BF308E002054BB00208C4D0220C2
:10F230000029074B0ABF002301220022A0F8CE3488
:10F24000012380F8C32480F8C234024B1A7070473F
:10F25000E0FCFFFFA05A022090F8C034F0B504464D
:10F260008DB00D46002B00F0798190F8C4345A1E01
:10F270000A2A00F22981DFE812F00B00F2002701D0
:10F28000270127015C0027012701270127016A00C8
:10F29000B4F8C814AB8994F8D7645B1AB0F9C80401
:10F2A0009AB21BB2CEB1A1F1EB022F2A04D96FF4AE
:10F2B000C07739442F290ED86A89B4F8C6140432AD
:10F2C000521A92B2082A03D8DA1D01DB072B02DD9D
:10F2D000012384F8C1340DB0F0BDAE28FBDD073248
:10F2E000292094F8D51492B20E2A88BF012293FBEC
:10F2F000F0F388BF84F8C124C91A94F8D62409B25F
:10F3000094F8D434062A21EAE1718ABF063A002231
:10F3100092B212B29142A8BF1146C9B28B42DAD062
:10F3200004F57C7084F8D4140DB0BDE8F040FBF710
:10F3300085BEB5F90C10B5F90A00FAF7B1F9014626
:10F3400004F57C700DB0BDE8F040FBF741BCB0F8AF
:10F35000C834A3F17002B2F5A87FBCD2B0F8DA14B9
:10F36000B5F80CC0ACEB03020B4499B21BB292B2DD
:10F37000B3F5B47F4EDBB5F90A00B3F5C97FB4F835
:10F38000C66417B2A0EB0606B6B229DC01A8F1F7F5
:10F39000BBFB9DF82B0000289DD10436B6B2082E89
:10F3A00003D8FE1D01DB072F02DD012384F8C134E1
:10F3B000B5F90A30DC2B0CDD40F261226420934267
:10F3C00007DCDC3B58434FF4C373C330B0FBF3F0AE
:10F3D000C0B2F1F7C1FB04F57C70FBF7A5FB7AE73F
:10F3E000A1F51F73302B15D80436B6B2082E03D8FA
:10F3F000F91D01DB072F02DD012384F8C134FAF780
:10F4000037F9F1F73FFC04F57C700DB0BDE8F04032
:10F41000FBF79EBB073292B20E2A1AD9012384F859
:10F42000C134A1EB0C01B4F9D83409B2B1F5897F2C
:10F43000A8BF4FF4897121EAE1718B423FF44BAFD1
:10F4400004F57C70A4F8D8140DB0BDE8F040FBF7CB
:10F4500007BE94F8C134002B3FF43DAFE1E7B0F9AB
:10F46000C824CC2A7FF737AFAB899B1A1DB207336C
:10F470009BB20E2B84BF012380F8C134EDF706F850
:10F480002223062894F8D31495FBF3F588BF063899
:10F49000A1EB050198BF002094F8D23488BF80B258
:10F4A00009B200B221EAE1718142A8BF0146C9B2A6
:10F4B0008B423FF410AF04F57C7084F8D2140DB089
:10F4C000BDE8F040FBF7B1BD042B35D1B0F9C8243D
:10F4D000B2F58D7FFFF6FFAEAB899B1A1DB20733E5
:10F4E0009BB20E2B84BF012380F8C134F6F772FC67
:10F4F0001D23042894F8D11495FBF3F588BF043834
:10F50000A1EB050198BF002094F8D03488BF80B2E9
:10F5100009B200B221EAE1718142A8BF0146C9B235
:10F520008B423FF4D8AE04F57C7084F8D0140DB053
:10F53000BDE8F040FBF770BD0A2B7FF4CCAE6B89C1
:10F54000B0F8C62407339B1A9BB20E2B3FF6C0AE11
:10F55000AB89B0F8C8249B1A1BB2B5E6B0F8C63424
:10F560004989C91A90F8C13489B293B901F10B03E2
:10F570009BB2162B0AD8AB89B0F8C8249B1A1BB2D1
:10F5800013F10B0F02DB0B2B7FF7A5AE012384F8E1
:10F59000C134B4F8CA342046194409B20DB0BDE8EC
:10F5A000F040FFF7D5BC406B08B1FFF755BE704780
:10F5B000F0B500240F4E104F04F00305E3B236F906
:10F5C00015508D420FDC67358D420CDB9D0837F9F5
:10F5D0001550954207DC6F35954204DB90F8C32443
:10F5E00003EBC200F0BD0134082CE5D14FF0FF3031
:10F5F000F8E700BF3AD4020836D402082DE9F041FA
:10F60000ADF5C36D06460C4601A801ADECF72CFF25
:10F6100096F8D4346F781C441823E4B203FB0757E0
:10F62000BD4203D10DF5C36DBDE8F08105F11408AD
:10F630004046F9F701FF10B11CB1013CE4B21835A6
:10F64000EEE7404606F57C76EEF71EF9012186F8D6
:10F65000E7103046FBF7FBFC3046FBF7CDFCE1E75B
:10F660000F292DE9F34104460D4647D801EB41032C
:10F67000414A4FF00108002780F8C41400F57C7659
:10F6800080F8C08480F8657080F88D70D018D35CE5
:10F6900090F802C0394A407852F82120CDF804C0D1
:10F6A00000903046FBF790F9304684F8158404F05A
:10F6B000CFF96B1E0E2B1BD8DFE803F008231A2EA0
:10F6C0001A1A1A1A1A3D461A531A580000213046BF
:10F6D000C4F8D474FBF7B2FC00213046FBF7B7FC4A
:10F6E0004FF0FF33C4F8E834C4F8EC34C4F8F03415
:10F6F000234B244A1D7013680133136002B0BDE828
:10F70000F08100213046A4F8D274FBF78EFC4FF054
:10F71000FF33C4F8E434EBE700213046A4F8D0749A
:10F72000FBF77AFC4FF0FF33C4F8DC34164B1B6850
:10F73000C4F8E034DCE74FF0FF33C4F8FC34C4F81D
:10F740000035EFF731FBD3E700213046C4F8D87419
:10F75000FBF786FC4FF0FF33C4F80435C4F80835D6
:10F76000C6E74FF0FF33C4F8F834C1E74FF0FF337A
:10F77000C4F8F434BCE700BF42D4020874D40208D1
:10F780007F030020A85A02208C4D022038B590F843
:10F79000C4340446012B04D1EEF756F808B1EEF755
:10F7A000CFF894F8C4340D2B04D1EEF761FF08B103
:10F7B000EEF793FF94F8C4340A2B01D1EFF700FB66
:10F7C00094F8C434062B04D1002104F57C70FBF7B7
:10F7D000FFF90023FF2504F1400084F8C03484F8C9
:10F7E0001534012384F8C45484F8653084F88D30CE
:10F7F00004F02EF904F1680004F02AF9034B044ADE
:10F800001D7013680133136038BD00BF7F030020F3
:10F81000A45A0220F0B5B1F90640B3B0B1F90860BE
:10F820000546097989BBB0F8CC34A0F8C644A0F8E5
:10F83000CA3490F8D034A0F8C86480F8D13490F875
:10F84000D23480F8C11480F8D33490F8D43480F8DE
:10F85000C21480F8D534B0F8D834A0F8DA3490F86F
:10F86000C034002B00F09E8090F8C434062B40F08A
:10F87000998031462046F9F713FF014605F57C7063
:10F8800033B0BDE8F040FBF7A3B9012940F08A800E
:10F8900090F8C034002B00F0DB8390F8C434012BC7
:10F8A00040F0A38040F2CA239C420ADD4B2E08DCC4
:10F8B00090F8C1342BB9284633B0BDE8F040FFF7CB
:10F8C00065BF95F8D734002B77D0B5F8C834A3F1CD
:10F8D000EB022F2A1FD8B4F5377F20464FF47A73F6
:10F8E000A8BF4FF43770B0F5937FB8BF4FF4937053
:10F8F000A0F5937000B210FB03F04FF4DB73B0FB84
:10F90000F3F080B2EDF7ECFF05F57C7033B0BDE8A5
:10F91000F040FBF771BB6FF4C0701A182F2A19D88A
:10F92000B4F52D7F20464FF06403A8BF4FF42D702F
:10F93000B0F5B47FB8BF4FF4B470A0F5B47000B2A6
:10F9400010FB03F04FF4A673B0FBF3F0C0B2EDF779
:10F95000E0FFD9E795F8C11421BBB5F8C624A2F1A0
:10F96000190082280BD85F3B372B1BD805F57C701C
:10F9700085F8D71433B0BDE8F040FBF768BB6FF4EF
:10F98000D9710A447D2A0DD8A3F590735A2B09D852
:10F990006846EDF755FF9DF80030023B012B03D878
:10F9A000EDF78FFF33B0F0BD9DF80130002BF9D09B
:10F9B0000DF10100EDF768FFF4E795F8C134002B75
:10F9C000F0D1B5F9C834B53B9AB2F52AEAD8292264
:10F9D000B3FBF2F102FB1133222BE3DCC9B2284660
:10F9E00033B0BDE8F040FFF709BE0B2B3DD1B0F8B6
:10F9F000C834703B9BB2B3F5A87F36D26846F1F7A6
:10FA000083F8B5F8DA24B5F8C83413449BB2A3F5EB
:10FA1000B4722A2A1BD89DF8270030BBDC2C0FDDDE
:10FA200040F261239C42DBBFA4F1DC00642364202C
:10FA30005843DFBF4FF4C373C330B0FBF3F0C0B221
:10FA4000F1F78AF805F57C70FBF76EF8AAE7A3F5E5
:10FA50001F73302B09D82046F9F70AFEF1F712F987
:10FA600005F57C70FBF774F89CE795F8C134002B22
:10FA700098D140F2CA239C4202DD4B2E7FF71BAF88
:10FA800095F8C434062B1DD1B5F9C81405F57C755D
:10FA9000B5F9D600F9F704FE074600212846FBF722
:10FAA00097F8002F3FF47EAF31462046F9F7F8FD76
:10FAB00087427FF477AF3946284633B0BDE8F0403F
:10FAC000FBF748B9042B63D1D23EB6B2402E3FF6C5
:10FAD00069AFB5F8C834D23B9BB2402B3FF662AF5A
:10FAE000A4B2A4F11903EB2B1AD8B5F8C634193B0C
:10FAF0009BB2EB2B09D8F6F7ABF8BA4B05F57C7047
:10FB00001B68C5F8E034FAF781FFF6F757F91923B7
:10FB1000A0FB0302800A40EA8250C5F8DC0441E7FA
:10FB2000A4F58D73EB2B16D8B5F8C634A3F58D73F9
:10FB30009BB2EB2BE9D8F6F7FBF80028E5D00021C3
:10FB400005F57C7485F8D0142046FBF765FA20464D
:10FB5000FAF77AFFD9E7A4F50774EB2CD5D8B5F8F6
:10FB6000C634A3F507739BB2EB2BCED8F6F7AEF8ED
:10FB70009C4B002105F57C741B68204685F8D01449
:10FB8000C5F8E034FBF748FA2046FAF76DFFBCE70A
:10FB90000A2B40F0A3806846EEF764FFB5F8C62450
:10FBA000A2F21E239BB26E2B42D840F21D239C4230
:10FBB0007FF7F8AEB4F5237F78DCB5F8C8346FF47E
:10FBC000847213449BB24C2B75D86FF4847C06EB83
:10FBD0000C039BB24C2B6ED8059B40F6B832934277
:10FBE0001DD0B3F57A6F1DD041F2883241F27070AA
:10FBF00093420DD0834241F6583009D0834214D04D
:10FC000042F2283040F6B832B3F5FA5F18BF10461A
:10FC1000EEF73AFF05F57C70FAF766FFC2E64FF49F
:10FC20007A60F5E741F28830F2E74FF4FA50EFE7F7
:10FC3000A2F525726E2A31D8B4F5257FC0F248822C
:10FC400040F202339C423FF7ADAEB5F8C8346FF4D2
:10FC500084773B449BB24C2B2DD86FF484743319BA
:10FC60009BB24C2B27D8BDF9183013F1C80F0DD01B
:10FC700013F5967F0CD013F5C87F0BD013F5FA7FE0
:10FC80000AD06FF0C700EEF7A3FFC3E75648FAE7C4
:10FC90005648F8E75648F6E75648F4E7E42B3FF6AF
:10FCA00081AE40F21D239C427FF77CAE40F20233CE
:10FCB0009C423FF777AEB5F8C8346FF4AF70034499
:10FCC0009BB2392B3FF66EAE6FF4AF710E44B6B2F5
:10FCD000392E3FF667AEEEF7ABFF9BE70B2B40F0FC
:10FCE0008281B5F8C634B5F8D814B5F8C824A3F5A0
:10FCF0001B700A448728314492B289B232D8A4F5E5
:10FD00001B7080B287282DD8A2F176005B2812D80C
:10FD100076395B293FF646AE6846EFF7D5FF9DF88A
:10FD20001400B0FA80F04009EFF7EEFF05F57C70A3
:10FD3000FAF7EAFE36E610B2DB287FF733AEB0F50D
:10FD40008D7F0FDCA1F1DC003E2800F21E816846A9
:10FD5000F0F7DAFE9DF82000B0FA80F04009F0F7E5
:10FD6000E9FEE3E7A2F58F70242824D8A1F58F716E
:10FD700024293FF617AEA3F1D202BC2A0ED8A4F173
:10FD8000D20292B2BC2A09D80020F0F725FF05F56F
:10FD90007C7033B0BDE8F040FAF7B6BEA3F5C77388
:10FDA000BC2B3FF6FFADA4F5C774A4B2BC2C3FF644
:10FDB000F9AD0120E9E7A2F5A270242829D8A1F520
:10FDC000A27124293FF6EEADA3F1D202BC2A13D8CA
:10FDD000A4F1D20292B2BC2A0ED80020F0F7D6FECF
:10FDE000D5E700BF8C4D0220D4FEFFFF70FEFFFF61
:10FDF0000CFEFFFFA8FDFFFFA3F5C773BC2B3FF66A
:10FE0000D1ADA4F5C774A4B2BC2C3FF6CBAD012094
:10FE1000E4E7A2F5B670222847D8A1F5B6712229E9
:10FE20003FF6C0ADA3F1DC02622A08D8DC3CA4B2E4
:10FE3000622C3FF6B7AD0020F0F7F2FEA7E76FF4B3
:10FE40009F729A18632A08D86FF49F731C44A4B257
:10FE5000632C3FF6A7AD0320EEE76FF4D17C03EBF4
:10FE60000C02632A08D86FF4D1773C44A4B2632C07
:10FE70003FF698AD0120DFE7A3F20722632A07D8F7
:10FE8000A4F20724A4B2632C3FF68CAD0220D3E782
:10FE9000A3F26B23652B3FF685ADA4F26B24A4B2CD
:10FEA000652C3FF67FAD0420C6E76FF4C776901946
:10FEB00020286AD86FF4C770014420293FF672AD3C
:10FEC000A3F1DC023D2A06D8A4F1DC0292B23D2A5D
:10FED00034D80520B0E7A3F58D723E2A06D8A4F5E4
:10FEE0008D7292B23E2A35D80620A5E76FF4AC7128
:10FEF0005A183E2A07D86FF4AC72A21892B23E2A62
:10FF000036D8072098E7A3F5CC723E2A07D8A4F587
:10FF1000CC74A4B23E2C3FF645AD08208CE76FF4BC
:10FF2000EB7C03EB0C023E2A08D86FF4EB773C44E1
:10FF3000A4B23E2C3FF636AD09207DE7A3F216228F
:10FF40003E2A07D8A4F21624A4B23E2C3FF62AADCE
:10FF50000A2071E76FF415769A193E2A08D86FF4D3
:10FF600015700444A4B23E2C3FF61CAD0B2063E791
:10FF7000A3F525733C2B3FF615ADA4F52574A4B26B
:10FF80003C2C3FF60FAD0C2056E7A2F5D872242A80
:10FF90003FF608ADA1F5D87124293FF603ADA3F1D2
:10FFA000DC02782A06D8DC3CA4B2782C3FF6FAAC06
:10FFB0000D2041E7A3F5AB72782A07D8A4F5AB74FE
:10FFC000A4B2782C3FF6EEAC0E2035E7A3F5E8732B
:10FFD000782B3FF6E7ACA4F5E874A4B2782C3FF692
:10FFE000E1AC0F2028E70D2B7FF4DCACEB3CA4B296
:10FFF000B4F5A57F3FF6D6AC6FF4A7710E44B6B248
:020000040802F0
:10000000522E3FF6CFACB5F8C634EB3B9BB2B3F5FE
:10001000A57F3FF6C7ACB5F8C8346FF4A772134498
:100020009BB2522B3FF6BEAC6846EEF71DFB9DF827
:1000300000305A1E012A06D8EEF74FFB05F57C70FA
:10004000FAF732FDAEE4032BF8D0EEF739FBF5E713
:10005000B0F9C63490F8C124E41A24B20ABB14F1F2
:100060000B0F3BDB0B2C1FDCB0F9C824B61A36B2E1
:1000700016F10B0F1ADB0B2E18DC1946FFF798FA56
:10008000431C06D0C1B2284633B0BDE8F040FFF7AC
:10009000E7BA95F8C314284633B0BDE8F040FFF73F
:1000A000C7B814F13C0F08DB3C2C0FDCB5F9CC14BD
:1000B00011F5C87FACBF0021012195F8C3348B42F4
:1000C000E9D0084A136801331360E4E70021F4E73C
:1000D00040F21D239C427FF765ACECE53C34ECDB41
:1000E000E4E700BFAC5A022038B505460C4602F0E2
:1000F00041F9686B20B12146BDE83840FFF78ABB63
:1001000038BD0022026070477047704708B500F0A4
:1001100045FDBDE8084000F0DBBC00F041BD704784
:10012000F4F7C8BB37B51446094A0D4601A8136851
:100130000DF1060101331360F4F720FC30B1BDF876
:10014000043001202B60BDF80630236003B030BDC1
:10015000B05A022010B5044608F06BFA204610BDD4
:100160007047704770477047012380F87C1080F813
:100170007D3070477047002070470000816400396F
:10018000024B18BF01211970704700BF5B6302204A
:10019000704700207047C36B0BB108461847704783
:1001A0004FF6FF707047406803689B6918477047B7
:1001B00070470000014B1868704700BF840300209F
:1001C000704710B5044600F0A9FD4FF4F0724FF4EB
:1001D000507123682046DB689847002384F84E302E
:1001E00010BD002207215820E2F71CBA5820E2F780
:1001F0004BBA5820E2F756BA064807220021036896
:10020000DA63054BC0F8A4101960044B1960E5F7D8
:1002100009B900BFBC4C0220BC5A0220C05A0220BF
:1002200010B5044601F046FF23682046D3F8BC30E1
:10023000BDE81040184701F008B910B5044608F0B1
:10024000F8F9204610BD000090F838100D4B10B59D
:1002500090F87C401A788C4209D03AB90A490B4A86
:1002600008881488108001220C801A7010BD002AA2
:10027000FCD0064A0449148808880C8010800022AB
:10028000F3E700BF5A630220626302206463022026
:10029000B1F1404F07D011F17F5F04D00A4A1368D3
:1002A000013313607047094A1368C3F8AC10D16575
:1002B0005A6A42F001025A62BFF34F8F044B054A5B
:1002C0001960054B1960EAE7C45A0220BC4C0220B1
:1002D00084030020C85A02208003002008B5094B7F
:1002E0001B888B4203D8084B1B88934205D9074BC8
:1002F000A521074A074808F0CFFB074B1980074B99
:100300001A8008BD646302206263022078AF02088D
:10031000DBAF02081EB00208606302205E630220A9
:1003200008B500F015FD58B10023064A1370064ABF
:100330001370064B064A1B78003B18BF012313704D
:1003400008BD00BF575B0220D45A0220D55A0220B4
:10035000565B02202DE9F0410D460446194635B999
:10036000154B40F20131154A154808F095FBC0E9DC
:100370001052003A0368134E18BF0122D3F8903090
:1003800032709847E569A5B12B681F68337873B15F
:10039000236820465B6B9847236C834207D1616CCE
:1003A000094B28461A883B46BDE8F0411847216CA6
:1003B000F6E7BDE8F08100BF61B0020899B002081D
:1003C0001EB002085C63022060630220034690F8BE
:1003D0007E0018B1586803681B6818477047000012
:1003E000938830B585B07BB1D4886CB14FF450752B
:1003F0000093CDE9014553881288F4F7B9FF18B18D
:10040000024A13680133136005B030BDC45A02209C
:10041000484B1B782DE9F04F05468BB0E3B1464BB6
:100420001B78CBB1454B4FF00009454FD3F8008006
:10043000B8F1404F18BF4FF04047424B1A785FFA6F
:1004400089F39A420BD800233E4A13703A4A13703C
:100450003D4A1368013313600BB0BDE8F08F3B4A8F
:1004600002EBC30235B939464046FFF7B9FF09F13F
:100470000109E2E735492C8831F83300B5F802B0BC
:10048000A0420346518838BF2346B2F804A059451C
:10049000D688019300EB0A0EAB880E448C4638BF19
:1004A000DC461C44EB8874455B4428BF7446B34269
:1004B00028BF33469B46019B9C42D4D9E345D2D901
:1004C0001FFA8BF3019AA4B2ADF80A10F61AADF830
:1004D0001230A3EB0C03AEEB040EACEB0101121ACD
:1004E0009BB2ADF81660ADF8204002AE0024ADF826
:1004F0000800ADF80CA0ADF80E10ADF81000ADF886
:1005000014A0ADF81800ADF81AC0ADF81C20ADF875
:100510001E30ADF822C0ADF824E0ADF8263001342D
:10052000324639464046FFF75BFF042C06F10806C9
:10053000F5D19CE75C630220565B02208403002017
:10054000000040C0D55A0220B45A0220165B022097
:100550002DE9F04F85B0DFF83481002604AB98F820
:10056000005003E90300484BBDF80810BDF80A200D
:10057000BDF80C40BDF80E00AE420FD3072D4FEA78
:10058000C50650D81E446F1C23F8351088F800703B
:100590007280B480F08005B0BDE8F08F33F836A0EB
:1005A00004EB010B03EBC607DA45009738D8B7F820
:1005B00004E0D6448E4533D3B7F802908718B94586
:1005C00001972DD803EBC607B7F806C0CC44944575
:1005D00026D35145019828BF51464A4528BF4A466F
:1005E000DE452CBFC1EB0E04C1EB0B0484452CBFD0
:1005F000C2EB0C00C2EB000005F1005C013DA4B2AF
:100600000CF1FF3C80B2EDB203EBCC0E53F83CC0D2
:1006100043F836C00026DEF804C0C7F804C0ABE7D4
:100620000136F6B2A8E7184D1E44B5F800A08C4676
:10063000B5F802901746B5F804E05145A4440744C4
:1006400028BF5146D6444A4505F1080528BF4A4609
:10065000E6452CBFC1EB0E04C1EB0C0435F802CC0F
:10066000A4B2CC44BC452CBFC2EB0C00C2EB0700CB
:10067000B54280B2D9D119805A809C80D88001239C
:1006800088F8003087E700BFD65A0220D45A0220EB
:1006900073B5044600F05EFB94F84F30CBB1144CB8
:1006A00023783BB90093134B019302AB13E903008A
:1006B000FFF74EFF2178104B104819700023104CA3
:1006C000DAB2914207D80F4B00221A7001220E4B6A
:1006D0001A7002B070BD54F8332004EBC30600EB6F
:1006E000C30540F83320013372686A60E8E700BF51
:1006F000D45A02202003E001D55A0220165B0220C2
:10070000D65A0220565B0220575B0220B1F9003016
:10071000B1F904201A44B2F5487F73B5A8BF4FF46D
:100720004872054623EAE3700C46904220DAB1F99C
:100730000260B4F9063026EAE6713344B3F5F07F7F
:10074000A8BF4FF4F073994212DA89B280B25B1AF3
:10075000ADF80210121AADF800006846ADF8063088
:10076000ADF80420FFF754FEDDE90001FFF7F0FECD
:100770002146284602B0BDE8704000F0EDBA000006
:1007800038B51A4B83422FD119491A4D1A4C2B7880
:100790000A682068DBB201320A6010B390F86E205C
:1007A000013280F86E20002280F8802080F84E20F0
:1007B0007BB101F07FFC2468236820461B6A9847C0
:1007C000012384F8803000230C4A2B701368013316
:1007D000136000F0A3F800210448BDE83840E4F7B6
:1007E00021BE002BEFD1F4E738BD00BFBC4C022086
:1007F000D05A0220575B022068630220CC5A0220A4
:100800000020FFF705BE2DE9F04104460D461646CF
:100810001F46FFF7F5FF29463B4632462046BDE816
:10082000F04100F09BBA0000074B1B7853B1074B17
:100830001A783AB1002206491A700A70054A1368FC
:1008400001331360704700BF5C630220565B0220D7
:10085000D55A0220B85A0220044B05481B68B3F150
:10086000404F18BF4FF04040704700BF8403002046
:10087000000040C0054B984207D1D0F8A420044B9B
:100880001A60044A1368013313607047BC4C02209D
:10089000BC5A0220C05A022008B501210B48E9F7D2
:1008A000B7FD0B4B186028B90A4B27210A4A0B48A1
:1008B00008F0F2F801210A48E9F7AAFD094B18608F
:1008C00018B9094B2A21044AF1E708BDC0D502082E
:1008D0005C5B0220E7B0020830B102085FB1020899
:1008E000B8D50208585B0220A8B10208024B4FF0AD
:1008F000FF311868E9F7B8BD5C5B0220014B18684E
:10090000E9F7D7BD5C5B0220024B00211868E9F7CC
:10091000ABBD00BF5C5B0220FFF7F0BF014B186866
:10092000E9F7C7BD585B022010B5064C00212068CE
:10093000E9F79AFD20684FF0FF31BDE81040E9F774
:1009400093BD00BF585B022070470020704770477E
:10095000704700207047704708B5034A2221034BB7
:10096000034808F099F800BF07B20208E4B1020892
:1009700045B2020808B5034A2721034B034808F093
:100980008BF800BF8CB20208E4B1020845B202083D
:1009900010B5044607F04DFE204610BD38B504469C
:1009A0000025074B0C3021462572606001226572DC
:1009B00041F8203B01F0CEFC2046E56238BD00BF87
:1009C000D0D502087047012070470C2070470C23D7
:1009D00003FB0100083070470C2303FB01000830C3
:1009E0007047012070474FF4A26070474FF4A26334
:1009F00003FB0100083070474FF4A26303FB0100C2
:100A000008307047012070471020704700EB01103C
:100A10000830704700EB011008307047034B10B5E9
:100A20000446036000F05FFA204610BD88D6020835
:100A300010B50446FFF7F2FF204607F0FAFD204606
:100A400010BD0000034B10B50446036000F04BFAE4
:100A5000204610BD54D6020810B50446FFF7F2FF39
:100A6000204607F0E6FD204610BD0000034B10B500
:100A70000446036000F037FA204610BD20D6020875
:100A800010B50446FFF7F2FF204607F0D2FD2046DE
:100A900010BD0000084B10B50446036000F244503E
:100AA000FFF7BCFF04F12C00FFF7CCFF04F11400AA
:100AB000FFF7DCFF204610BDBCD6020810B5044687
:100AC000FFF7E8FF204607F0B4FD204610BD000008
:100AD0002DE9F041DFF8C080D8F8004014F001049F
:100AE00045D12549254A01F12C0701F1140301F5EF
:100AF000AB6501F244568F6018464B600A601822BD
:100B0000CE600D61214608F022FA00F0EDF91C4B91
:100B1000A5F5AB6138464FF4A3624B61214608F05E
:100B200016FA384600F0E0F92C3F164B1422214605
:100B30003046FB6208F00BFA304600F0D5F9124B54
:100B40003A4607F2B4612846C7F84435F8F718FB6F
:100B500007F2B460FFF7D5FA2846F8F72DFB01231A
:100B60000A4A38460A49C8F8003007F05DFD0948CE
:100B7000BDE8F041FFF725BBA05C0220BCD602080F
:100B800020D6020854D6020888D6020800000020A9
:100B9000950A0208605B02209C5C022070470000FE
:100BA000014800F0BCBC00BF605B022010B50446E9
:100BB00007F03FFD204610BD70B52F4C2F4B304E37
:100BC0002046304A3049236007F02EFD2F4D304635
:100BD000FFF7E4FE2B4A2E49304607F025FD284654
:100BE00004F0D8FC274A2B49284607F01DFD2A4867
:100BF00000234FF480722949C4600363838680F820
:100C00005C30836680F874308367C0E91323244A1C
:100C1000C0E91B23234AC0E91F12234A2349C0F815
:100C20008420234AC0E90165C0E90433C0E90633E2
:100C3000C0E90833C0E90A33C0E90F33C0E9113312
:100C4000C0E91533C0E9183310604FF4487280F8DA
:100C500038300A8017490A804FF4F07216490A802A
:100C600016490A80164A17491370174B054A036044
:100C7000BDE8704007F0D8BC985C0220BCD40208E4
:100C8000545C0220000000201F010208E85B0220E3
:100C900057090208C5090208605B02200000010133
:100CA00001000001000478002800140064630220A1
:100CB0006863022060630220626302205E63022098
:100CC0005A630220C1010208D4D40208124A5369AF
:100CD000DB0370B51ED50023C2F88430BFF34F8FFD
:100CE000D2F8803043F6E074C3F3C900C3F34E3347
:100CF0005B0103EA0406014646EA81750139C2F840
:100D00007452F9D2203B13F1200FF2D1BFF34F8F71
:100D1000BFF36F8F70BD00BF00ED00E070B50446FB
:100D200000F0E9FB23689D6E01F04CFE0146204671
:100D3000A84723682046054AD3F88C504FF040411D
:100D40000023AC46BDE87040604700BF000040C0D3
:100D500000F0B8BB00F0C2BB00F07DBB00F0FBBCF4
:100D60007047704702EB4202FF2B01F1030102447E
:100D7000F0B510D111F8033C0330033100F8033C07
:100D800011F8053C00F8023C824211F8043C00F8DE
:100D9000013CEFD8F0BDDD430330EDB210F8034C59
:100DA000824211F8037C00F1030014FB05F401F109
:100DB000030107FB0344A4B204F1010707EB142469
:100DC0004FEA242400F8064C10F8054C11F8057C75
:100DD00014FB05F407FB0344A4B204F1010707EB7D
:100DE00014244FEA242400F8054C10F8044C11F8A0
:100DF000047C14FB05F407FB0344A4B204F10107CF
:100E000007EB14244FEA242400F8044CC6D8C1E7A9
:100E100002EB42020244F0B551F8045B03302C0EA1
:100E2000EFB25C43C4F30F26013416FA84F4C5F321
:100E30000726C5F307452412FF2C08D100F8037CD0
:100E400000F8026C824200F8015CE5D8F0BD6FEA60
:100E5000040C10F803EC67435FFA8CFC66436C43A8
:100E60000EFB0C77BFB207F1010E0EEB17273F12F6
:100E700000F8037C10F8027C07FB0C66B6B2771C06
:100E800007EB1626361200F8026C10F8016C06FB10
:100E90000C44A4B2651C05EB1425C5F30725D1E766
:100EA0008088704770B503680C46002105465B6A70
:100EB000984706462B682846A41B1B6AA4B298478D
:100EC000B4FBF0F070BD00238380704710B5036859
:100ED000044681885B6A9847A3880133A38010BDCC
:100EE00003685B6A18477047024A026000228280EA
:100EF000704700BFCCD60208806A7047836A002022
:100F000003E05A1A9B69504250410BB10028F8D0B7
:100F10007047002348618B61836A0BB98162704717
:100F20001A469B69002BFBD191617047002203E0B8
:100F300099698162C3E90522836A002BF8D1704761
:100F40000023836270472DE9F0411F4690F824305A
:100F50000D46164603B13860846A23E094F82530C4
:100F6000FBB1B4F9040085421BDB238981B213FA7B
:100F700080F000B2854214DAB4F90600864210DB34
:100F8000638982B213FA80F000B2864209DA2368DC
:100F9000B21A691A2046D3F8248012B23B4609B22D
:100FA000C047A469002CD9D1BDE8F081002202809D
:100FB00042808280C280704770B50D461646846AB2
:100FC00006E023682046324629465B6D9847A469AF
:100FD000002CF6D170BD38B50D46846A05E02B684B
:100FE000214628469B689847A469002CF7D138BD54
:100FF000704710B504462C2107F01DFB204610BD9C
:10100000836AABB18B4207D100219A695961826230
:1010100002B97047996170471A469B698B4205D1A6
:10102000996991610022C3E905227047002BF3D131
:101030007047836A30B40D46044611461BB90368F5
:1010400030BC1B6E18470DB1AB4203E09361A26246
:1010500004E09D4204D19A698A6199614C6102E081
:101060009B69002BF5D130BC704700232DE9F0437C
:101070009C468D6A1F469E4619461A461E461C46C9
:10108000038043808380C3803BE0B5F90890B9F1C9
:10109000000F35DDB5F90A80B8F1000F30DD002C06
:1010A000B5F90460B5F9063001DD002A04DC3146EB
:1010B0001F4642464C461FE0B1428C46BE46214484
:1010C000A8BFB4469F423A444E44A8BF9E464344FC
:1010D00009B212B2774636B21BB2B142ACBFCCEB0A
:1010E0000104CCEB06049A42ACBFCEEB0201CEEB7E
:1010F000030124B20AB2614601239E469C461E4665
:10110000AD69002DC1D103B14780BEF1000F00D001
:101110000180BCF1000F00D0C28006B18480BDE820
:10112000F08300002DE9F04F6A4C9FB0064624681A
:10113000289D94F84D80002403932C80299D2C80B9
:101140001C60CDE90112FFF7FEFEB8F1030F40F37A
:10115000BD8031460AA802F011FD039BD3F8009030
:10116000B9F1000F21D049460EA802F007FD019BFE
:10117000BDF92840BDF938201C44BDF93C30BDF90B
:101180003A1003EBD37302EB6303029AE41ABDF93E
:101190002A301344BDF93E2002EBD27201EB620209
:1011A0009B1A5B4304FB043401E04FF0FF34B8F1B9
:1011B0000C0F4FF00303484F0EADD8BF08F1FF32BC
:1011C000C246D8BFB2FBF3F300930FCF0FC50FCFCA
:1011D0000FC50FCF0FC597E80F00002785E80F0058
:1011E000009B07F001050EAA01374FF0000B02EB40
:1011F0004515BAFBF3F39BB20493049B296811FBDA
:1012000003F18BB20593019B13FA81F1B6F9043017
:1012100009B2994250DB328913441BB299424BDA2E
:10122000049B6A6812FB03F293B20693029B13FAC3
:1012300082F2B6F9063012B29A423DDB708903445D
:101240001BB29A4238DA00233046099309ABFFF704
:101250007AFE099981B349452ED00CA8079102F076
:101260008DFCBDF93400019ABDF930C000EBD0709F
:10127000BDF928300CEB600002991344BDF932C06F
:101280001A1ABDF93600BDF92A3000EBD0700B44B4
:1012900007990CEB60001B1A5B4302FB0233A3426D
:1012A00009D2099A1C4603980260289A0598108072
:1012B000299A0698108089460BF1010B0835BBF17D
:1012C000040F9AD1009BC2449F4289D11FB0BDE850
:1012D000F08F00BF686302204C9F0208F0B5B1F99F
:1012E00000208E88B0F900C0164436B2B44504DA46
:1012F000858865442DB2AA4205DB00230380438024
:101300008380C38027E0B1F90270CC88B0F9023045
:101310003C4424B2A342F0DAC4881C4424B2A7425D
:10132000EBDA6245B8BF6246BB42B8BF3B46AE424D
:10133000D4BFC2EB0607C2EB050787804D88C9887A
:1013400002802944438009B2A142D4BFC3EB010506
:10135000C3EB0405C580F0BD2DE9F34190F82530BD
:10136000A3B3846A94B3B1F90060B1F90250B1F942
:101370000470B1F9068094F8253023B3211D684626
:10138000ADF80060ADF80250ADF80470ADF806801D
:10139000FFF7A4FFBDF90430002B14DDBDF90630C2
:1013A000002B10DDBDF800306946A28820469B1A4C
:1013B000E288ADF80030BDF802309B1AADF802307B
:1013C00023689B689847A469002CD4D102B0BDE87B
:1013D000F08173B590F825300D46164643B3846A04
:1013E00034B394F825300BB328686B46696803C39F
:1013F000211D6846FFF772FFBDF90430002B15DD93
:10140000BDF90630002B11DDBDF800306946A28819
:1014100020469B1AE288ADF80030BDF802309B1AD6
:101420003246ADF802302368DB6D9847A469D7E7F0
:1014300002B070BD036813B5D3F8B4400023CDE902
:1014400000336B46A04702B010BD012380F84F3037
:1014500080F871307047012380F84F3080F8713088
:101460007047436801225A72406803681B69184735
:10147000406803689B68184730B58BB004689DF8D6
:10148000585009959DF8545008959DF8505007956F
:10149000BDF84C5006959DF8485005959DF8445070
:1014A0000495BDF840500395BDF83C500295BDF839
:1014B0003850CDE900351346246C0022A0470BB00C
:1014C00030BD0000044B1B7823B190F8720080F00F
:1014D00001007047012070475C63022010B504468C
:1014E000406803689B68984794F8713013B10123F2
:1014F00084F8723010BD10B50446FFF7CDF9FEF741
:101500002FFE60680368DB689847E06803689B68A3
:101510009847236820469B6FBDE81040184708B5E0
:1015200003680446D3F8843098472368DB6F20466D
:10153000984794F84C30022B01D0FFF7F5F9236857
:101540005B6FF4E77FB503680446604ED3F8C030A4
:101550009847002800F0A98094F84C30022B02D064
:101560000120FEF7FEFD94F86E30002584F86F3000
:1015700094F87D3084F86E5084F84F5033B123686E
:101580002046D3F8D430984784F87D5094F84E30F4
:101590000125626883F001033570537201F012FA7D
:1015A00003685B6B984794F86F300BB984F86F5001
:1015B00001F008FA03685B699847206E03681B69AD
:1015C000984794F86F3094F87020013BDBB284F8B0
:1015D0006F300AB1002BEBD13D4A94F96C101378AF
:1015E00001335BB29942137014DC0023E06802A956
:1015F000137003AA0368DB689847236830B1D3F8F7
:10160000CC302046DDE90212984703E0D3F8D03011
:1016100020469847002360698DF8073058B1036869
:101620000DF10701DB68984728B1206E9DF807107F
:101630000368DB68984704F1200004F029FF94F860
:10164000743043B3206903681B699847A36F05464C
:1016500003B91FE0C31A1F4A93421CD920690368CB
:101660009B699847A36F6422EB1AB3FBF2F3B0FBBC
:10167000F3F3002B04DD632B04DCD31ADBB202E0AE
:10168000134600E000232069002184F86D300368D0
:10169000DB699847A56723682046D3F8E030984770
:1016A00001F090F903689B6B984723682046D3F8B4
:1016B000C430984794F84C30022B02D00120FEF73A
:1016C00051FD0023337004B070BD00BF5963022088
:1016D0005863022000E1F50510B50446FFF70EF946
:1016E000002263689A7210BD0166203004F0CEBEFD
:1016F00010B586B0044604A8CDE9041200F018FF26
:10170000049B0DF10E0103A8ADF80C30059BADF85C
:101710000E3000F065FF94F8731004F12000BDF85E
:101720000C20BDF80E3049B100931346B4F8641094
:10173000B4F8682004F0BAFE58B104E004F0F8FEF2
:10174000012384F87330BDF90C306366BDF90E30A7
:10175000A36606B010BD10B5002B49D081EA020087
:10176000C40709D50B44013A03E012F8010F01F850
:10177000010B8B42F9D83BE0D00742BF12F8010BB6
:1017800003F1FF3301F8010B012B17D981EA0204A1
:101790001046A40729D023F001040C4403E012886A
:1017A000023021F8022B8C420246F8D803F00103E4
:1017B00004E032F8020B023B21F8020B23F0030095
:1017C000084403E02468043241F8044B884214467C
:1017D000F8D803F00303013A0B4403E012F8010FB9
:1017E00001F8010B8B42F9D802E09007E1D1E5E75F
:1017F000012010BD10B590F87330044653B1B0F815
:1018000068300121B0F86420203004F091FE0023FC
:1018100084F8733010BD70B50368044615461B6B21
:1018200098472368294620465B6BBDE870401847FF
:10183000044B1B6893F85C200AB1186D00B99868D6
:10184000704700BF686302202DE9F043054685B06C
:10185000002099460DF10C0C0C4603901746A86920
:101860000668CDF804C0BDF830C0CDF800C03668B9
:10187000B047134E8046A6F80090FFF7D9FF0368E3
:101880001B6B984710B1012807D00EE03288039BEC
:1018900007FB0242A3EB420306E0338807FB034445
:1018A000039B04EB44041B1B2B64E86920B1036811
:1018B00032881B68296C9847404605B0BDE8F08324
:1018C000606302201B4B2DE9F0411C880D4690F807
:1018D00081300646076CB4FBF3F4FFF7A9FF0368F9
:1018E0001B6B9847012809D002280FD0A0B9124BD2
:1018F0006C431B885C43A7EB44070DE00E4B6C4325
:101900001B885C4304EB44043F1B05E00A4B654322
:101910001B885D43A7EB8507F069376438B103681E
:101920003946054A1B681288BDE8F0411847BDE8F2
:10193000F08100BF5E63022060630220F0B58BB0CF
:10194000164604460D461F46FFF772FF03681B6BE1
:1019500098479DF85420236829460790CDE908024E
:101960000C4A2046128806929DF8502005929DF858
:101970004C200492BDF848200392BDF84420029206
:10198000BDF84020CDE9007200221F6C3346B847F5
:101990000BB0F0BD606302202DE9F0431F460368E1
:1019A0008BB01646D3F840800D46134B0446B3F86F
:1019B0000090FFF73DFF03681B6B98479DF8583078
:1019C00000222946CDE9080302232046CDE90693EB
:1019D000012305939DF854300493BDF850300393D0
:1019E000BDF84C300293BDF84830CDE90073334662
:1019F000C0470BB0BDE8F083606302202DE9F043DF
:101A00001F46036887B00D46D3F85C801646104B1E
:101A10000446B3F80090FFF70BFF03681B6B984771
:101A20009DF8443032462946CDF80C90CDE90403A8
:101A30009DF8403020460293BDF83C300193BDF83C
:101A4000383000933B46C04707B0BDE8F08300BF85
:101A500060630220074B10B51B7804463BB1036856
:101A60005B6B9847236C834201D1606C00E0206C73
:101A700010BD00BF5C6302202DE9F04F04468FB01B
:101A800010460D4691461E4602F0A0FB002800F0CD
:101A9000D08023682046DFF8ACA1DB6A9847236832
:101AA0002046DFF8A4811B6B9847BAF80030624FDC
:101AB00007A80193B8F80030DFF884B102933B889F
:101AC000ADF81C900393BBF80030049302F036FC91
:101AD000388007A802F066FC584B80B21B78ABF840
:101AE00000001BB93B88AAF8003002E0AAF8000009
:101AF0003888A8F800004846D4E9108702F066FB51
:101B00000146C4E91000E06920B10368BAF800207A
:101B10001B68984700222846B5F904901146B5F98C
:101B200006A0FFF778FE012395F825B085F825304B
:101B3000B6F90420B6F90630002A05F104020ADDE0
:101B4000002B08DD68680AAB516803C331460AA858
:101B5000FFF7C4FB03E00AAB6868516803C3364B68
:101B60000021B3F90020364B0C91B3F90030ADF8E9
:101B70003420ADF8363008ABDDE90A0183E8030014
:101B800018460CA9FFF7AAFB236D0BB9002019E03A
:101B900007A802F0C1FC0646206D03681B6B98473E
:101BA0008642F3D1FFF744FE0368064607A89B6B05
:101BB000059302F0B1FC059B01463046984780F042
:101BC0000100C0B284F85C0000266B6928462A68D0
:101BD00008A96E61059392689047059B494628467F
:101BE0006B61524684F85C6085F825B0FFF713FE00
:101BF000144E019B2046029A3380134B1A80039A9D
:101C00000D4B1A80049A0E4B1A802368C4E9108782
:101C1000DB6A9847236820461B6B9847E56945B106
:101C20002B6820461F68FFF715FF328801462846BB
:101C3000B8470FB0BDE8F08F646302205A630220FA
:101C400062630220606302205E6302202DE9F0419E
:101C50001F468AB04FF480631546BDF84C800024BF
:101C6000064608FB075504948DF82040CDE9013164
:101C7000BDF84030ADF81830BDF84430ADF81A303A
:101C8000BDF84830ADF81C30FFF7E4FE00EB45002E
:101C9000ADF81E808DF8214001A905907068ADF85F
:101CA00022408DF8244003685B6898470AB0BDE87D
:101CB000F0812DE9F0438BB0154698460024BDF81D
:101CC00050904FF400630F46064609FB08550494F4
:101CD000CDE90134FFF7BEFEBDF8483000EB45000A
:101CE000ADF81C40ADF8183001A90590BDF84C3096
:101CF0007068ADF81A30ADF81E90049708948DF80E
:101D0000244003685B6898470BB0BDE8F08300008F
:101D100010B59DF80C000B2896BF054C0024245CE0
:101D2000BDF80800E40802FB001004FB003010BD01
:101D300088D702082DE9F0438DB004461E469DF871
:101D40006C509DF860300B2D9DF86400BDF86890D4
:101D50009DF8708013D0022D08D1FF2B04D10028EC
:101D600014BF402020200BE0402009E0FF2B04D1CD
:101D7000002814BF0420012002E0042000E080209D
:101D800005920027BDF854208DF82830ADF82020AA
:101D9000BDF858200697ADF82220BDF85C20CDE9AB
:101DA00003012046ADF82420FFF754FEBDF8502073
:101DB000034631462046CDE90098FFF7A9FF9DF87C
:101DC0007430079003A96068ADF826908DF829500B
:101DD0008DF82A808DF82B308DF82C7003685B68A5
:101DE00098470DB0BDE8F0832DE9F04F8DB0154652
:101DF00080469B469DF860A00023BDF864700C46A9
:101E0000BAF1FF0F9DF8686006930CBF022208220A
:101E1000BDF85890CDE90323FFF71CFE5A46034650
:101E200029464046CDE90076FFF772FF0790C6B914
:101E3000BAF1FF0F15D162091A4B02F4FC6203EAF2
:101E40001423C4F3C40413431C4347EA09031D438A
:101E5000A4B2EB075FBF7F0802264FEA590904EBE3
:101E60000444BDF85C3003A99DF86C20ADF8223025
:101E70000023D8F80400ADF82090ADF82430ADF878
:101E8000267006948DF828A08DF82B208DF82C3024
:101E90008DF829608DF82A6003685B6898470DB05B
:101EA000BDE8F08F00F8FFFF2DE9F3411F460B4B13
:101EB0000D461646B3F800800446FFF7B9FC0368E8
:101EC0001B6B98473B4632462946CDE900802046A9
:101ED000FFF71EFF02B0BDE8F08100BF6063022083
:101EE000F0B58BB01E4604461546BDF854300027A9
:101EF000CDE90131BDF840300497ADF81830BDF898
:101F00004430ADF81A30BDF84830ADF81C309DF8BB
:101F100050308DF82030FFF79DFD324629460346AC
:101F20002046FFF7C1FF0E4B05901B88ADF81E3011
:101F3000FFF77EFC03681B6B9847139B8DF822000C
:101F400001A98DF82100049360689DF858308DF840
:101F500024708DF8233003685B6898470BB0F0BDA0
:101F600060630220F0B58DB0012504466B460395F1
:101F700083E806000023BDF80060BDF802700693F8
:101F800003685B6B98473A46314603462046FFF7A5
:101F90008BFFA36C04900793BDF80430ADF820309C
:101FA000BDF80630ADF822300E4B1B88ADF824305A
:101FB000ADF82630FFF73CFC03681B6B9847FF2306
:101FC0008DF8290003A98DF82A0060688DF8283063
:101FD0008DF82B508DF82C5003685B689847A06CE7
:101FE0000DB0F0BD606302202DE9F0418CB00126F8
:101FF00004466D46039685E806001D460023BDF89D
:10200000007006930368BDF802805B6B98474246F8
:10201000394603462046FFF747FFBDF804300490D9
:10202000ADF82030BDF806300795ADF82230104BE2
:102030001B88ADF82430129BADF82630FFF7F8FB73
:1020400003681B6B9847FF238DF8290003A98DF8BF
:102050002A0060688DF828308DF82B608DF82C6090
:1020600003685B68984728460CB0BDE8F08100BF64
:1020700060630220F0B585B0044602AD85E8060035
:10208000BDF80860BDF80A70FFF7E4FC314603466E
:102090003A462046FFF708FF0549226803460988AB
:1020A00020460091166F95E80600B04705B0F0BDD8
:1020B0006063022070B590F872300446FBB10220D4
:1020C000FEF751F80023204684F8723084F871300E
:1020D0002368D3F8C850FFF7BDFC01462046A84747
:1020E000E56965B12B6820461E68FFF7B3FC044B19
:1020F000014628461A883346BDE87040184770BD2F
:102100006063022038B590F87F3004460D468B425C
:1021100009D0036811B9D3F8D83001E0D3F8DC3026
:10212000984784F87F5038BD0C4B10B51B78044697
:1021300053B990F84C303BB9406800F017F918B12A
:102140006268537A002BFCD0FEF7D0FB20460021BA
:10215000FFF7D8FF2046FFF77DFC10BD5C6302202F
:10216000D0E90320131A584258417047D0E903239D
:102170009B1A002BDCBF82689B18012BCCBF002070
:102180000120704702694368242000FB0230704739
:1021900003681B691847012370B503720446406841
:1021A00003689B69984703680546082B0AD8002BEB
:1021B0003CD0013B072B39D8DFE803F02D26381A35
:1021C00038383820B3F5007F25D00AD8802B22D0AC
:1021D00003D8202B1FD0402B01E0B3F5807F1AD00D
:1021E00024E0B3F5806F16D0B3F5006F0CD01DE07E
:1021F0002368017F20469B6B984710E02368017F8E
:1022000020469B6B984703E023682046DB6B98478A
:1022100023685B6B05E023682046DB6B98472368E7
:102220001B6B29462046BDE87040184770BD7047BB
:1022300070477047D0E9032310B59B1A002BDCBF11
:1022400084681B19012B16DD4368242404FB023328
:1022500001F1200251F8044B914243F8044BF9D1AB
:102260000A781A70C3688268BFF35B8F01339A42A1
:10227000D8BF9B1AC36010BD03698268BFF35B8F30
:1022800001339A42D8BF9B1A0361704770B5044668
:102290000E46606803685B6898470028F9D10D4DC9
:1022A00028680368D3F880309847FEF72DFB28682C
:1022B0000121FFF727FF6068314603689B68984754
:1022C00023682046DB6A984728680368BDE87040A9
:1022D000DB6F18476863022008B5FEF707FBBDE80F
:1022E0000840FEF70BBB70B50446406803681B68E6
:1022F0009847054630B9237A23B1606803685B6963
:1023000098472572606803681B68984728B9236856
:1023100020465B6ABDE870401847BDE87040FEF794
:10232000FBBA10B50446142106F085F9204610BD0D
:1023300010B50446406803681B68984748B9637A3B
:102340003BB1237A2BB9236820465B6ABDE8104075
:10235000184710BD10B5044C82600022C0E900414E
:10236000C0E9032210BD00BF9CD702084068036883
:102370001B68184710B5044604F028F9206B68B1B3
:102380000368DB68984748B194F82C3033B1206B70
:1023900021460368BDE810409B68184710BD0346FE
:1023A000C0B1B0F5803F36BF030400201020B3F168
:1023B000807F3CBF1B020830B3F1805F3CBF1B0134
:1023C0000430B3F1804F3CBF9B000230002B02DB96
:1023D00001307047202070472DE9F04F87B0044648
:1023E0000D461E46109F104602E035461C4600264C
:1023F000002C51D000284CD045EA06031F2B4AD8A8
:1024000045B903462046002EEFD14FF0FF346FF060
:10241000004042E030FA05FA05D14443B4FBF7F03E
:1024200007FB104439E04FF0010804FA05F9224691
:1024300008FA05F8B9FBF7FB08F1FF380AFB0BF3C4
:1024400008EA000803934046FFF7A9FF119B0146E5
:102450004046CDE900732B46FFF7BEFF07FB1B92FA
:102460008046A9191046FFF79AFF034605A8CDE953
:1024700000705046FFF7B0FF119B1C68059B1C4481
:10248000039BB4FBF7F2D31807FB124443441844F0
:1024900003E0044601E000242046119B1C6007B0C5
:1024A000BDE8F08F2DE9FF410A9DB0F100081C4600
:1024B000BDBF2B68C8F100084FF0FF360126BCBF36
:1024C0005B422B60002A04DA2B68524276425B4260
:1024D0002B60002C1046BABF64424FF0FF37012733
:1024E000FFF75DFF034603A8CDE900404046FFF734
:1024F00073FF039A2B68BE42134493FBF4F210441B
:1025000004FB123318BF4042013603D0002B06DB18
:102510001A4609E0002BC3F1000203DB04E0013896
:102520001A1901E00138121B2A6004B0BDE8F081DD
:102530002DE9F04F1F4C85B00646A569D0E90097FC
:1025400095B305EBD572A3680DF10C0A03EB62039A
:10255000CDF800A04FEA620BE1694A4603932B468F
:102560002068FFF79FFF3A46CDF800A080462B4633
:10257000216A6068FFF796FF63694A46CDF800A0BC
:102580005B448044616A03932B46E068FFF78AFF4F
:102590008146CDF800A03A462B46A16A2069FFF794
:1025A00081FF09EB0007C146C6E9009705B0BDE809
:1025B000F08F00BF6C630220074B1B78012B09D101
:1025C000B1F90030B0F900200380044B1B88013BB7
:1025D0009B1A0B80704700BF5A630220646302207D
:1025E000074B10B51B78012B08D1064B0C881B88B4
:1025F000B0F90020013B1B1B03800A8010BD00BF07
:102600005A630220646302200A4B10B51B78012B29
:102610000ED1B0F906104288074B0A44B0F90040C9
:102620001B8844809B1A0380B0F904308180C380EA
:1026300010BD00BF5A63022064630220084B1B7860
:10264000012B0CD14388B0F9041002880380054B9C
:102650000A441B889B1A4380C388C18083807047CB
:102660005A63022064630220074B10B51B78012BCC
:1026700008D1B1F90030B0F9004003809388013BE4
:102680001B1B0B8010BD00BF5A6302200B4B1B7835
:10269000012B11D10B6890ED007A0360B2F9043080
:1026A000DFED076A07EE903AF8EEE77A77EEE67A22
:1026B00077EEC77AC1ED007A704700BF5A630220F7
:1026C00017B7D13838B5094B0A461B78012B0CD106
:1026D000B0F90450014603882B44013B21F8023B2A
:1026E000FFF7C2FFC388C580838038BD5A630220CC
:1026F000064B0021B3F90020054BC0F83011B3F9A7
:102700000030A0F83421A0F836317047646302200D
:1027100062630220034B186810B103689B69184775
:10272000704700BFA863022070470000094B07B53F
:10273000B3F900200021084B00916946B3F900303D
:10274000ADF80420ADF8063003689B6C984703B0E1
:102750005DF804FB6463022062630220094B82B0CF
:102760000021B3F90020084BADF8042002AAB3F908
:1027700000300091ADF80630036812E906001B6CCA
:1027800002B018476463022062630220034B18689A
:1027900010B10368DB691847704700BFA8630220C7
:1027A000034B186810B103681B6A1847704700BFD5
:1027B000A86302200023A0F8EC307047034B186890
:1027C00010B103689B6A1847704700BFA8630220D6
:1027D000704710B504464FF49E7105F02CFF20465B
:1027E00010BD002804DD0029CCBF00200120704767
:1027F0000120704710B5B1F900408A88B0F9003067
:10280000224412B2934215DA828813441BB29C42CE
:1028100010DAB1F90230C988B0F90220194409B2BE
:102820008A4207DAC1880A4412B29342ACBF002040
:10283000012000E0002010BDF8B5B1F90470044695
:102840000B46B1F906103846FFF7CBFFE0B9B3F9F4
:102850000050B4F90060B54216DBB3F90230B4F9A8
:102860000220934210DBB4F804C03D4466442DB20C
:1028700036B2AE4208DBE0880B4402441BB212B20F
:102880009A42B4BF00200120F8BD2DE9F843B1F908
:1028900004800346B1F906700A4640463946FFF700
:1028A000A0FF00283CD1B3F90490B3F906104846C4
:1028B000FFF797FFB2F9004050B11C80B2F9021047
:1028C0005980B2F904109980B2F90620DA8027E025
:1028D000B3F90000B2F90220A042B3F902508446D5
:1028E0004844A8BFA44695422E464444A8BF164675
:1028F0000D443A4400B224B2A3F800C02DB25E8069
:1029000012B2A042ACBFCCEB000CCCEB040C954255
:10291000ACBFC6EB0506C6EB0206A3F804C0DE801A
:10292000BDE8F883B0F90030002B10B504DA8488D4
:102930002344838000230380B0F90040B0F90430C1
:10294000091B8B42B0F90230C8BF8180002B04DA2A
:10295000C1880B44C38000234380B0F90210B0F952
:102960000630521A9342C8BFC28010BD104B10B53A
:102970000C46B3F900200F4B2046B3F90010FFF7C7
:10298000D1FF0D4B186890B1036821469B689847AA
:102990000A4B186818B1036821469B689847084B92
:1029A000214618680368BDE81040DB69184710BD70
:1029B0006263022064630220A8630220A0630220F5
:1029C00068630220014B1868704700BFAC630220A7
:1029D000002310B5A0F8A4300446B0F88030A0F869
:1029E000A6300DE0E21892F8842022B154F82300BA
:1029F00003681B6D9847B4F8A4300133A4F8A430E1
:102A0000B4F8A430B4F8A6209A42EBD810BD002246
:102A100000F18303A33020F8232C03F8012F834215
:102A2000FBD1704770B50B4E04460D46306810B1AF
:102A300003685B699847201DFFF7E9FF35602B6845
:102A40002846DB689847236820465B6CBDE87040E9
:102A5000184700BFA86302200023B0F8A4102DE996
:102A6000F0411A46B0F880E000F183061C461D468E
:102A70001AE016F801CFBCF1000F0CD09A4208D032
:102A800050F823701FFA82F840F82870871887F8EA
:102A900084C0013207E09942B0F8A670A8BF0135A2
:102AA0009F42C8BF013401339E45E2DCB0F8A63036
:102AB000491B1B1BA0F8A410A0F8A63002E0013BA4
:102AC000A0F88030B0F880309342F8DCBDE8F081A7
:102AD00070B5164E0446306830B1037A23B984F8D5
:102AE000383103689B681DE094F83831104D73B994
:102AF00068B1037A5BB1286810B103681B69984715
:102B000030680368DB689847012384F8383104345F
:102B10002046FFF75DFF2046FFF79EFF286820B1A3
:102B200003685B6ABDE87040184770BDA46302206B
:102B3000A8630220034600F1400100221A800833F6
:102B400023F8062C23F8042C23F8022C8B42F5D111
:102B5000A0F8402070470000F8B51A4B064604461E
:102B6000002546F8043BA8220021304606F0EFF984
:102B700004F1AC00A4F88450FFF7DCFF04F1EE0090
:102B8000FFF7D8FF1049114884F83851104FC4E9B5
:102B90004C5503F0F7FB0F4B08B11D8006E04FF4D6
:102BA000806202201A80386001F086F900230A4A08
:102BB00030461360094A3B601360FFF728FF204648
:102BC000F8BD00BFC0D70208CDB5E8B5C2A507F46F
:102BD000A863022088030020AC630220A4630220C3
:102BE000B0F84030013B9BB28B4210B5A0F84030AA
:102BF00009D900EBC30450F8333000EBC10240F8B0
:102C000031306368536010BD37B56B46044683E8C6
:102C10000600B0F84020072A08D8511C00EBC20576
:102C2000A0F8401003CB44F83200696003B030BD17
:102C30002DE9F04F8FB083460AAB0AA883E806005F
:102C4000984BB3F90020984BB3F90010FFF76AFED8
:102C5000BDF92E10BDF92C00FFF7C3FD002840F090
:102C60002A83924B1B6893F84C30022B00F023838D
:102C7000BBF8EC400BF1AC05013C0AE005EBC401EC
:102C80000AA8FFF7D9FD18B1A1B22846FFF7A8FF9F
:102C9000013C611CF2D1BBF8EC300BEBC305029395
:102CA00000242E46DDF8088027467AE00AA906F1BE
:102CB000A400FFF79FFD00286ED0BDF928E0B6F90B
:102CC000A4C0BDF92A20E645B6F9A6A033DBB6F8C4
:102CD000A810BDF82C306144734409B21BB299426C
:102CE00029DBBDF82E305245B6F8AA101FFA82FE35
:102CF00013FA82F31FFA8AFC11FA8AF19BB289B2A5
:102D000009DB5B1A1BB2002BADF82E3040F3D382E7
:102D1000ADF82A100DE009B21BB299423DDBACEBD5
:102D20000E0C0FFA8CFCBCF1000FADF82EC040F376
:102D3000C282044630E052452FDBB6F8AA30BDF817
:102D40002E1053440A441BB212B2934225DBB6F84C
:102D5000A820E645BDF82C301FFA8EFA12FA8CF244
:102D60001FFA8CF113FA8EF392B29BB209DB9B1A15
:102D70001BB2002BADF82C3040F39D82ADF828201B
:102D8000D7E71BB212B2934207DCA1EB0A0109B2EA
:102D90000029ADF82C10CAE7384608F1FF38083E84
:102DA0000746B8F1000F81D1002C7FF479AF2FB91D
:102DB000BBF8EC506C1E0BEBC505EFE1BDF92830FC
:102DC000A846BDF82C900393BDF82830BDF82EA07E
:102DD00003EB09060793B3B236B20493BDF92A3068
:102DE0000193BDF82A3003EB0A070593BBB23FB24B
:102DF00006934DE00AA908F1A400FFF7FBFCC8B157
:102E0000B8F9A410039AB8F9A6308A421DDCB8F8C4
:102E1000A8200A4412B2B24217DC01999AB2994230
:102E2000B8F8AA3008DC1344069AA8F8A6709B1AD2
:102E3000A8F8AA30204628E013441BB2BB4224DC89
:102E4000059B9A1AA8F8AA20F4E7019A9A421CDC7A
:102E5000B8F8AA2013441BB2BB4216DC039B8AB20B
:102E60008B42B8F8A83007DC1344049AA8F8A46091
:102E70009B1AA8F8A830DDE713441BB29E4204DB7E
:102E8000079B9A1AA8F8A820D4E7A8F108080446D6
:102E9000C345AFD1002C8BD0029B5C1E0BF1AC0361
:102EA000089333E1626302206463022068630220B6
:102EB00005F1A4080AA84146FFF7BEFC18B1A1B26B
:102EC0000898FFF78DFE0AA94046FFF793FC0028FB
:102ED00000F01A81B5F9A430BBF8EC200293B5F8E4
:102EE000A480B5F8A83009924344B5F9A610DDE9ED
:102EF00002029BB282427FDD079A0FFA83FE01989D
:102F0000A2EB080C88421FFA8CF20FFA8CFC1FDD32
:102F10000BEBC404A6EB0E0E8BB20598B4F8B260AE
:102F2000C51A33441FFA85F81BB22DB2FB1A05FBF4
:102F30000EFE0CFB03F39E4502DBA4F8B25020E02A
:102F4000D044A4F8B0C0ADF82A10ADF82E808FE6BA
:102F5000764523DD0BEBC4040698A6EB0E0EB4F801
:102F6000B2301B1A01980B44091A9DB20CFB01F1F7
:102F70001BB203FB0EFE71450ADCA4F8AE70A4F888
:102F8000B230029B4A44ADF82830ADF82C206FE6F1
:102F90005544A4F8B0C0ADF82E5069E604990998DC
:102FA0005B1A062899B21BB20DD8D5F8A4000CAA5A
:102FB000D5F8A810A5F8A460A5F8A83003C2ADF80C
:102FC00034C0134681E063454FEAC4040DDB4A4434
:102FD0005C44029992B2A4F8B030ADF82810ADF874
:102FE0002C204244A4F8AC2042E65C444944A4F8B6
:102FF000B0C0ADF82C103BE6B5F8AA201FFA81F856
:10300000019812FA81F2884292B21FDA0498E40021
:103010001B1A06985C44121A01989DB2091A1BB239
:103020001FFA82FC03FB01FE12B2DDE90210081A4E
:103030005043864505DC4D44A4F8B220A4F8AE7098
:1030400023E0A4F8B030A4F8AC6027E00598A0EB2A
:10305000080E18B286421FFA8EFC0FFA8EFE21DA95
:10306000049812B2E4001B1ABA1A5C441FFA83F8DF
:103070001BB2DDE902505A43281A0EFB00F09042C1
:1030800006DB08EB0905A4F8B2E0ADF82C50EFE53B
:10309000A4F8AC60A4F8B030ADF82A10D444ADF870
:1030A0002EC0E5E5069B0998D21A062893B212B203
:1030B00011D8D5F8A4000CABD5F8A810A5F8A670C7
:1030C000A5F8AA2003C3ADF836E0089813E9060076
:1030D000FFF79AFD18E072454FEAC4040DDBD444B3
:1030E0005C44ADF82A101FFA8CFCA4F8B220ADF8AD
:1030F0002EC0C444A4F8AEC0BAE55C445344A4F85E
:10310000B2E0ADF82E30B3E5013C083D621C7FF41F
:10311000CFAE4DE6BDF92A20B5F9A660BDF928105D
:10312000B242B5F9A47018D1BDF92E00B5F9AA3094
:10313000984212D1B5F8A830BDF82C20D81900B2A9
:10314000884202D1ADF8287003E0114409B2B942B7
:1031500022D11344ADF82C3019E0B9421CD1BDF98D
:103160002C10B5F9A830994216D1B5F8AA30BDF89F
:103170002E10981900B2824202D1ADF82A6003E005
:103180000A4412B2964207D10B44ADF82E30A1B2D8
:103190000BF1AC00FFF724FD013C083D631CB9D1E5
:1031A000BBF8EC70072F06D8DDE90A120BF1AC0072
:1031B000FFF72AFD7FE007F1FF390BF1AC030BEBC2
:1031C000C7076FF0004A00250293B7F8A820B7F8A8
:1031D000AA3012FB03F307F1A40201934B4609F155
:1031E000FF39C846B8F1FF3F10680DF1300C049369
:1031F00014BF02990DF1280E039218BF01EBC80EFF
:10320000BEF80610BEF8046016FB01F65168ACE883
:10321000030071460CA8FFF738FB019BBDF8341082
:10322000BDF836001E4411FB00F18E1B0029B8BF0B
:103230000731B6EBE10FDDE903230BDB564503DA7B
:1032400046B1B24644461D4608F1FF3818F1020F58
:10325000C8D102E044461D4604E0B9F1FF3FA7F1A2
:103260000807B2D1AFB2002C0BF1AC064FEAC7058C
:1032700005F1AC00584404DA01460AA8FFF705FB43
:1032800014E0A4B25D44E40004F1AC015C44594490
:10329000FFF7FBFA0AAB03CB0AABC4F8AC00C4F8E7
:1032A000B010D5F8AC00D5F8B01003C3394630469D
:1032B000FFF796FCDCE40FB0BDE8F08F2DE9F04F8E
:1032C0000446B0F93611A3B0B0F93401FFF789FA1A
:1032D000054638B9236820461B6CD4E94C12984740
:1032E000C4E94C55B4F8EC303BB9A74B1B6893F8D4
:1032F0004C309A1E5342534100E00123A34A126806
:10330000B2B1A34DB5F90610B5F90400FFF769FA9B
:10331000064668B92846FFF777F9236829682046EA
:103320001B6C6A6898472E806E80AE80EE8002E04B
:10333000002B00F07A83974F11A8FFF7FBFB3D8825
:103340002E460AE004EBC603013611A8B6B2D3F844
:10335000AC10D3F8B020FFF757FCB4F8EC30B34210
:10336000F0D80BE004EBC503013522682046ADB26E
:10337000D3F8EE10166CD3F8F220B047B4F82E3123
:10338000AB42EFD8804E306890F84C30012B40F0C3
:103390000981814AB4F8EC1012783B88012A40F088
:1033A0008180DFF8FC8104F1AC00B8F8002093467E
:1033B00005E030F933500133AB45A8BFAB468B4233
:1033C000F7DB0F2A04F1AC09ADF834208CBFD50827
:1033D000012555E0B8F80030D1F8A81003938847CC
:1033E000039B86463068A3EB0E03AAEB050E90F80C
:1033F00080209BB290F86E10734505DD5B4503DDC0
:103400004AB9002937D006E02AB921B95B45B8BFCF
:103410005B46184600E05846604B0021ADF834008A
:10342000AAEB0000B3F90030B7F800A0ADF83610F1
:10343000ADF83800ADF83A3018E009EBCA0159F898
:103440003A000FAA496803C20DA90FA8FDF746FF6D
:10345000BDF94210BDF94000FFF7C3F920B9226859
:103460000FA92046926C90470AF1010AB4F8EC20AB
:103470005245E2DC04E003680121D3F8A430984708
:10348000BDF934A03068DA450168A3DC77E030F894
:10349000332035F833C00133624412B29245B8BFCD
:1034A000924605E04FF0000A04F1B20004F1AE05C7
:1034B0008B42ECDB394B04F1AC08DFF8E4901D885B
:1034C00000230F2DCDE90D338CBFED0801254BE016
:1034D000D3F8A83098470BEB050C034630686345DA
:1034E00090F8801090F86E2009DA534507DA69B930
:1034F00062B903680121D3F8A430984734E029B9B0
:1035000022B95345A8BF5346184600E05046A0EBE9
:103510000B00B9F900300022ADF836B0ADF8383004
:10352000B7F800B0ADF83420ADF83A0018E008EB79
:10353000CB0258F83B000FAB516803C30DA90FA88D
:10354000FDF7CCFEBDF94210BDF94000FFF749F987
:1035500020B923680FA920469B6C98470BF1010BFB
:10356000B4F8EC305B45E2DCBDF83A30BDF836B07B
:1035700030689B4403680FFA8BFBD345A8DB3068A7
:1035800003685B6A69E000BF68630220A0630220F1
:1035900098630220880300205A630220626302209D
:1035A00064630220022B40F0D780B0F8843090F89A
:1035B00081700993B0F882307D1E08931FFA85FA56
:1035C0000368D3F8A8309847B64B814600201B8883
:1035D0000393B54BB3F80080B44B1B78012B1EBF8F
:1035E0004346DDF80C800393FCF7BBFDB8FBF7F70F
:1035F0007D430BE030680A210368D3F89C3098477C
:1036000030680368D3F8A83098478146A945F1DBB4
:1036100000204FF0000BFCF7A5FD1AFB07FABBB228
:103620005D46A34E05931FFA8AF306934FEA58139B
:10363000079300E0D146454500F0DF81306803681C
:10364000D3F8A83098478145824608D9BBF1000FCE
:1036500008D030680368D3F8B8309847CDE1BBF1A3
:10366000000F04D0554500D2F3E74FF0010BB5FB36
:10367000F7F18BB2581C0493059B10FB03F01FFA63
:1036800080FEBBF1000F05D00AEB07024245A8BF40
:10369000424602E0069BAAEB030292B208987245EA
:1036A00094BFC5EB0203C5EB0E038342A8BF0346DC
:1036B00009981FFA83F9814505D215FA83FCE04584
:1036C00001D072453DD90120CDE90A31FCF749FD11
:1036D00030680B99026809B2D2F898209047734A73
:1036E0000A9B00201278BDF90C101BB2012A0CD1E4
:1036F000A8EB0502ADF83E00ADF84030A2EB0902A0
:10370000ADF84210ADF83C2007E0ADF83C00ADF854
:103710003E50ADF84010ADF8423023680FA9204666
:10372000A9449B6C98473068049B1FFA89F559425D
:10373000036809B2D3F8983098470120FCF712FDCE
:1037400078E7306803689B6A984730680799036890
:10375000D3F89C3098476DE7032B40F03281534BF0
:1037600004F1AC0AB0F986801B78012B40F01C8173
:1037700086E004F1B0013B88B4F9AC204FF00009B9
:103780000133039104F1B2019BB2049129E0254475
:103790003AF933E09C46B5F8B010B5F8AC000844EF
:1037A000039931F8331000B2714409B2884204DA47
:1037B00086457246B8BF024611E00CD10499B5F9AE
:1037C000B20031F933108842B4BF9C46CC467245F2
:1037D000B8BF724603E08A42CC46B8BF0A460133FE
:1037E000E14699B24FEAC9058B45D0D861190FABB4
:1037F000D1F8AC00D1F8B01003C3BDF940300FA828
:10380000BDF83C1043450B44B8BFBDF93C209B1AA2
:10381000ADF83C20ADF84030FEF710FFBDF9403068
:10382000BDF942101846FEF7DCFF48BB88453068FA
:103830009BB22544A8BF89B20268B8BF1FFA88F1BD
:103840000091BDF83C10D2F894B0BDF83E20D847A6
:103850008346ADF842000FA8FEF7D6FE2368204647
:103860000FA99B6C9847B5F8B000A0EB0B0000B215
:10387000A5F8B00020B91FFA89F15046FFF7B0F95A
:10388000B4F8ECB0BBF1000F7FF473AFB5E0B4F85F
:10389000B2501046B4F8AE304FF0000903991D4401
:1038A0002DB22CE062630220646302205A6302207E
:1038B000686302202644B1F9AEE08446B6F9AE3022
:1038C000734504DDB1F8B25075442DB20CE00FD150
:1038D000B6F9B0E0B1F9B060B645B4BF8446CC46A5
:1038E000B1F8B26033441BB29D42A8BF1D4603E04D
:1038F0007545CC46A8BF754601300831E14683B214
:103900004FEAC9069B45D5D80AEB06002644B6F90E
:10391000B230B0F906104345B0F90400BEBFB6F8A6
:10392000AE50ED182DB2FEF75CFF0028AFD1B6F90E
:10393000AE209BB2ADF84200AD1A3D48B6F9B0C01A
:103940004545B6F9AC100068A8BF4546ADF83C1037
:10395000ADF83E2089B2ADF840C0ADB2D0F800E07D
:1039600092B29D4294BF009500931FFA8CF3DEF84B
:103970009450A8472368ADF842000FA99B6C2046DD
:103980009847BDF84220B6F8AE301344A6F8AE30E2
:10399000B6F8B2309B1A1BB2A6F8B23023B91FFAA0
:1039A00089F15046FFF71CF93A88B4F8ECB00132BF
:1039B00092B204EBC2030393BBF1000F7FF467AF35
:1039C0001BE03D8815E004EBC5020FABD2F8AC005C
:1039D000D2F8B01003C3BDF94210BDF94000FEF7A4
:1039E00000FF20B923680FA920469B6C984701353A
:1039F000ADB2B4F8EC30AB42E5D80E4B1B78A3B1B6
:103A00000023EE34A4F840300B4B1D8809E022ABB4
:103A1000204603EBC5030135ADB253E91112FFF7A0
:103A2000F3F8BDF88430AB42F1D823B0BDE8F08F95
:103A3000686302205C63022088030020034B00229D
:103A40001A805A809A80DA80704700BF98630220FB
:103A500007B50368002182681B69CDE90012694639
:103A6000984703B05DF804FB38B50B680C46054673
:103A7000DB689847236820462946DB6A9847284632
:103A800038BD10B40A88848822440A804A88C488D1
:103A900022444A80406920B103685DF8044BDB6A28
:103AA00018475DF8044B704770B582880C460B8848
:103AB000054613440B804B88C28813444B80011D7C
:103AC0002046FDF70BFCB4F90430002B0BDDB4F9F4
:103AD0000630002B07DD686928B1036821469B6A20
:103AE000BDE87040184770BD70B582880C460B88E1
:103AF000054613440B804B88C28813444B80011D3C
:103B00002046FDF7EBFBB4F90430002B19DDB4F9C6
:103B10000630002B15DD686928B1036821461B6952
:103B2000BDE870401847074B1B6804339D4208D11D
:103B3000FEF748FF0368216862681B6CBDE87040AF
:103B4000184770BDA863022051EA020370B504460D
:103B50000D46164611D003689B699847E3882046B6
:103B6000F218A388E91812B209B2FDF754FE2368CF
:103B700020469B69BDE87040184770BD10B5002312
:103B800004460846B1F908102380B0F90A20638082
:103B90000368A1802146DB6AE2809847204610BD79
:103BA000002070470120704702207047704770471F
:103BB0007047704710B504460C2104F03CFD2046C8
:103BC00010BD10B50446102104F035FD204610BD8F
:103BD00010B504460C2104F02EFD204610BD10B592
:103BE00004463C2104F027FD204610BD70B5036B50
:103BF0008AB004460D4613B10B79002B47D0261D21
:103C000003A83146FFF7BAFF2B79A3B92A893046BA
:103C1000BDF80E30E988D21ABDF80C30C91A04F18B
:103C2000360312B2019304F1340309B2009304F194
:103C30003003FDF777FA216B49B305A80026FFF79B
:103C40009DFFBDF81430BDF80C20BDF81600D21A47
:103C5000EB8829791A44A38E8DF8201007A91A44FD
:103C6000BDF80E30ADF826601B1A2889ADF8222069
:103C70000344E08E034407480790206BADF82430DE
:103C800003685B6C98472B790BB1C4E90C660AB0EA
:103C900070BD00BF7CD8020830B50D46016B87B0FF
:103CA000044601B301A8FFF769FF2A89BDF8043073
:103CB0002879D21AA38EB5F906101A446B89BDF87B
:103CC00006508DF810005B1BE58E206B2B44074DD2
:103CD000ADF8121003A90395ADF81420ADF8163015
:103CE00003689B6C984707B030BD00BFA4D802089A
:103CF000F0B50C46016B89B0054600296DD06846C9
:103D0000FFF73CFFAA8EE388BDF9006013441BB2A5
:103D1000B34230DBBDF8047037443FB2BB422ADA0D
:103D2000EB8E2089BDF902C0184400B2604522DB49
:103D3000BDF80610614409B288421CDA6089024469
:103D4000B4F90C0012B2B24207DBBA4205DA0344FE
:103D50001BB2634501DB8B420DDB214B04A9286BB1
:103D6000049302238DF814300023ADF81630069327
:103D700003685B6C9847291D02A8FFF7FFFEBDF89A
:103D80000820E388921BAF8EBDF8021013FA82F36D
:103D90002079B4F80AE0FE18BDF80A30B5F836C04C
:103DA0001EFA82F25B1A2189A4893A4411FA83F13E
:103DB0008DF8140014FA83F3286B6144094C6344B2
:103DC000ADF81660ADF8181004A90494ADF81A20E7
:103DD000ADF81C300368DB6C984709B0F0BD00BF3C
:103DE0007CD8020890D8020837B5044634F90C2F65
:103DF00001320CD18268002103686D46CDE90012C2
:103E00009B6A2946984795E8030084E8030020460A
:103E100003B030BD13B5B0F920300446013305D1ED
:103E200001466846FFF7AAFE009B2362B4F9200012
:103E300002B010BD13B5B0F922300446013305D1EC
:103E400001466846FFF79AFE009B2362B4F9220000
:103E500002B010BD144B4FF4807270B503600023A4
:103E60000285051D43630446104AC0E90233C0E9D8
:103E70000433C0E90633C0E90833C0E90B3301233A
:103E8000426080F838302846094BB3F90060936BE4
:103E9000084AB2F900109847636828463146DB6B40
:103EA0009847204670BD00BFB8D8020800D7020866
:103EB0006263022064630220094B07B5B3F9002056
:103EC0000021084B00916946B3F90030ADF8042099
:103ED000ADF8063003689B68984703B05DF804FBB3
:103EE00064630220626302202DE9F04F1546B1F9A8
:103EF000042089B08046002A0C46B1F9063040F310
:103F0000E980002B04DCE5E01D46002B00F0E28098
:103F10002846FFF769FF2146FEF76CFCEB69002895
:103F2000F2D006AE002B00F0AC802B68294602A828
:103F3000DB6898472846FFF76DFFBDF80830C718C3
:103F40002846FFF777FFBDF80A303FB221461844F4
:103F5000039BADF8107004AFADF81200384605931E
:103F6000FDF7BCF92846FFF73FFF034697E803003B
:103F700086E8030019463046FDF7B0F9BDF9183060
:103F8000B4F90010BDF91AA08B42BDF91CB0BDF9FF
:103F90001E900BD1B4F90220524507D1B4F9042088
:103FA0005A4503D1B4F906204A456AD0BBF1000F47
:103FB00002DDB9F1000F02DCEA6921465EE0B4F9E6
:103FC00002201FFA8AF05245009012DA0193009BFA
:103FD000B4F90400ADF81A209A1AADF81810314659
:103FE000ADF81C004046ADF81E20EA69FFF77CFFE3
:103FF000019BB4F900209FB29A420DDAADF8182067
:10400000BA1AADF81AA03146ADF81C204046ADF8FA
:104010001E90EA69FFF768FF22885F44A388B9B25F
:1040200013443FB29AB21BB2BB420DDD531AADF836
:104030001870ADF81AA03146ADF81C304046ADF806
:104040001E90EA69FFF750FFE38862881A44009BDC
:104050004B4491B212B298B21BB2934211DAB4F946
:104060000420ADF81A300B1AB4F900703146ADF8DF
:104070001C20ADF81870ADF81E30EA694046FFF715
:1040800033FF2846FFF7B0FE6168024633462068DA
:1040900003C311463046FDF721F9BDF91C20BDF9D7
:1040A0001E30002A16DD002B14DD2846FFF7B2FE75
:1040B000BDF818301B1A2846ADF81830FFF7BAFEC5
:1040C000BDF81A3031461B1A2846ADF81A302B6855
:1040D0009B68984709B0BDE8F08F70B5061D86B0A3
:1040E0000C4600233146054602A80193FFF746FD22
:1040F000BDF808302288BDF80A10D21A6388B4F9D6
:1041000004005B1AB4F90610ADF8102001AAADF84E
:1041100014003046ADF8161004A9ADF81230FDF7C2
:1041200058F9019A1AB121462846FFF7DDFE06B07C
:1041300070BD1FB504460A4680686B46E16803C33C
:1041400011466846FDF7CAF894F8383023B169463D
:104150002046FFF7C2FF16E0043402A82146FFF70D
:104160000DFDBDF80030BDF80820694620469B1AB9
:10417000BDF80A20ADF80030BDF802309B1AADF84A
:104180000230FDF7E9F804B010BD02460B6808469E
:104190009B69111D1847002804DD0029CCBF0020B1
:1041A0000120704701207047064B1A88824207D8C9
:1041B000054B1B8813449842ACBF00200120704778
:1041C00000207047B2630220B063022008B50146A8
:1041D000FFF7EAFF18B1024B1B6853F8210008BD36
:1041E000B463022038B50446FFF7DEFFE8B10F4B99
:1041F0000E221B88E31A0E4C53432568EA18127BE3
:1042000012F0200210D0B1F90020EA522268B1F970
:1042100002501A44558022681344B1F904209A8050
:10422000B1F90620DA8000E0104638BDB263022002
:10423000B86302202DE9F34706460C46FFF7B4FFAA
:1042400008B9002073E0B1F90470B1F9069038465E
:104250004946FFF7A0FF0028F3D1364BB3F80080A2
:104260000E23A6EB080803FB08F8334BD3F800A095
:104270000AEB08052B7B9B06E3D521462846FEF773
:10428000DBFA002853D129462046FEF7D5FA00B1C3
:1042900046E0B4F900203AF908309A4213D1B5F952
:1042A0000430BB420FD120686B46616803C32946C6
:1042B0006846FEF7EAFAB5F90630BDF906204B4428
:1042C000934200DC18E0B4F90220B5F902309A42BA
:1042D00017D1B5F906304B4513D120686B4661689C
:1042E00003C329466846FEF7D0FAB5F90430BDF994
:1042F00004203B44934204DC69463046FFF772FFDA
:1043000015E0B5F9043009FB07F7B5F906101846B2
:10431000FFF741FF08B9594300E00021B94290DAA4
:104320002146304602B0BDE8F047FFF75BBF02B060
:10433000BDE8F087B2630220B8630220124A038806
:104340001288934203D2114A1421126808E01049DE
:10435000098811448B4208DA9B1A0E4A0E21126812
:1043600001FB0323B3F9080070474FF6FE72934236
:1043700008D1094B1B780BB9084B00E0084BB3F987
:104380000000704700207047B2630220BC63022027
:10439000B0630220B86302205A63022060630220E7
:1043A0005E630220124A03881288934203D2114AA4
:1043B0001421126808E01049098811448B4208DA78
:1043C0009B1A0E4A0E21126801FB0323B3F90A005F
:1043D00070474FF6FE72934208D1094B1B780BB918
:1043E000084B00E0084BB3F900007047002070470D
:1043F000B2630220BC630220B0630220B8630220D3
:104400005A6302205E63022060630220124A03881E
:1044100011888B420BD2114A126812B152F8230054
:10442000C0B90F4A116814225343C85870470D4A47
:1044300012880A44934204DA084A126852F82300A8
:1044400070474FF6FE72934203D1074B1B68986C7E
:1044500070470020704700BFB2630220B46302209F
:10446000BC630220B063022068630220254B0288EF
:104470001B889A4223D2244B14211B6801FB023370
:10448000586800283CD021490968002938D051F8E3
:104490002210002934D05A89188950435A7CDB7C79
:1044A000C2F34212C3F3421343EAC2035BB20B2BC3
:1044B00018BF4000033020F003000844704714493F
:1044C000098819448A421ADA1249D31A08680E2157
:1044D00001FB0300037B03F01F030B2B0BD141896E
:1044E00003894B4309490333096823F0030351F857
:1044F0002200184470470D2B01D10D307047002069
:10450000704700BFB2630220BC630220B463022084
:10451000B0630220B8630220204A10B503881288D5
:1045200093421BD21E4A1421126801FB0322517CC4
:10453000D07CC1F342111B4AC0F34210126840EA1A
:10454000C10040B242B152F823302BB10E2823D023
:104550000F281DD010281DD0C0B21EE012490988B6
:1045600011448B4209DA9A1A104B0E211B6801FB89
:104570000233187B00F01F000FE04FF6FE729342EB
:104580000AD1FDF755F90368BDE810401B6B1847C9
:10459000012002E0022000E0002010BDB2630220F2
:1045A000BC630220B4630220B0630220B86302201F
:1045B00010B503680C461B6B9847031B58425841C3
:1045C00010BD0000014B1960704700BFC06302209E
:1045D0001820704701207047024B188800EB4000FC
:1045E00080B2704760630220FF2B10B504464AD0AA
:1045F0000B2A15D8032A09D88DE02D3A062A1ED891
:10460000DFE802F0132E273F3D3F3D00043A072A22
:1046100000F28180DFE802F02D2B7F7F2F312F31D8
:10462000A2F12C03072BE8D975E04A68507813787B
:10463000002870D193B1012B08BF60696CE04A6813
:1046400050781378002866D17BB1012B08BFE06851
:1046500062E04A681378527813435CD1606A5BE089
:104660004A6813785278134355D1E06954E0406B9F
:1046700052E0C06A50E0C06B4EE0406C4CE0606DB0
:104680004AE0E06C48E00B2A14D8032A09D842E03B
:104690002D3A062A1CD8DFE802F0122B243C3A3CC3
:1046A0003A00043A072A36D8DFE802F02B293535DC
:1046B0002D2F2D2FA2F12C03072BE9D92BE04A68CF
:1046C0005078137838BB8BB1012B08BFA06923E069
:1046D0004A6850781378F0B97BB1012B08BF206984
:1046E0001AE04A6813785278134314D1A06A13E091
:1046F0004A681378527813430DD1206A0CE0806B1E
:104700000AE0006B08E0006C06E0806C04E0A06D3D
:1047100002E0206D00E0002010BD00002DE9F04314
:104720008BB00C4615469DF84860002E00F0A38023
:10473000286806AA6968514F03C21868596803C2FD
:1047400006A8FDF77BFF294608A8FDF7BBFFBDF9CA
:104750002010BDF92220BDF81C30386813FB02136D
:10476000BDF92480BDF9265003EB43031C44BDF87A
:1047700018301944BDF81A301A44ADF82010ADF8BD
:1047800022200368DB6B9847FF2E02D010F0040F45
:1047900001E010F0010F386814D000230268ADB2B8
:1047A000039621460195CDE90433BDF81C300293F0
:1047B0001FFA88F30093BDF82230956CBDF82020D5
:1047C000A84758E00368DB6A98472D4ABDF922C024
:1047D000FF2E1388BDF9201003FB05F503FB0C1118
:1047E000BDF91CC005EB450501EB4101084408EB90
:1047F000480105443CD0A3EB0803ACEB080CC6F120
:10480000FF0E03EB43030CEB4C0C15E000EB01082F
:104810000EE0027814F8019B12FB0EF209FB06224F
:1048200092B202F1010909EB1222121200F8012BD7
:104830004045EED318446444A842E7D3386803687F
:104840001B6B984717E0431803E014F8016B00F85E
:10485000016B9842F9D31388A3EB080303EB4303DE
:104860001844BDF91C30A3EB080303EB43031C44BD
:10487000A842E8D3E2E70BB0BDE8F083686302200A
:10488000606302202DE9FF41002300933F4B1B781A
:104890000BB93F4A00E03F4AB2F90020ADF80420CE
:1048A0000BB93C4B00E03A4BB3F9003002AC08685E
:1048B000ADF8063002AB4968374D03C36946204660
:1048C000FDF700FF6846FDF7B9FEBDF80830BDF8FA
:1048D000002028681344BDF80220ADF80830BDF868
:1048E0000A301344ADF80A300368DB6B9847C307FE
:1048F00006D52868036894E806001B6E984742E0D6
:104900002868BDF90C600368BDF90E805B6B9847A1
:10491000BDF90820BDF80A10BDF804301C4F13FB88
:10492000012303EB4303C41828680368DB6A984734
:104930003A88BDF90A30BDF9081002FB031108FBE3
:1049400002F201EB410102EB4202431806EB460082
:104950001A4412E0191803E014F801CB03F801CB54
:104960008B42F9D33988891B01EB41010B44BDF916
:104970000410891B01EB41010C449342EAD32868DF
:1049800003681B6B984704B0BDE8F0815A630220AE
:10499000606302205E630220686302202DE9F04715
:1049A00088B006460F46904605A81D46ADF814305F
:1049B000FFF72CFD3368044605A8D3F81CA0FFF7C9
:1049C000BDFC814605A8FFF7EDFC43463A4631465B
:1049D0000094CDE9019006A8D04706A92846FFF724
:1049E00029FC204608B0BDE8F08700002DE9F04F13
:1049F0008DB081460C461646BDF8587098469DF815
:104A00005CA027F00205082D00F07882042F40F00A
:104A1000DB83BAF1FF0FB54D1ED12046FFF7F6FC40
:104A200002902868B24D0368DB6A984771680746B0
:104A300008AB306803C308A8FDF700FED8F80000F3
:104A4000D8F804100AAB03C331460AA8FDF73AFEB2
:104A50002B78012B0CD107E028680368D3F8AC3021
:104A600098470128D9D0A8E32046FFF79BFC02E035
:104A70002046FFF763FC2B7800902046012B02D1E3
:104A8000FFF75CFC01E0FFF78DFC009B0004BDF923
:104A900022201E04BDF924300138DFF85C92013B6E
:104AA000013EB9F80010012B38BF0123B6FBF3F625
:104AB000BDF92630013B012B38BF0123BAF1FF0FAE
:104AC000B0FBF3F30393BDF92A30BDF920001A447B
:104AD000BDF92830034401FB023303EB43031F44B9
:104AE00000F0FD817300DFF8148205930023C346B4
:104AF000019336E1019B0021BDF92A50BDF9284000
:104B00001D44039B74435D43009B2D0C5D43029B3E
:104B100005EB45051D445BE0434608F1FF01220C0F
:104B200034440F3302EB4202A818AA5C03F80F2C9E
:104B3000427803F80E2C827803F80D2C220C3444B2
:104B400002EB4202A818AA5C03F80C2C427803F886
:104B50000B2C827803F80A2C220C344402EB42021C
:104B6000A818AA5C03F8092C427803F8082C82786C
:104B700003F8072C220C344402EB4202A818AA5C6A
:104B800003F8062C427803F8052C827803F8042CED
:104B9000220C344402EB4202A818AA5C03F8032C4E
:104BA000427803F8022C827803F8012C9942B6D19E
:104BB0004046FF21FCF7D5F841465346552248466A
:104BC000FCF7D0F84B4B0499D84518BF5B46984684
:104BD00001F15503BDF92CC001EB41096345049374
:104BE000B94499DD614580F2B1803444424672E0B7
:104BF000020C0831240C02EB420204EB4404AF180F
:104C0000AA5C03F8182C7A7803F8172CBA7803F802
:104C1000162C2A192C5D03F8154C547803F8144C03
:104C2000927803F8132C059A8418220C344402EB72
:104C30004202A818AA5C03F8122C427803F8112C3F
:104C4000827803F8102C220C344402EB4202A8189C
:104C5000AA5C03F80F2C427803F80E2C827803F834
:104C60000D2C220C344402EB4202A818AA5C03F873
:104C70000C2C427803F80B2C827803F80A2C220CB7
:104C8000344402EB4202A818AA5C03F8092C4278CB
:104C900003F8082C827803F8072C220C344402EB2A
:104CA0004202A818AA5C03F8062C427803F8052CE7
:104CB000827803F8042C220C02EB4202A818AA5CAA
:104CC00003F8032C427803F8022C827803F8012CB5
:104CD000059A14441A4601F1070EA01B02F11803AD
:104CE0000F46F44584DCA2EB080419E06863022057
:104CF0005A630220000400206063022000050020A7
:104D0000030C03343044013703EB4303E918EB5C35
:104D100002F8033C4B7802F8023C8B7802F8013C25
:104D2000BC4502F10302EBDC40462146FCF719F8D2
:104D30000322534641464846A144B4FBF2F2FCF735
:104D400011F8AD4BD84518BF5B469846AB4B1F8852
:104D5000BDF92C30FF1A019B07EB470701334F4485
:104D60000193BDF92E30019A9A42FFF6C3AE1CE2C0
:104D7000BDF92A304FF0000C039A2B44BDF92810DE
:104D80005343009A01FB06611B0C0EEB01005343D9
:104D9000029A03EB4303134477E0270C0CF1080C51
:104DA000090C07EB470701EB410103EB0708DF5D47
:104DB00002F8187C98F8017002F8177C98F80270D5
:104DC00002F8167C5F18595C02F8151C797802F815
:104DD000141CB97802F8131C04EB0E010C0C04EB44
:104DE00044041F191C5D02F8124C7C7802F8114C27
:104DF000BC7802F8104C040C304404EB44041F1936
:104E00001C5D02F80F4C7C7802F80E4CBC7802F85E
:104E10000D4C040C04EB44041F191C5D02F80C4CEF
:104E20007C7802F80B4CBC7802F80A4C019C2144B7
:104E30000C0C314404EB44041F191C5D02F8094CAE
:104E40007C7802F8084CBC7802F8074C0C0C314412
:104E500004EB44041F191C5D02F8064C7C7802F830
:104E6000054CBC7802F8044C0C0C714404EB44046F
:104E70001F191C5D02F8034C7C7802F8024CBC78C8
:104E8000174602F8014C049C2044BDF92CB00CF1EB
:104E9000070A8C1B07F11802D345E0463FF77DAFA8
:104EA00010E0220C08F1010834440F4602EB4202E4
:104EB00098189A5C01F8032C427801F8022C827849
:104EC00001F8012CBDF92C20F91C4245E9DCB9F8A8
:104ED000003001359B1A03EB43031F4408E006EB47
:104EE000460300254FEA460E0193C6EBC603049322
:104EF000BDF92E309D42FFF63BAF58E1404D28688A
:104F00000368D3F8AC309847012840F056813068E8
:104F100008AB716803C308A8FDF790FBD8F8000040
:104F2000D8F804100AAB03C33146364E0AA8FDF781
:104F3000C9FB33782046012B02D1FFF733FA01E099
:104F4000FFF7FCF9337800902046012B02D1FFF7E0
:104F5000F5F901E0FFF726FA009B00044FF0000B83
:104F6000294F1E04BDF924300138013B013E012BBD
:104F700038BF0123B6FBF3F6BDF92630013B012B08
:104F800038BF0123B0FBF3F320460393FFF73EFA4B
:104F9000049028680368DB6A9847BDF92A30BDF998
:104FA0002220BDF920401A44144B1988BDF928303D
:104FB000234401FB023303EB430300EB03087300BC
:104FC000029306EB4603079306EB8603069306233C
:104FD00073430593E4E0BDF92A500022039B5D442E
:104FE000BDF928405D43009B74432D0C5D43049B39
:104FF00003EB850556E000BF00040020606302203B
:10500000686302205A63022000050020079A3B468D
:1050100007F58070A218210C3444203355F8211074
:1050200043F8201C210C55F8211043F81C1C911B3F
:10503000090C55F8211043F8181C110C324455F88E
:10504000211043F8141C110C324455F8211043F878
:10505000101C110C55F8211043F80C1C06990C4437
:10506000210C344455F8211043F8081C210C344419
:1050700055F8211043F8041C984205990A44CAD1F6
:1050800038464FF48071FBF76CFE53464022394698
:105090004846FBF7BDFE514A514B9F4208BF13469D
:1050A000019A1F4602F14003BDF92C0002EB4209B0
:1050B00083420193C144A9DD824265DAA119A0EBC4
:1050C000020E3B464FF0000C2EF0070E019135E02A
:1050D0004FEA11480CF1080C55F8284043F8204CD1
:1050E000019C240C55F8244043F81C4C029C0C19DC
:1050F000210C344455F8211043F8181C210C344479
:1051000055F8211043F8141C210C344455F8211093
:1051100043F8101C210C344455F8211043F80C1CA2
:10512000210C344455F8211043F8081C210C55F883
:10513000211043F8041C0299611801910199F4456A
:1051400003F12003A1EB0601C2D1644606E00B0C7B
:10515000314455F8233047F824300134131998426C
:10516000F5DCA1003846FBF7FCFD224653463946E4
:10517000484604EB4404FBF74BFE194B174AA14485
:105180009F4208BF13461F46164B0BF1010BB3F8A5
:105190000080BDF92C30A8EB030808EB4808C84490
:1051A000BDF92E309B45FFF616AFFBF7D9FD0E4B30
:1051B000186803681B6B98470DE04346324621464A
:1051C0004846CDE9167A01E0CDE9167A0DB0BDE882
:1051D000F04F01F05BBB0DB0BDE8F08F0004002084
:1051E000000500206063022068630220F0B50646D7
:1051F00087B017461C46002B3ED0B1F90430002B77
:105200003ADDB1F90630002B36DD086804AB496899
:105210001A4D03C304A8FDF711FA28680368DB6B75
:105220009847FF2C02D010F0080F01E010F0020F99
:105230002868036810D000223946CDE90242BDF843
:1052400016200192BDF814200092BDF810205C6E6B
:10525000BDF81230A0470FE0DB6A98473368084A70
:1052600001463046CDE900749C6A04AB1288A04721
:10527000286803681B6B984707B0F0BD686302207D
:10528000606302202DE9F0419DF81C40DDF818E034
:10529000002C69D0B3F90450002D65DDB3F9060088
:1052A000002861DDB3F902705043B3F90060FF2CB0
:1052B00000EB4000CEF3072C02FB0766A2EB0502D1
:1052C000CEF307475FFA8EF306EB460602EB420287
:1052D000314405EB4505084444D0C4F1FF0667435B
:1052E0000CFB04FCB6B25C432EE001EB050E8846D5
:1052F00024E018F8033C13FB06F323449BB2591C2B
:1053000001EB13231B1208F8033C18F8023C13FBB3
:1053100006F363449BB2591C01EB13231B1208F8DC
:10532000023C18F8013C13FB06F33B4499B2C3F36B
:10533000072301310B441B1208F8013C414608F1D8
:1053400003087145D5D311448142CED30CE04C19EA
:1053500005E00B70033101F802CC01F8017CA14299
:10536000F7D311448142F2D3BDE8F0812DE9F04F2B
:1053700091B0B3F900B0B3F902A09046BDF96C70DA
:105380000446BDF970500AA80E461946ADF828B07B
:10539000ADF82AA0ADF82C70ADF82E50FBF79EFFAB
:1053A00041460AA8FBF79AFF754BB3F800C0B3F962
:1053B00000E0744B1888B3F90010BDF92830002BB9
:1053C00007DABDF82C201344ADF82C300023ADF8DB
:1053D0002830BDF92820BDF92C80AEEB020398459A
:1053E000C4BFACEB0203ADF82C30BDF92A30002B62
:1053F00007DABDF82EE07344ADF82E300023ADF887
:105400002A30BDF92A30BDF92EE0C91A8E45C4BF35
:10541000C11AADF82E105C49097819B9BDF92C10E4
:10542000614502E0BDF92E108142BDF92C9014BFF8
:1054300000210121BDF92E80B9F1000F049153DD47
:10544000B8F1000F50DDA3EB0A03A2EB0B020DF144
:10545000280B0EA91BB20CA812B2ADF83C70039336
:10546000039B0292ADF832300023ADF830200E934A
:10547000ADF83E50ADF83490ADF83680FDF722F926
:105480005846424FFDF7DAF80EA8FDF7D7F8404B23
:10549000BDF93CA030461B880AEB4A0505933368EA
:1054A0002DB25B6B9847BDF832100322BDF8303047
:1054B00011FB05F10646386813FB02131A991944CB
:1054C000036809915B6B9847BDF9283006900793F4
:1054D0003868BDF92A3008930368DB6B984710F0F1
:1054E000010F099906D110E0002323806380A38077
:1054F000E38040E03868BDF93450036800951D6FC3
:105500000B469BE80600A8472DE0089B0322049861
:1055100006FB03FB079B13FB02B2069B13441A46D0
:10552000BDF9363040B10598824505D138687343DE
:105530000568AD6BA84716E005FB0317DFF84CA024
:105540000FE0DAF80000BDF934C00368CDE90412B9
:10555000D3F838B00CEB4C03D847059A0499324481
:105560002944B942EDD3029BA4F804902380039B05
:10557000A4F806806380204611B0BDE8F08F00BF1C
:1055800064630220626302205A630220686302207F
:105590006063022000220E49C0E901220160C0E9D7
:1055A0000322C0E90522C0E90722C0E90922C0E9B7
:1055B0000B22C0E90D22C0E90F22C0E91122C0E987
:1055C0001322C0E91522C0E91722C0E91922704749
:1055D000ECD802082DE9F04F14468FB007460E466E
:1055E00020680AAA61689DF86080DFF8A491DFF85E
:1055F000A4A103C21868596803C20AA8FDF71EF8DF
:1056000021460CA8FDF75EF8BDF93020BDF9323017
:10561000BDF82C10D9F8000011FB0321BDF934406E
:10562000BDF936500F44BDF828100A44ADF83020BB
:10563000BDF82A201344ADF832300368DB6B98477D
:1056400010F0800FD9F800001DD00123002201685E
:10565000ADB2A4B2CDE908320B220792BAF800200D
:10566000CDF8108002950194CDE90532BDF82C30BB
:1056700032460393BDF832300093BDF830300C6CE5
:105680003946A04781E00368DB6A9847BAF8001002
:10569000BDF93220BDF930304D43BDF92CC001FBBE
:1056A000023305EB4505091BACEB040C03EB43038C
:1056B00001EB4101184404EB440205445EE000EBB9
:1056C000020EC31C55E017F8014B013406EB840AA7
:1056D0009AF8030000284BD000EA080916F8244085
:1056E000B9F1FF0F0AD103F8034C9AF8010003F84F
:1056F000020C9AF8020003F8010C39E008FB00F0F4
:1057000013F803BC00F10109000A10FA89F04FEA0E
:1057100010296FEA102014FB09F4C0B20BFB0044FF
:10572000A4B204F1010B0BEB1424241203F8034C74
:1057300013F8024C9AF801B014FB00F40BFB094477
:10574000A4B204F1010B0BEB1424241203F8024C55
:1057500013F8014C9AF802A014FB00F40AFB094468
:10576000A0B2C4F3072401300444241203F8014C0E
:105770000333D81E7045A6D308446744A8429ED37D
:10578000034B186803681B6B98470FB0BDE8F08F98
:1057900068630220606302202DE9F04F144691B047
:1057A0000746884620680CAA61689DF86890DFF873
:1057B00094A1634E03C21868596803C20CA8FCF791
:1057C0003DFF21460EA8FCF77DFFBDF93820BDF94D
:1057D0003A30BDF83410DAF8000011FB0321BDF9AE
:1057E0003C40BDF93E500F44BDF830100A44ADF8BE
:1057F0003820BDF832201344ADF83A300368DB6B33
:10580000984710F0800FDAF800001CD00023012127
:105810000268ADB2A4B2CDE908130B21079131881B
:10582000CDF8109002950194CDE90531BDF83430E2
:1058300039460393BDF83A300093BDF83830146C04
:105840004246A04778E00368DB6A98473388BDF991
:105850003A10C9F1FF06BDF938205D434FF0040C42
:10586000B6B203FB012205EB45051B1B032102EB2E
:10587000420203EB430310440B9342190A92BDF911
:105880003420121B04EB44044EE000EB040EC31C56
:1058900043E02D78B9F1FF0F07F1010711FB05C5B2
:1058A00008EB050018F805B02ED013F8035C15FBC3
:1058B00006F50BFB0955ADB205F1010B0BEB152BF2
:1058C00013F8025C15FB06F54FEA2B2B03F803BC1B
:1058D00090F801B00BFB0955ADB205F1010B0BEBD4
:1058E000152B4FEA2B2B03F802BC857813F8010C1B
:1058F00010FB06F005FB090085B2C0F30720013557
:105900002844C0F3072005E003F803BC457803F8FA
:10591000025C807803F8010C0333D81E3D467045C5
:10592000B7D30B9B174418440A9B9842ADD3DAF8BF
:10593000000003681B6B984711B0BDE8F08F00BFF3
:105940006063022068630220F0B40C4611469DF8A3
:1059500014501A460F78049B4E7817B1012F16D0B9
:1059600030E0032E2ED8DFE806F00207090B2046B0
:105970000495F0BCFFF72EBEC06D02E0006E00E0A3
:10598000406EF8B10668CDE90435F56814E0032EE1
:1059900018D8DFE806F00207090B20460495F0BC92
:1059A000FFF7FABEC06D02E0006E00E0406E48B145
:1059B0000668CDE90435B5681346AC460A4621466B
:1059C000F0BC6047F0BC70472DE9F04704468EB04C
:1059D0000E461D46002B00F0F38008680AAB4968AC
:1059E000DFF8E89103C31068516803C30AA8FCF705
:1059F00025FE31460CA8744EFCF764FEBDF930203C
:105A0000BDF93230BDF82C10306811FB0321BDF90F
:105A10003480BDF9367004EB4104BDF828100A4407
:105A2000ADF83020BDF82A201344ADF832300368B9
:105A3000DB6B9847FF2D02D010F0040F01E010F04F
:105A4000010F30681AD0002301210268BFB206930B
:105A5000CDE90713B9F8001003950197CDE904319A
:105A6000BDF82C30214602931FFA88F30093BDF84D
:105A70003230556CBDF83020A847A1E00368DB6ADE
:105A80009847B9F80030BDF93220FF2DBDF930102C
:105A900003FB07F703FB021107EB4707A3EB080320
:105AA00001EB410103EB430300EB010208EB48006B
:105AB00002EB0701BDF92C70A7EB08074FEA470777
:105AC0007BD06FEA050C5FFA8CFC4EE002EB000E17
:105AD000904643E034F8029B4FEAC9025FFA82FA2B
:105AE000C2F342124AEA020A18F8032C12FB0CF223
:105AF0000AFB052292B202F1010A0AEB12221212EB
:105B000008F8032C4FEAD9024FEA192902F0FC0ADF
:105B1000C2F381124AEA020A18F8022C12FB0CF2B4
:105B20000AFB052292B202F1010A0AEB12221212BA
:105B300008F8022C09F0F80242EA591918F8012C69
:105B400012FB0CF209FB05221FFA82F9C2F30722AD
:105B500009F101094A44121208F8012C424608F1E1
:105B600003087245B6D31A443C448A42AED3306827
:105B700003681B6B984723E002EB000E19E034F832
:105B8000025B0332C5F3820C4CEAC50C02F803CC6D
:105B90004FEAD50C2D0A0CF0FC08CCF3811C48EA26
:105BA0000C0C02F802CC05F0F80C4CEA551502F882
:105BB000015C7245E3D31A443C448A42DCD3D6E705
:105BC0000EB0BDE8F08700BF68630220606302206A
:105BD0002DE9F0478AB00D4604461F46086806AB1B
:105BE0004968DFF8888103C31068516803C306A8B9
:105BF000FCF724FD294608A8FCF764FDBDF9202028
:105C0000BDF92230BDF81C10D8F8000011FB0321AB
:105C1000BDF92460BDF9265004EB8104BDF81810CD
:105C20000A44ADF82020BDF81A201344ADF8223004
:105C30000368DB6B9847FF2F02D110F0200F01E0C3
:105C400010F0400FD8F80000036811D00022ADB268
:105C5000B6B2214601950096CDE90372BDF81C202D
:105C60000292BDF820205D6DBDF82230A84777E094
:105C7000DB6A98473C4BBDF922101B88BDF92020F8
:105C80005D43BDF91CC003FB01229B1BACEB060C62
:105C900005EB450502EB420203EB430310444FEAD8
:105CA0008C0C06EB4606054453E000EB060EC21CC6
:105CB0004AE0E078002845D007EA00092178B9F1E8
:105CC000FF0F06D102F8031C617802F8021CA178CC
:105CD00036E0784312F803AC00F10109000A10FA2B
:105CE00089F04FEA10296FEA102011FB09F1C0B2C8
:105CF0000AFB001189B201F1010A0AEB1121091214
:105D000002F8031C12F8021C94F801A011FB00F128
:105D10000AFB091189B201F1010A0AEB11210912EA
:105D200002F8021C12F8011C94F802A011FB00F109
:105D30000AFB091188B2C1F307210130014409129D
:105D400002F8011C04340332D01E7045B1D318444C
:105D50006444A842A9D3D8F8000003681B6B984795
:105D60000AB0BDE8F08700BF6063022068630220CC
:105D70002DE9FF479DF8345006460C469246994659
:105D80000C9F002D63D00846FEF7D8FA80462046C7
:105D9000FEF708FBADF80E002046ADF808A0ADF800
:105DA0000A90ADF80C80FEF7B7FB10284FD8DFE85B
:105DB00000F0222B094E4E4E4E4E4E4E4E124E4E7F
:105DC0004E403A002046FEF721FB2B463A4602A9F8
:105DD000FFF7FEFE3BE02046FEF718FB804620461C
:105DE000FEF744FB02AB024641463046CDE9007562
:105DF000FFF7AAFD2BE02046FEF708FB2B463A46AC
:105E000002A9FFF7E1FD22E033682046D3F81080B5
:105E1000FEF7FCFA0023014602AA3046CDE9005302
:105E20003B46C04713E0B66E8EB13368D3F80880A6
:105E300004E0B66E5EB13368D3F80C802046FEF7FE
:105E4000E5FA3B46014602AA30460095C04704B039
:105E5000BDE8F087F0B415461C460E46049A012DA5
:105E60009DF814300CD0022D05D09DB92146304646
:105E7000F0BCFFF7A9BD21463046F0BCFFF7A8BE35
:105E800005680026CDE904362D6913462246AC4646
:105E9000F0BC6047F0BC704760B103291DD8DFE853
:105EA00001F0021A06170E4B1888404270470C4B3F
:105EB00018887047032910D801A353F821F000BFB8
:105EC000D75E0208AF5E0208D15E0208A75E020834
:105ED0004FF0FF307047012070470020704700BF2F
:105EE0006063022060B103291DD8DFE801F01702CA
:105EF00019050E4B188870470C4B188840427047A4
:105F0000032910D801A353F821F000BFF35E020863
:105F1000215F0208F95E02081D5F02080120704738
:105F20004FF0FF3070470020704700BF60630220D1
:105F30002DE9F04F97B09DF89C000D9112A910909B
:105F40009DF8A400BDF9805009909DF8A800BDF807
:105F50008CA00A90DDF898809DF8ACB081E80C0028
:105F6000DDE92421BDF98430B2F900C0B2F9049012
:105F7000B2F90260B2F906E04A7B8F7950010B93C7
:105F8000CC7900F48070BDF88830074300F0F581CB
:105F9000120102F4807222430E9200F0EE8191F918
:105FA000092092B243B1991A8CB2090407D5EB1AB1
:105FB000002413441DB202E02A441C4615B2654574
:105FC0001FFA8CF376440B9AB8BFE418994433B2A5
:105FD00012A8BCBF641B65460F930FFA89F9A54B45
:105FE0002946B8BFA4B21B78BEB20C935B4601F041
:105FF0001DF92946ADF854005B460B9A12A801F032
:1060000033F90DF15601ADF8560015A8FCF7D4FA96
:10601000BBF1000F03D10C9B012B08D1A6E0BBF113
:10602000010F40F0A3800C9B012B40F09F800B9A46
:106030000F9B9B1A0E9AA2EB0A029342A8BF13462B
:10604000002B119340F399818B4908680268D26B49
:10605000904710F4807C8849119B0BD0099A042A40
:1060600006D1109AB2F1000C18BF4FF0010C01E0FC
:106070004FF0000C820540F17B81BCF1000F4ED047
:10608000721C92B222F0010E1FFA8EFECCB9E819F2
:10609000484516DC086851089BB202680AFB01817A
:1060A00006944FF4807405940A9C0494289CCDE9CE
:1060B00000E3CDE902E4BDF85630946DBDF85420FC
:1060C00052E0281BA9EB0000B842D4BFC4EB000C7F
:1060D000C4EB070CBCF1000F00F04F81E00745D482
:1060E0001CF0010042D10D68520864089BB20AFB03
:1060F00002412A6806904FF4807001931FFA8CF3D6
:10610000059041440A98009304902898BDF85630B1
:10611000CDE902E02846946DBDF8542024E02A1B06
:106120000998A9EB0202BA42A8BF3A4608281DD135
:10613000944200F02281086807FB0A414FF400777F
:10614000121B05689BB2059792B20A9F41440193C6
:106150000497289F0092CDF818C0BDF85630BDF8BE
:106160005420CDE90267AC6DA04706E1109B53B106
:106170000823099AB3FBF2F35E1E3E44B6FBF3F626
:1061800016FB03F6B6B254EA0A03BDF838200AD06B
:10619000099B0AFB0641A2EB0A02594392B201F0A5
:1061A000070308EBD108119359460C9B013BD3F12F
:1061B000000A4AEB030A5046FFF76EFE834650463C
:1061C000FFF790FE0F9B0B998246591A8A42A8BF8F
:1061D0000A46002A40F3D1802D1BA9EB0505BD42DC
:1061E000D4BFC4EB0504C4EB0704002C40F3C58006
:1061F000361B099B0D9973430C93289BC3F30743EC
:106200000E93289BC3F307230F93289BDBB21093B5
:10621000119B49B91849119208680B930168C96A22
:1062200088470B9B119A00E00D98099D012104FB02
:106230001BAA0BEB4B0CA940013A0AEB4A0A0139A5
:106240000CFB04ABC9B20B91FF210B9DB1FBF5F127
:1062500011910A49BDF956500E88BDF9541006FB3C
:10626000051101EB4101084498F800101941C9B229
:1062700072E000BF5A63022068630220606302205C
:106280000B9D15EA010747D0119D6F43FE2F02DDDC
:106290000A9DFF2D3AD00A9D96F800A015FB07F73E
:1062A000BFB27D1C05EB1725109FC5F3072517FB13
:1062B00005F76FEA050E5FFA8EFE0AFB0E77BFB296
:1062C00007F1010A0AEB172A0F9F17FB05F74FEAA0
:1062D0002A2A86F800A096F801A00AFB0E77BFB222
:1062E00007F1010A0AEB172A0E9F17FB05F54FEA83
:1062F0002A2A86F801A096F802A00AFB0E55ADB234
:106300006F1C07EB15273F12B77005E0109D357025
:106310000F9D75700E9DB570099D66442B449BB210
:10632000072B91BF294198F80110002308F10108BB
:1063300098BFC9B2B9F10109A2D20C9D4DB12B444D
:10634000C3F3CC0103F00703884498F80010194107
:10635000C9B2013A584403D304F1FF3906468FE726
:106360000D9B53B9064B186803681B6B984704E0F4
:10637000BCF1000F3FF4FAAE82E617B0BDE8F08F33
:106380006863022002460846394930B50B684CF272
:10639000402523F001030B604FF0E0214FF6F0732E
:1063A000D1F8004D1C40AC4206D0D1F8004D4CF263
:1063B00070251C40AC4219D12E4B1B68002B49D1D3
:1063C0002D4B1968C1F30B01B1F58A6F2DD01968F7
:1063D00040F28344C1F30B01A14226D01B6840F276
:1063E0008541C3F30B038B4234D11EE0D1F8004D3D
:1063F0004DF220251C40AC4206D0D1F8001D0B40C8
:106400004DF230218B4225D11C4B1D49D3F8F84F5A
:106410008C422BD101F12341D3F8FC4F01F52E0121
:1064200001F55D418C4209D020E0164B0121C3F8F3
:10643000081CD3F8081C0029FBD106E00121C3F891
:10644000081CD3F8081C0029FBD1C3F8002CD3F892
:10645000003C07E00C4B0121996099680029FCD1B0
:106460001A601B681B1A5842584100E0002030BDDA
:10647000002000E0002004E00010005C0040024624
:1064800001001700004002580030024001617047CF
:10649000837B4BB1038901339BB2072B038181BFFF
:1064A0000023438183818373704700002DE9F0430B
:1064B0001E4685B08388044690461C4AADF80630D7
:1064C000F31A00920F461BB2A28AC5880020002B47
:1064D000BDF830908DF80400B8BF5B42ADF80850AD
:1064E000ADF80A601BB2ADF80C90934208DCA9EB42
:1064F00005052DB2002DB8BF6D422DB2AA4211DAAA
:1065000020696946F71BA9EB080803685B68984790
:106510000023012067812381A4F80C80A680A4F8C1
:106520000690A07305B0BDE8F08300BF90D80208C4
:10653000F0B51E464B1E044685B0012B0D4617468E
:10654000006927D8B4F90A20D31C9BB2062B0CD9BA
:106550001C49636801910021ADF80A208DF80810EC
:1065600001A9039303689B689847B4F90C2020693C
:10657000D31C9BB2062B13D91249636801910121E8
:10658000ADF80A208DF8081001A9039303689B68F1
:10659000984705E021B9A280E680A160A181A1739E
:1065A000094B01A92069019300238DF80850ADF82B
:1065B0000A70ADF80C60ADF80E3003681B689847A0
:1065C00005B0F0BDA4D802087CD802080B79002BD6
:1065D0000CBF0123002370B5044690F82C600D46D3
:1065E00080F82C3004D126B12B79012B0DD106E097
:1065F0005EB1236820465B69984736B1F4E72368AB
:1066000020461B6EBDE87040184770BD2DE9F04F65
:10661000964697B0054614460E461F460DF11C0CD3
:10662000BDF888809DF88C90BDF890A0BEE80F0062
:10663000ACE80F00DEF8003004F1140ECCF80030A6
:106640000DF1300CBEE80F00ACE80F00DEF80030B2
:1066500004F1280ECCF800300DF1440CBEE80F0018
:10666000ACE80F00DEF800303146219A2846CCF81D
:1066700000302B680192209ACDF80880009207AA7A
:10668000CDE9039AD3F840B03B46D847A6460DF172
:106690001C0CBEE80F00ACE80F00DEF8003004F17F
:1066A000280E3C34CCF800300DF1300CBEE80F0061
:1066B000ACE80F00DEF80030CCF800300DF1440CEF
:1066C0000FCCACE80F00236831462846CCF80030E8
:1066D0002B68CDE9039A219ACDF808800192209A7F
:1066E000009207AA1C6C3B46A04717B0BDE8F08F8C
:1066F0002DE9F04F8DB088461968169C92ED094A35
:106700002468D2ED0B4AA4EB010C189CD3ED076A68
:10671000B4F900E0BDF87040DDF864900EEB0106BE
:106720006445D3ED0A1A93ED0D2AA8BF644607EE1F
:10673000904AB8EEE75AD2ED0D7AB9F9002025EE6D
:10674000044AB24265EE244A25EE275AF7EE007A53
:1067500071EEA40A32EE051A87EEA67A36EE840AA6
:1067600061EE871A22EE072A29DD951B95FBF4F7C7
:1067700007EE107A002F04FB1755B8EEC77AA7EE84
:10678000040AE7EE240AA7EE051A12DD70EE446A49
:1067900070EEE41A31EE452AF5EE406AF1EE10FA99
:1067A00014BF87EEA67AB0EE677A61EE871A22EE02
:1067B000072A07FB04FAACEB0A0C514401E000275E
:1067C0003D46B9F804904A440EEB010912B2E14487
:1067D0009145C4BFA2EB0E02A2EB010CBCF1000F6D
:1067E00050DD9CFBF4F104FB11C20AB901392246C9
:1067F000C7EE803A40689DF86CB02E44D0F800A0F7
:106800000029D4BF9146A1460B90179804FB076658
:10681000B0EE427ACDF824B00890F0EE617A189884
:106820005B69BEEEC87AB0F902B0FEEEC87A0B988A
:106830005B44079317EE103ACDE9058660EEA32A74
:1068400021EE233A72EEE16AFEEEC86A16EE90CAB5
:1068500073EE426A9CFBF4FCFEEEC86A16EE90EA08
:106860009EFBF4FE0EFB0533029317EE903A0CFBF1
:106870000533CDE903CECDE90043A9EB0503DAF8F2
:106880000840A0470DB0BDE8F08F00002DE9F04FA3
:106890000D461F460646084614462DED088BB2F9F4
:1068A0000630B3B0B2F904B00BEE903AFDF746FDF6
:1068B00009EE100A2846FDF775FD834B08EE900A95
:1068C000B8EEC99A1B78F8EEE88A9FED808A012B12
:1068D0000CD0F0EE689AF0EE68AAB0EE49BAF0EE8D
:1068E000498AB0EE48AAB0EE489A07E0F0EE499A1D
:1068F000B0EE68AAF0EE48AAB0EE48BA38680FAA1F
:1069000079680DF14C090DF13C084FF0000A03C203
:10691000C2E9000121881746BDF8443020680B44C5
:106920006188ADF84430BDF846300B446168ADF87D
:10693000463013AB03C34846FBF780FEB4F904109E
:10694000B4F906304046ADF8581015A9ADF85A30E4
:10695000CDF854A0FBF7B6FE3846FBF76FFE28468D
:10696000FDF754FD0446002800F0A88007EE90BA19
:1069700015AA0BA907A8B8EEE77A8DED078AF8EEFD
:10698000EB7A8DED0A8A8DED0B8A8DED087A8DED0F
:10699000097ACDED0D7ACDED0E7A8DED0C8AFBF7EF
:1069A00075FE15AA0CA908A8FBF770FE15AA0DA97B
:1069B00009A8FBF76BFE15AA0EA90AA8FBF766FE4D
:1069C000DDED0B7A8DED218AB0EE677ADDED087A88
:1069D0008DED229AF0EE676ADDED0C7ABEEECE7A8E
:1069E0008DED26BA8DED278AFEEECE6ACDED2B8A8F
:1069F00017EE103AB0EE677ADDED097A1F93B0EE2C
:106A0000676ADDED0D7A324BBEEECE7ACDED236AAC
:106A1000BEEECE6A209325932A9316EE100AB0EEAE
:106A2000676ADDED0A7A2F93BEEECE6A294B8DEDB3
:106A3000247A1B8816EE101AB0EE676ADDED0E7A26
:106A4000CDED2CAABEEECE6A8DED30AAFEEECE7A4A
:106A5000CDED319ACDF85CA016EE102A9DED076AB7
:106A6000CDED2E7ABEEECE6A2D92CDE928012846D4
:106A70008DED1E6ACDE91834FDF7F8FC1A90284612
:106A8000FDF75CFC1B902846FDF78CFC1C9028460B
:106A9000FDF754FC4FF6FF72336817A904929DF876
:106AA00014211D9030460392BDF81021CDF80090BE
:106AB000CDE901721EAA5C6C19ABA04733B0BDECE6
:106AC000088BBDE8F08F00BF5A6302200000000071
:106AD0000000C842606302202DE9F04FD9B01F4684
:106AE00006461446BDF890310E91394609939DF83B
:106AF00094310A93BDF898310F9303689D6CDDE9DA
:106B00000923A8477060002800F08B833B68F2EEF1
:106B1000047A94ED027A12937B68B4EEE77AA06966
:106B20001393B04B1978D7E90223002916BF1946F1
:106B300011461346F1EE10FA14916168CDE9153251
:106B4000E36A40F26E8394ED077AB4EEE77AF1EEF1
:106B500010FA40F2668394ED0C7AB4EEE77AF1EE27
:106B600010FA40F25E8327689F4A9742C0F2598329
:106B700065699542C0F25583A26ADFF87CC202F5CE
:106B80001C32FF32624500F24C83984A974200F370
:106B90004883954200F3458301F51C32944DFF3242
:106BA000AA4200F23E8300F51C32FF32AA4200F2F4
:106BB000388303F51C32FF32624500F23283814292
:106BC00006DA99420EDC98420FDA022501270EE020
:106BD000984211DC994216DA022503274FF000088B
:106BE000A94615E00125002708E001250227A9464E
:106BF000B8464FF0000A0DE000250127A946B84627
:106C00004FF0020A06E0022703254FF00009B846BC
:106C10004FF0010A214647A800F04AFB224653469E
:106C200047A917A8CDF8009000F030FC2246534643
:106C300047A927A8CDF8008000F028FC434622464B
:106C400047A937A8CDF8009000F020FCAF4210AF64
:106C5000B7BF0023012327AD17ACB1BF0D9317AD0C
:106C60000D9327AC0E9B93E8030087E8030028B937
:106C7000604B18680368DB6A98473860629B6169FB
:106C8000B3F90230639819440B93639BC088B3F93E
:106C900002302D9A184400B281420C900CDA9942CD
:106CA00080F29480002A40F391805B1A9342A8BF3F
:106CB000134603F1FF3B05E0002A40F3878002F111
:106CC000FF3B13462C99DDED317A01F1020E9DED6B
:106CD000326A9DED347A01F1010CDDED355ADE4466
:106CE000DDED2E6A9DED2F5A2B98DDED304A9DED9E
:106CF000334ADDED363ADDE92779DDE929A800E000
:106D0000DC46504477EE867A37EE257A4F4440458C
:106D100076EE856A08DB76EEA46A013777EE847A30
:106D2000A0EB080037EE237A0CF1010BDE45E7D12A
:106D300011442B90CDED2E6AA1EB0C018DED347A30
:106D4000CDED317A2797DDED217A9DED226A9DED1B
:106D5000247ADDED255ADDED1E6A9DED1F5A1B9844
:106D6000DDED204A9DED234ADDED263ACDE92CC12B
:106D7000DDE91C1CDDE9177ADDE919BE884603EB65
:106D80000109584477EE867A37EE257A57447045E4
:106D900076EE856A01F1010108DB76EEA46A01371F
:106DA00077EE847AA0EB0E0037EE237A4945E8D1DE
:106DB000C4441B90D21ACDED1E6AACEB01008DEDE0
:106DC000247ACDED217A1797CDE91C1063690DF176
:106DD00048080B9919440B460C99CF1A9742A8BF43
:106DE0001746B0E05A630220018FFDFF00710200D8
:106DF000FFE1040068630220FEE10400629B296851
:106E0000B3F90020639B1144B3F9003099421BDDB4
:106E100021680A44639989880B441BB29A4213DCA7
:106E20000F9A10A93368304606920A9A0095059287
:106E3000099A0492639A0392629ACDE9018247AA61
:106E4000D3F84C902346C84794ED0A7AD4ED0B7AD8
:106E5000D4ED0E6A37EE277AD4ED0D7AA16877EE7D
:106E6000A67A94ED086AD4ED076A84ED0A7A76EE84
:106E7000866AC4ED0D7AD4E90023C4ED076A1A448A
:106E80006369013322606361A369013BA3612369E4
:106E90000B44E1688B42236115DB94ED096A0132F2
:106EA0005B1A76EE266A22602361C4ED076AD4ED90
:106EB0000C6A36EE877A84ED0A7A94ED0F7A77EED3
:106EC000277AC4ED0D7A95ED0A7AD5ED0B7AD5EDDA
:106ED0000E6A37EE277AD5ED0D7AA96877EEA67A95
:106EE00095ED086AD5ED076A85ED0A7A76EE866A31
:106EF000C5ED0D7AD5E90023C5ED076A1A446B6923
:106F000001332A606B61AB69013BAB612B690B44B8
:106F1000E9688B422B6115DB95ED096A01325B1A3A
:106F200076EE266A2A602B61C5ED076AD5ED0C6AFC
:106F300036EE877A85ED0A7A95ED0F7A77EE277A25
:106F4000C5ED0D7A013F002F3FF758AF0D9B3D9ADD
:106F500013B117AD37AC01E037AD17AC629B616977
:106F6000B3F90230639819440B93639BC088B3F95B
:106F70000230184400B281420C900CDA994280F23F
:106F80009480002A40F391805B1A9342A8BF134675
:106F900003F1FF3B05E0002A40F3878002F1FF3B4D
:106FA00013463C99DDED417A01F1020E9DED426AF6
:106FB0009DED447A01F1010CDDED455ADE44DDED35
:106FC0003E6A9DED3F5A3B98DDED404A9DED434AB8
:106FD000DDED463ADDE93779DDE939A800E0DC4648
:106FE000504477EE867A37EE257A4F44404576EE68
:106FF000856A08DB76EEA46A013777EE847AA0EB27
:10700000080037EE237A0CF1010BDE45E7D111447D
:107010003B90CDED3E6AA1EB0C018DED447ACDEDB8
:10702000417A3797DDED217A9DED226A9DED247A34
:10703000DDED255ADDED1E6A9DED1F5A1B98DDED35
:10704000204A9DED234ADDED263ACDE93CC1DDE93C
:107050001C1CDDE9177ADDE919BE884603EB01093E
:10706000584477EE867A37EE257A5744704576EEA7
:10707000856A01F1010108DB76EEA46A013777EE3B
:10708000847AA0EB0E0037EE237A4945E8D1C44458
:107090001B90D21ACDED1E6AACEB01008DED247A67
:1070A000CDED217A1797CDE91C1063690DF14808E1
:1070B0000B9919440B460C99CF1A9742A8BF174653
:1070C000A4E0629B2968B3F90020639B1144B3F9E3
:1070D000003099421BDD21680A44639989880B447A
:1070E0001BB29A4213DC0F9A10A9336830460692FD
:1070F0000A9A00950592099A0492639A0392629AF9
:10710000CDE9018247AAD3F84C902346C84794EDB5
:107110000A7AD4ED0B7AD4ED0E6A37EE277AD4EDE5
:107120000D7AA16877EEA67A94ED086AD4ED076A25
:1071300084ED0A7A76EE866AC4ED0D7AD4E90023EE
:10714000C4ED076A1A446369013322606361A3696D
:10715000013BA36123690B44E1688B42236115DB8A
:1071600094ED096A01325B1A76EE266A2260236189
:10717000C4ED076AD4ED0C6A36EE877A84ED0A7A9C
:1071800094ED0F7A77EE277AC4ED0D7A95ED0A7AB1
:10719000D5ED0B7AD5ED0E6A37EE277AD5ED0D7A5F
:1071A000A96877EEA67A95ED086AD5ED076A85EDB0
:1071B0000A7A76EE866AC5ED0D7AD5E90023C5ED2B
:1071C000076A1A446B6901332A606B61AB69013B42
:1071D000AB612B690B44E9688B422B6115DB95EDA4
:1071E000096A01325B1A76EE266A2A602B61C5EDC8
:1071F000076AD5ED0C6A36EE877A85ED0A7A95ED49
:107200000F7A77EE277AC5ED0D7A013F002F3FF711
:1072100058AF0E9B1B6823B9034B186803681B6BA0
:10722000984759B0BDE8F08F6863022010B5032B72
:1072300018D8DFE803F002060C13B0F90000084488
:1072400011E003888188581800B2801A04E003888E
:107250008288981800B2401A013804E0B0F90000A2
:10726000104400E0002010BD10B5032B18D8DFE853
:1072700003F002060A10B0F90200104411E0B0F960
:10728000020008440DE04388C188581800B2801AF3
:1072900004E04388C288981800B2401A013800E020
:1072A000002010BD014B00221A607047C06302200D
:1072B000F7B58F6A4D69CA6A4E68ED1BA6EB0206E8
:1072C00006D033462EB16B4348BF0F331B1100E08D
:1072D0002B460C6801948C69A21A019CE41B06D011
:1072E00017462AB1674348BF0F373F1100E02746D2
:1072F000DB1B9FED656AF7EE006A00F10C0707EEF5
:10730000903A0346F8EEE77A67EE867A86EEA71A99
:10731000F1EE411AD1ED027A143186EEA77A51EDE1
:10732000027A67EE877AA3EC017ABB42C3ED027A58
:1073300051ED017A67EE877AC3ED057AEAD107EE5F
:10734000906A90ED027A90ED003AF8EEE73A07EE97
:10735000902A90ED015AF8EEE76A07EE904A35EE72
:10736000475A90ED082AF8EEE77AD0ED070A66EE64
:10737000866A33EE477A27EE864A07EE905A63EE26
:10738000863AF8EEE77A66EEC75A70EEC20A67EE02
:10739000867A90ED046AE5EE235A27EEC77AA5EEC9
:1073A000047A90ED035A65EE815AC0ED095A67EEF2
:1073B000214A90ED057A36EE476A35EE477AC0ED00
:1073C0000A4A66EEC72A27EEC77AE6EE232AA6EE19
:1073D000047A90ED066A36EE422A67EEC27A62EED1
:1073E000812A66EEC26AE0EE847A25EE654AC0ED37
:1073F0000B2AE0EEA36A27EE217AA3EE224A67EE7B
:10740000A17A80ED0C7A66EE816AB5EEC04AF1EEA3
:1074100010FA0EDC10D425EE645A47F6FF73A3EE83
:10742000075AB5EEC05AF1EE10FAA8BF4FF4004368
:1074300004E04FF4004301E047F6FF7366EE655A3F
:10744000C0ED0D6AC0ED0E7AC363E3EE265AF5EE89
:10745000C05AF1EE10FA0EDC10D426EE646A47F63C
:10746000FF73A3EE276AB5EEC06AF1EE10FAA8BF6B
:107470004FF4004304E04FF4004301E047F6FF738C
:10748000036403B0F0BD00BF0000803D2DE9F04172
:1074900014279C465F43D3195D6815F10F0601D48C
:1074A000361109E0C5F1010605F11E0316F00F06BD
:1074B00018BF0126C6EB23161423069C46615C43C5
:1074C0001319D3F804E01EF10F0301D41B1109E0D6
:1074D000CEF101030EF11E0813F00F0318BF0123B4
:1074E000C3EB28139B1B8361002B00F08E80D759C0
:1074F000AEEB050E14594FEA0E13E41B06FB04F81D
:1075000004FB05F2C2EB08120EFB0722013A02EB64
:107510000E1292FBF3FE002AC0F800E002DB03FB30
:107520001E220BE0524292FBF3F803FB1822026189
:107530002AB10EF1FF3E9A1AC0F800E00261240160
:1075400094FBF3F2002C426002DB03FB124409E0DF
:10755000644294FBF3FE03FB1E4484601CB1013AB9
:107560001C1B42608460C360C5EB0613DFED286A14
:1075700001EB8C0C07EE903A036891ED0A6AC7EBB9
:107580000313F8EEE77AD1ED095A07EE103A91EDC0
:107590000B5A67EEA67AC0ED095AB8EEC77A80EDAD
:1075A0000C5A27EE267ADCED006AE6EE276AE5EE55
:1075B000876AC0ED076AD0ED016AF8EEE66AA5EECB
:1075C000A66AD1ED0C5A80ED086A9CED036AA5EE1F
:1075D000A76AE6EE855AA5EE076A91ED0D5AC0ED51
:1075E0000B5AD1ED0E5A80ED0F5A80ED0A6A9CEDD0
:1075F000066AA5EEA76AE6EE855AF0EE467AC0ED79
:107600000E5AE5EE077AC0ED0D7ABDE8F08100BFB5
:107610000000803D4B08802B30B40182038070D085
:1076200016D9B3F5007F5FD036D9B3F5806F26D079
:10763000B3F5006F12D14FF46E65384C3849002312
:10764000384A8581846041604261184630BC704789
:10765000202B31D0402B06D0102B39D04FF0FF33E8
:1076600030BC1846704738252F4C30490023304A2B
:107670008581846041604261184630BC70474FF498
:10768000E1652C4C2C4900232C4A858184604160A3
:107690004261184630BC7047B3F5807FDED14FF4AD
:1076A000DC75274C27490023274A85818460416087
:1076B0004261184630BC70473025244C24490023D1
:1076C000244A8581846041604261184630BC70471D
:1076D0001425214C21490023214A85818460416081
:1076E0004261184630BC70474FF4E0751D4C1E498E
:1076F00000231E4A8581846041604261184630BC87
:107700007047D0251A4C1B4900231B4A8581846091
:1077100041604261184630BC704700BF48C703084B
:1077200040D90208B03A0308401A030808E50308E4
:10773000F809040830A4030830830308B01A0308CA
:1077400088060408B07A030808E70308E8B20308CB
:1077500030A303084019030840B20308B0820308AD
:1077600068B2030808EF030848B7030888F2030863
:10777000F80B040848B30308880204082DE9F04117
:10778000058A064617460C466D080580002B5ED11B
:107790001A46012300F0DEFBD4ED007A94ED017A65
:1077A000B6EE006A77EEA77A328837EE077A756907
:1077B000013AB0EE463A103507F1100677EE876AC7
:1077C00004EBC20077EEC77A04F11003083826EE06
:1077D000867A67EE867A87ED007AC7ED017A90EDBA
:1077E000027A013A53ED026AA0F1080015ED026A2F
:1077F00003F1080377EE667AD0ED053A13ED035AEC
:1078000077EE264A55ED015A06F1080666EE276A1C
:1078100005F1080533EE854A25EEA77A35EE635A61
:1078200076EEA46A26EE046A77EE057A65EE845A4F
:1078300077EEC67A36EEA57A67EE837A27EE037A7C
:1078400046ED037A06ED047AC9D1BDE8F081D1EDA9
:10785000007AF6EE003AD1ED016A681E756937EEDE
:10786000A67AC10077EEE67A27EE237A67EEA37A4E
:1078700082ED007AC2ED017AE0B3083904F110021A
:1078800010350C4407F1100194ED027A013852EDE5
:10789000026AA4F1080415ED026A02F1080276EE0C
:1078A000C77A94ED054A12ED035A77EE266A55ED34
:1078B000015A01F1080126EE273A05F1080574EE98
:1078C000054A25EEA77A35EE445A76EEC36A26EECF
:1078D000246A77EE057A65EEA45A77EEC67A36EE1C
:1078E000E57A67EEA37A27EE237A41ED037A01ED7C
:1078F000047AC9D11A46394630460123BDE8F04121
:1079000000F028BB2DE9F041074608462DED068B17
:10791000B7F800E07A684FEA5E0100EB8E085FEA94
:10792000DE0E00F0B0808B00103200F1100608F17E
:1079300010051033C418434455ED046ABEF1010E1E
:1079400056ED044A04F1100415ED037A06F1100611
:1079500074EEA69A55ED027A55ED012A74EEE64AC8
:1079600053ED040A02F1100213ED035A05F110055C
:1079700013ED023A03F1100354ED063A14ED054AF3
:1079800013ED056A33EE838A56ED076A16ED052A74
:1079900034EE060A54ED085A76EE87AA14ED071A5B
:1079A00036EEC77A56ED061A35EEA09A46ED089ADD
:1079B00071EE058A31EEA7AA46ED07AA72EE229A69
:1079C00070EEE55A35EE415A06ED06AA46ED059AE7
:1079D00036EE446A04ED089A71EEE71A44ED078A20
:1079E00072EE627A04ED068A73EE632A04ED050AEC
:1079F00012ED084A52ED076A24EE843A27EE262A51
:107A000064EEA64A65EEA63A27EE047A65EE845A3D
:107A100065EE266A25EE045A37EE647A76EEA56A9C
:107A200033EE024A33EEC55A05ED077A05ED084AF2
:107A300003ED085A43ED076A52ED066A12ED057A26
:107A400061EEA64A27EE874A61EE875A67EEA67A6C
:107A500022EE875A26EE077A26EE266A62EEA66A9C
:107A600074EE844A77EEE57A35EE466A37EE267A8A
:107A700045ED064A45ED057A03ED066A03ED057A04
:107A80007FF45AAF7A688CB20223214600F0DAFA0A
:107A900021467A6840460223BDEC068BBDE8F041E2
:107AA00000F0D0BA2DE9F04F2DED068B04888FB091
:107AB00091ED006A0A46640891ED017A0191A300F4
:107AC000416864080C90059201F1100625460B945C
:107AD00001F1080402960794D418AA1E01F11805B2
:107AE000E018D4ED004A94ED014AA646D0ED006AB4
:107AF000C718D0ED017AA04676EE265A97ED005AC7
:107B000076EE666A04460695054675EEA42A0A9046
:107B1000019837EE276A77EE677A97ED013A72EEB1
:107B2000852ABC4676EE843A049736EE447ACDF840
:107B30000CE012EE909A75EEE45A76EEC46A3E1F9F
:107B400040F8089B37EEE44ADEED012A77EEA47A8E
:107B500073EEC33ADCED014A36EE226A019075EE0F
:107B6000C55A059813EE909A37EE437A36EE246A9A
:107B7000AEF1040774EE054A76EE836A80ED016A81
:107B800077EEC57A48F8089BCEED014A15EE90EAEB
:107B900044F808EB16EE90EA08942C4685ED017A3D
:107BA000049D4CF808EBC5ED017A5508099500F0E5
:107BB00030810598083BAB46A4F10C0200F110059A
:107BC00001F1200901F1300EDDF808A03344103432
:107BD00060464146CDF834C054ED026ABBF1010B5A
:107BE00055ED025A0AF1080AD1ED007A05F10805AF
:107BF00075EEA63AD0ED002A14ED017A75EEE65A3C
:107C000055ED036AA2F1080273EEA74A90ED012A2E
:107C100036EE875A91ED016A36EEC77A09F11009FE
:107C200074EEA26A04F1080473EEE73A0EF1180E3E
:107C300037EE673AA3F1080345ED046A37EE277A79
:107C4000D1ED016A75EE861AD0ED014A33EE223A83
:107C500075EE266A35EE465A35EEC66A76EEA46AA9
:107C600071EEC21A35EE425A45ED036A36EE022A2B
:107C7000D6ED007A73EEE23A97ED001A77EE622ABB
:107C800092ED048A71EE278A93ED04AA16ED017A2B
:107C900071EE677A57ED010A38EE4A1A38EE886AB3
:107CA000D3ED039A30EE870A92ED039A78EEC85A24
:107CB00036EE0A6A30EEC77A37EEC94A16EE10CAB7
:107CC00030EE496A77EE014A47F808C934EE294A8E
:107CD000D2ED038A39EEC99A93ED038A71EE470A11
:107CE00030EE280A39EE671A36EE696A30EE080A75
:107CF00075EECA5A87ED010A1AED040A5AED036AB5
:107D000021EE808A23EE267A64EE267A61EEA61AA8
:107D100024EE004A23EE003A64EEA66A24EE800ABE
:107D200038EE077A76EE846A37EEC00A33EE613AAF
:107D300017EE10CA41F808CB01ED013A82ED040AB2
:107D4000C2ED036A59ED086A59ED077A25EEE67A25
:107D500023EEA64A65EE274A65EEA75A63EEA73AD8
:107D600066EE277A25EE265A66EE266A77EE677A61
:107D700034EE246A75EEE66A35EE635A17EE90CA61
:107D800004ED046A04ED035A46F808C9C6ED016A19
:107D90005EED0C7A1EED0B7A62EE275A22EE876AB0
:107DA00022EE072A62EEA72A61EE076A20EE877AA2
:107DB00060EEA70A61EE277A35EE866A72EEC22A75
:107DC00076EEE00A77EE277A16EE10CA40F808CB76
:107DD00040ED012AC3ED040AC3ED037A7FF4FCAE43
:107DE00009990298CB00DDF834C001EB410200EBA9
:107DF000011198449C4402910199194401910799F9
:107E00001944079108991944069B03EBC203089192
:107E10000693019A0423089ED2ED007A96ED007A2B
:107E2000D8ED002A77EE875A9CED003A92ED016A70
:107E300037EEC77AD6ED016A75EEA24A9CED012AAB
:107E400036EE265AD8ED017A76EE666A029D34EE59
:107E5000836ABDF82C4037EE274A059876EEE24A51
:107E6000214682ED006A35EEE26AD8ED013A75EE00
:107E7000675ADCED011A34EE424A75EE233A74EE8D
:107E8000834A76EEA26A33EEA15A37EE677A36EE6F
:107E9000436A82ED015A75EEC25A079A77EE027A6A
:107EA00036EEC37AD2ED002A92ED015A64EE223A00
:107EB00024EE054A24EE855A64EEA24A33EE855A32
:107EC00074EEC44A88ED005AC8ED014AD5ED014A66
:107ED000D5ED006A069D26EE265A26EE246A65EE4A
:107EE000A66A65EEA45A36EEC66A75EE255A86ED88
:107EF000016AC6ED005AD5ED015AD5ED006A0C9E17
:107F000027EEA66A67EE266A67EEA57A27EE257A3F
:107F100076EEE77A36EE077ACCED017A8CED007AD0
:107F2000726800F08FF8039821467268042300F00D
:107F300089F80A9821467268042300F083F82146E4
:107F40007268042304980FB0BDEC068BBDE8F04FB7
:107F500000F078B8012A2DE9F041064617460C4694
:107F60009846058853D0B5F5807F4BD016D9B5F526
:107F7000806F1AD05AD9B5F5006F43D0B5F5805F40
:107F800005D1012372682946204600F05BF8B8F15C
:107F9000000F11D1012F16D0BDE8F081202D31D076
:107FA00048D9402DEDD0802DF1D121463046FFF744
:107FB000A9FCB8F1000FEDD0B2682046B189D8F71E
:107FC0003FF9012FE8D107EE905AB7EE007AF8EEAC
:107FD000677AC7EE276A002DDED004F1080100237E
:107FE00011ED027A013351ED017A08319D4227EEFD
:107FF000267A67EEE67A01ED047A41ED037AEFD155
:10800000BDE8F08121463046FFF74CFDBFE7A5B142
:1080100001F10C03002253ED027A01320833F1EE34
:10802000677A954243ED047AF5D19CE7B5F5007F78
:10803000A7D0ACE7102DB8D0A9E7B5F5807F96D8CA
:10804000ACE700BF2DE9F04F9E4603468A468B46BB
:1080500004332DED108B9C469DB09FEDC39A199073
:108060001A921B934FEADB034FF000081A46119354
:108070004FEACB0311464FEAC20900935300D518CB
:1080800001931301199A4C1902EB0906029302EBB2
:10809000C50513460A1906EB090703EBC404881843
:1080A00003EBC2020144043203EBC00003EBC10145
:1080B000009B04315CED017AD84490ED007A94ED98
:1080C000005AC245D7ED003A96ED006A37EE851AA0
:1080D00052ED016A73EE874A37EEC55AD5ED007A44
:1080E00073EEC73A11ED017A36EE262A37EE874A4B
:1080F00076EE666A71EE245A32EE046A37EEC77A7B
:1081000031EE641A75EE864A76EEC77A75EEC65A77
:108110004CED014A32EE442A67EE897A94ED010A69
:10812000C4ED005A36EE877AD6ED015AD5ED012A14
:1081300075EE271A92ED004A75EE677AD1ED004A86
:1081400027EE097A35EEC43A9CED006A72EEE46AD5
:10815000D0ED010A97ED015A35EE844A72EEA44A39
:1081600073EE265A76EE002A73EE666A36EE406AA1
:1081700035EE200A65EE895A35EE605A32EE803AC5
:1081800074EE240A66EE896A74EE644A32EEC04ADE
:1081900075EE252A33EE200A75EE655A33EE603A05
:1081A00036EE265A8CED000A76EE666A9C4433EE73
:1081B000876A84ED013A33EEC77A1C4471EE243AA3
:1081C00071EE644A31EEA23AC7ED003A34EE421A3B
:1081D000C0ED004A77EEA53A75EE464A77EEE57AAD
:1081E00087ED011A76EEC75A1F4432EE044A71EE4B
:1081F000E21A36EE056A37EE267A80ED014A86ED00
:10820000003A184441ED011A42ED013AC5ED007AF9
:10821000C6ED014A1E4481ED006A1944C2ED005AC0
:108220001A4485ED017A1D443FF644AF0093119B3B
:10823000072B40F2F48101990EEB4E04029D4FEAA8
:10824000CE02013104EB0E00E4000835194400EBC6
:108250000E0C1394C0005E181746189209F1080915
:108260009C19199B1A9A12905D1911983A440C9511
:1082700098462044119DD71903EBC404054403EB31
:10828000C00010970CEB0E074FEACC0C04340430FE
:10829000C844CDF854C0199B0A94099003EBC1015E
:1082A0001A9C03EBC5051598CDF8348007EB0E0832
:1082B00004EB0009F8004FEAC80C04350746179094
:1082C0000B91184603EBC601129BCDF850C0E31882
:1082D0000895149D0E91214604EB05080493E519B9
:1082E0004FEA0E13139C16930B19109F05950393D9
:1082F00000F10803079738460F9301230693009B6C
:1083000090ED00FAD0ED01BA0398039990ED01BA0F
:108310000498D1ED00EAD0ED01AA05980599D0EDB9
:10832000017A91ED00DA0D99049CCDED017AD8ED3A
:10833000017A0091D2ED00FA94ED00EA92ED01CAC3
:10834000DDF820E0099F0A9E0B9DD9ED00DA0C9C18
:10835000D8ED00CA0E990F9ADDF818C099ED01AA60
:10836000CDED027A009801E0F304353FD5ED003AF7
:10837000DC4491ED007AD4ED008AE24557ED017AB4
:1083800090ED005A56ED015A38EEA76A92ED001AA8
:1083900078EEE74A1EED014A75EE259A31EE073A6E
:1083A00092ED018A73EE846A75EE655A33EEC44A23
:1083B00073EE061A39EEA65A75EE847A31EE471A34
:1083C00031EE857A67EE897A33EE463A82ED007AAD
:1083D00079EEE69A96ED006A34EEA72AD5ED013AD9
:1083E00074EEE78A90ED017A35EEC44ADEED004A7C
:1083F00031EEC55A77EE462AD1ED016A73EEE47A82
:10840000D7ED000A77EE065A94ED017A33EEA46AAE
:1084100032EEE70A78EE664A78EE263A72EEA72A3E
:1084200077EE206A24EE094A37EE607A20EE098A58
:1084300075EE860A33EEA60A62EE892A35EEC66A22
:1084400073EEE63A77EE627A74EE885A34EEC88AB2
:1084500077EE224A71EE042A31EE447A30EE601A49
:1084600073EE061A33EE466A33EEE93A79EEA36A02
:1084700038EE684A75EEC23A72EE255A32EEA42AF8
:1084800072EEE44A77EE272A37EE677A78EE887A3A
:108490006EEE058A2AEE818A2AEE855A2EEE011AA0
:1084A0006FEE219A70EE200A6BEEA11A2BEE830A72
:1084B0002FEE033AC2ED010A38EE888A1A446CEEB8
:1084C000238A31EE455A6FEEA33A81ED008A39EEE8
:1084D000800A33EE613A81ED015A6FEE820ACDEDEA
:1084E000003A9DED025A2DEE068ADDED013A6CEE62
:1084F000A49A84ED000A65EE244A84ED013A23EE45
:10850000A61A23EE866ADDED003A25EE255A1944B7
:108510002DEEA20A1C446AEE041A70EEA80A2EEE92
:10852000873A6BEE278A2CEE022A6DEE266A6CEEF5
:10853000A55A6AEE222A2DEE844A2BEE077A6EEEB9
:10854000A77A73EEC23A38EE018A36EEC66A39EE81
:10855000855A75EEE44A07ED018A30EE210A87ED6F
:10856000006A74EE622AC0ED000A33EE283AC0EDCC
:10857000013A37EEC77A0EED015ACEED004A1844A3
:1085800006ED010A1F44C6ED002A9E4485ED003A1F
:108590001E4485ED017A1D443FF6E8AE069A169812
:1085A000013211460692079A024413980792039AE1
:1085B000024412980392049A024417980492159A5E
:1085C0009144059A02440592149A90440F9A0832F5
:1085D0000F920E9A08320E920D9A08320D920C9A52
:1085E00008320C920B9A08320B920A9A08320A92BD
:1085F000099A08320992089A08320892109C119838
:108600002246884205D018982146014407981091C7
:1086100076E68346BDF860E0DDF86CC022E51DB06B
:10862000BDEC108BBDE8F08F0B460146184600F0FC
:1086300007BB00F04FBAFFF7FCBF000008B52DEDF7
:10864000028BB0EE408A00F061F9B4EE488AF1EE98
:1086500010FA0FD6B5EEC08AF1EE10FA0AD8B5EED0
:10866000408AF1EE10FA08D100F0F0FC22239FEDD1
:10867000090A0360BDEC028B08BD00F0E7FCBDEC0D
:10868000028B034621221A600348BDE8084000F02F
:1086900027B800BF000080FF980D040808B52DED35
:1086A000028BB0EE408A00F02DF9B4EE488AF1EE6C
:1086B00010FA06D6DFED098AB4EEE88AF1EE10FA78
:1086C00002D4BDEC028B08BD00F0C0FC88EEA80A05
:1086D000BDEC028B2123036008BD00BF0000000039
:1086E0009FED010A704700BF0000C07F000000003E
:1086F00038B510EE104AC4F30A53B3F57D7FB7EED8
:10870000C07A1ED227EE077BB3F5667F6ED327EEC5
:10871000071B614B93ED142B93ED125B93ED0E3B16
:10872000A7EE025B93ED0C6B93ED104BA7EE036B82
:1087300027EE017BA1EE046BA5EE076BB7EEC60B2F
:1087400038BD40F22E42934253D8534A92ED086B03
:1087500027EE066BFDEEC66B92ED0A5B16EE903AC5
:1087600003F500031B169C0706EE903A54BF114612
:1087700002F17001D807B8EEE66BA6EE457B27EE56
:10878000076B1CD503F0030302EBC30292ED000B51
:1087900091ED1A3B91ED185B91ED164B27EE000B16
:1087A000B0EE457B20EE065BA6EE037BA5EE040B48
:1087B00026EE056BA7EE060BB7EEC00B38BD91EDAC
:1087C000142B91ED127B91ED0E3B91ED0C0B91ED85
:1087D000104B26EE065BA6EE027BA6EE030B26EE02
:1087E000056BA5EE040BA7EE060BE5E7B7EE000A56
:1087F00038BDB3F5FF6F3BD2284BC4F3836203EB64
:10880000820153F82220C4F31603C4F3C25043F488
:1088100000038340086A0969A3FB005003FB02F2CE
:10882000E3FB010202F100518D0F01F04041511AAA
:10883000D7F7F4FE05EBD4749FED156B41EC170BE5
:10884000A10754BF144B164B27EE067BEA0727EE11
:10885000076B11D5104A04F0030402EBC40292ED39
:10886000000B93ED1A3B93ED185B93ED164B95E7D8
:10887000BDE8384000F036B893ED142B93ED127B31
:1088800093ED0E3B93ED0C0B93ED104BA1E700BF66
:10889000182D4454FB21193C000E04089C0D0408BB
:1088A000700E040810B52DED028BB0EE408A044620
:1088B00000F0CCFBB0EE480ABDEC028B046010BDAA
:1088C0009FED070AF7EE007ABFEE007A00284FF01E
:1088D000220047FE877A87EE800AFFF7E3BF00BFDA
:1088E00000000000F0EE407A30EE407AF4EE677A55
:1088F000F1EE10FA87EE070A02D62120FFF7D2BF69
:10890000704700BFB1EEC00A704700BF08B510EE57
:10891000103A33F000422DED028B2CD0002B1A467A
:1089200032DBB3F1FF4F41DAB3F5000F35DB002145
:10893000D3157F3B0B44D90FC1F17F0103EBD373F8
:10894000C2F3160207EE903A42EAC15200EE102A34
:10895000B8EEE78A00F03CF8DFED177A9FED177A62
:1089600020EE270ADFED167AA8EE070AA8EE270AFE
:10897000BDEC028B08BDBDEC028B9FED127ADFEDE2
:10898000127A87EE270A08BDBDEC028B70EE407AA2
:108990009FED0D7A87EE870A08BDDFED0C7A60EE59
:1089A000277A6FF0180117EE902AC1E7BDEC028B11
:1089B00030EE000A08BD00BFD95BDE3EDB27543530
:1089C00080209A3E000000CC000000000000004C17
:1089D00010EE103AB3F17E5F1A4638D0A3F50001CD
:1089E000B1F1FE4F36D2BFEE000B02F140432749F2
:1089F00003F54D03C3F3C34001EB001091ED404B71
:108A000091ED445B91ED467B91ED426BD90DC9052B
:108A100090ED002B521A03EE902A90ED021BDB150D
:108A2000B7EEE33AA2EE030B03EE903A20EE002BF2
:108A3000A5EE007BB8EEE33BA6EE027BA3EE041BA3
:108A400030EE010BA2EE070BB7EEC00B70479FEDA7
:108A5000100A7047590014D0B3F1FF4F14D0002B07
:108A60000BDBB1F17F4F08D2DFED0A7A60EE277A97
:108A700017EE903AA3F13862B5E700EE103AFFF72F
:108A800031BF0120FFF71CBF704700BFE00E040894
:108A9000000000000000004B1FB514461A46094BA9
:108AA0001B680546D8684CB1074B0091CDE90134ED
:108AB00006492B4600F078F900F00BFB044B1C46EE
:108AC000F3E700BF98030020CAB20208D7B2020839
:108AD00005B30208024B0146186800F001BB00BF55
:108AE0009803002070B50F4E0C463168054611B949
:108AF00000F08AFA30602146284600F085FA431CCF
:108B000003D14FF0FF34204670BDC41C24F0030491
:108B1000A042F8D0211A284600F076FA0130F2D1AE
:108B2000EFE700BFC46302202DE9F843CD1C25F018
:108B3000030508350C2D38BF0C25002D064601DB3A
:108B4000A94204D90C2333600020BDE8F883DFF884
:108B5000D48000F069F8D8F800301C4644BB2946A0
:108B60003046FFF7BFFF431C044658D1D8F80040F9
:108B70002746002F43D1002C4BD02368394630467E
:108B800004EB030900F040FA814542D121686D1AD7
:108B900029463046FFF7A6FF01303AD023682B4420
:108BA0002360D8F800305A6862BBC8F800700FE044
:108BB0002268521B20D40B2A17D96119A3422560C1
:108BC00018BF5960636808BFC8F8001062514B6055
:108BD000304600F02FF804F10B00231D20F00700B1
:108BE000C21A1CBF1B1AA350AFE76268A3420CBF96
:108BF000C8F800205A60EBE723466468AEE73C46BD
:108C00007F68B6E71A465B68A342FBD10023536036
:108C1000DEE70C233360304600F00CF894E7056083
:108C2000D6E700BFC8630220014800F03ABA00BF8F
:108C30000C650220014800F035BA00BF0C65022027
:108C400010B504460448134620B10A4602202146C6
:108C5000AFF3008010BD00BF00000000002310B57E
:108C60000446C0E90033C0E9043383608181436670
:108C7000C2818361194608225C3000F068F90D4B0F
:108C800063620D4BA3620D4BE3620D4B23630D4BEF
:108C900024629C4206D003F16802944202D0D03391
:108CA0009C4205D104F15800BDE8104000F0F8B92D
:108CB00010BD00BF758E0208978E0208CF8E020885
:108CC000F58E0208CC630220024A0349034800F0F3
:108CD0007DB800BF8C030020CD9A02089C030020C1
:108CE00041680C4B994210B5044601D000F0EEFEED
:108CF000A168094B994202D0204600F0E7FEE168E6
:108D0000064B994204D02046BDE8104000F0DEBE7C
:108D100010BD00BFCC630220346402209C6402209A
:108D20000C4B0D4A0D4810B504211A600022FFF7C4
:108D300095FF0A4B01221C46092103F16800FFF749
:108D40008DFF04F1D0000222BDE810401221FFF790
:108D500085BF00BF04650220C98C0208CC630220D5
:108D6000014800F09EB900BF0D650220014800F0E7
:108D700099B900BF0D65022010B50446FFF7F0FF5A
:108D8000236A1BB1BDE81040FFF7F0BF044B23621C
:108D9000044B1B68002BF5D1FFF7C2FFF2E700BFC1
:108DA000E18C0208046502200EB403B5014603AB52
:108DB000054853F8042B0068019300F05DFB02B0F6
:108DC0005DF804EB03B07047980300202DE9F843E9
:108DD0000746884614460026D4E90195B9F10109F1
:108DE00005D52468002CF7D13046BDE8F883AB895F
:108DF000012B07D9B5F90E30013303D02946384687
:108E0000C04706436835E9E70CB430B5184B0C1E73
:108E10001D689DB008DA8B232B604FF0FF301DB02A
:108E2000BDE8304002B070474FF40273ADF8143023
:108E30004FF000031B9314BF04F1FF332346049348
:108E400007934FF6FF7302900690ADF81630209A04
:108E500021AB02A92846019300F0ECF9431CBCBFEA
:108E60008B232B60002CDAD0029B00221A70D6E7ED
:108E70009803002010B50C46B1F90E1000F0B2F8BE
:108E80000028ABBF636DA3891B1823F48053ACBFCC
:108E90006365A38110BD2DE9F0411F468B89DB0579
:108EA00005460C46164605D5B1F90E1002230022E0
:108EB00000F086F8A389B4F90E1023F48053A3813F
:108EC00032463B462846BDE8F04100F0ADB810B54B
:108ED0000C46B1F90E1000F073F8B4F90C30421CD6
:108EE0000BBF23F4805343F48053A381A38118BFA5
:108EF000606510BDB1F90E1000F052B810B501391F
:108F00000244904201D1002005E0037811F8014F9E
:108F1000A34201D0181B10BD0130F2E7884210B502
:108F200001EB020402D98442234607D8431EA14222
:108F300007D011F8012B03F8012FF8E70244824211
:108F400000D110BD13F8011D02F8011DF7E702441E
:108F50000346934200D1704703F8011BF9E7C9B2F9
:108F60000346184613F8012B12B18A42F9D1704713
:108F7000002918BF0020704710B50139034632B1EF
:108F800011F8014F03F8014B013A002CF7D11A44B4
:108F90000021934200D110BD03F8011BF9E7000046
:108FA00038B5064D0023044608462B60EDF79CFCBF
:108FB000431C02D12B6803B1236038BD0865022031
:108FC00038B5074D04460846114600222A601A4665
:108FD000EDF794FC431C02D12B6803B1236038BD2C
:108FE0000865022038B5074D0446084611460022A0
:108FF0002A601A46EDF75CFC431C02D12B6803B1D2
:10900000236038BD0865022038B5064D00230446AC
:1090100008462B60EDF71EFC431C02D12B6803B100
:10902000236038BD0865022038B5074D0446084660
:10903000114600222A601A46EDF748FC431C02D173
:109040002B6803B1236038BD08650220014B186806
:10905000704700BF9803002070B50D4B0D4D5B1B92
:109060009C100026A64209D100F0E4FE0A4D0B4BED
:109070005B1B9C100026A64205D170BD55F8043B31
:1090800098470136EEE755F8043B98470136F2E77A
:109090000810040808100408081004081810040830
:1090A000704770477047034611F8012B03F8012BF6
:1090B000002AF9D170470A44914200F1FF3300D1F0
:1090C000704710B511F8014B03F8014F9142F9D1E7
:1090D00010BD08B5062000F0DBFD0120EDF7E2FB36
:1090E00038B50546002941D051F8043C0C1F002B2F
:1090F000B8BFE418FFF798FD1D4A136833B96360E1
:1091000014602846BDE83840FFF794BDA34208D953
:10911000206821188B4201BF19685B68091821601B
:10912000EDE71A465B680BB1A342FAD911685018F3
:10913000A0420BD120680144501883421160E0D155
:1091400018685B68536008441060DAE702D90C23A2
:109150002B60D6E7206821188B4204BF19685B6832
:10916000636004BF091821605460CAE738BD00BFBE
:10917000C86302202DE9F0478E681F46BE42824632
:109180000C469046334653D8B1F90C0010F4906F5A
:109190002BD065692368096905EB4505A3EB010937
:1091A00005EBD5757B1C6D104B44AB422A4684BF42
:1091B0001D462A46430527D511465046FFF7B4FC05
:1091C000064658B321694A46FFF775FFA38923F481
:1091D000906343F08003A381266165614E44A5EB53
:1091E00009052660A5603E463B461F4620683A4674
:1091F0004146FFF793FEA3689B1BA36023683B4493
:1092000023600020BDE8F087504600F05DFD064673
:109210000028E1D121695046FFF762FF0C23CAF80C
:109220000030A38943F04003A3814FF0FF30E9E70A
:109230003E46DBE72DE9F0471F468B891B069CB0B5
:1092400006460D46144610D50B6973B94021FFF749
:109250006BFC2860286130B90C2333604FF0FF307D
:109260001CB0BDE8F08740236B61002309932023E5
:109270008DF8293003973023654F8DF82A304FF051
:1092800001082346994613F8012B0AB1252AF9D182
:10929000B9EB040A0BD05346224629463046FFF765
:1092A00069FF013000F0A480099A5244099299F8AC
:1092B0000030002B00F09C8000234FF0FF32CDE9FE
:1092C000052309F10109049307938DF853301A938C
:1092D0004C464F4814F8011B0522D7F7F9FC049BB4
:1092E000D0B9D80644BF20228DF85320190744BFB7
:1092F0002B228DF8532099F800202A2A13D0079AA0
:109300004C4600204FF00A0C214611F8013B303B3F
:10931000092B49D968B913E0C01B08FA00F01843BB
:109320000490A146D4E7039A111D12680391002A04
:1093300001DB079204E0524243F0020307920493D8
:1093400023782E2B0AD163782A2B32D1039B1A1D46
:109350001B68039243EAE37302340593DFF8C0907D
:10936000217803224846D7F7B3FC38B1049BA0EB21
:1093700009004022824013430134049314F8011B76
:1093800024488DF828100622D7F7A2FC002835D0F3
:10939000214818BB039B073323F0070308330393CB
:1093A000099B034409936CE70CFB02320C46012035
:1093B000AAE700230134059319464FF00A0C204612
:1093C00010F8012B303A092A03D9002BC6D0059199
:1093D000C4E70CFB012104460123F0E703AB009333
:1093E0002A460E4B04A93046AFF30080421CD7D169
:1093F000AB895B063FF532AF099831E703AB0093C9
:109400002A46064B04A9304600F0B8F9EEE700BF43
:1094100006B3020810B302080000000075910208AC
:109420000CB302089368013B002B10B4936008DA78
:109430009469A34201DB0A2903D15DF8044B00F0D3
:109440006DBB1368581C1060197008465DF8044B1A
:109450007047F8B506460F461446D518AC4201D100
:10946000002007E014F8011B3A463046FFF7DAFF08
:10947000431CF3D1F8BD00002DE9F0470D469CB028
:1094800014461F46064618B1036A0BB9FFF774FC71
:109490006B6ED90705D4AB899A0502D4A86DFFF786
:1094A00000FEAB891B0701D52B699BB929463046C5
:1094B00000F072FB70B16B6EDC0704D54FF0FF302B
:1094C0001CB0BDE8F087AB899805F7D4A86DFFF70D
:1094D000E9FDF3E70023099320238DF82930039752
:1094E00030236A4F8DF82A304FF001082346994601
:1094F00013F8012B0AB1252AF9D1B9EB040A0BD0D4
:109500005346224629463046FFF7A3FF013000F0BC
:10951000A480099A5244099299F80030002B00F077
:109520009C8000234FF0FF32CDE9052309F10109AA
:10953000049307938DF853301A934C46534814F80C
:10954000011B0522D7F7C4FB049BD0B9D90644BF41
:1095500020228DF853201A0744BF2B228DF8532068
:1095600099F800202A2A13D0079A4C4600204FF081
:109570000A0C214611F8013B303B092B49D968B947
:1095800013E0C01B08FA00F018430490A146D4E78A
:10959000039A111D12680391002A01DB079204E06F
:1095A000524243F002030792049323782E2B0AD1F0
:1095B00063782A2B32D1039B1A1D1B68039243EA5E
:1095C000E37302340593DFF8D490217803224846F0
:1095D000D7F77EFB38B1049BA0EB09004022824004
:1095E00013430134049314F8011B29488DF8281003
:1095F0000622D7F76DFB00283ED0264818BB039BF8
:10960000073323F0070308330393099B03440993AB
:109610006CE70CFB02320C460120AAE70023013460
:10962000059319464FF00A0C204610F8012B303AEA
:10963000092A03D9002BC6D00591C4E70CFB0121F0
:1096400004460123F0E703AB00932A46124B04A91A
:109650003046AFF30080431CD7D16B6ED90705D4D9
:10966000AB899A0502D4A86DFFF71CFDAB895B0698
:109670003FF524AF099823E703AB00932A46064B36
:1096800004A9304600F07AF8E5E700BF06B3020807
:1096900010B3020800000000539402080CB3020843
:1096A0002DE9F047164698468A680B69DDF8209048
:1096B0009342B8BF1346336091F8432007460C46E7
:1096C0000AB1013333602368990642BF336802331D
:1096D0003360256815F0060506D104F1190AE36820
:1096E00032689B1AAB4226DC94F843302268003B78
:1096F00018BF012392062BD404F143024146384699
:10970000C84701301ED02368226903F00603042BEA
:1097100002BFE5683368ED1AA3680CBF25EAE5755A
:1097200000259342C4BF9B1AED1800261A34B54297
:109730001AD1002008E00123524641463846C84766
:10974000013003D14FF0FF30BDE8F0870135C6E7A7
:10975000E1185A1C302081F84300224494F8451047
:1097600082F843100233C7E70123224641463846B8
:10977000C8470130E6D00136D9E700002DE9F043B3
:109780000D7E85B0782D90460C9E07460C46994676
:1097900001F1430207D8622D0AD8002D00F0D780CE
:1097A000582D00F0BC8004F1420684F842503BE0A2
:1097B000A5F16303152BF6D801A151F823F000BFE2
:1097C000199802082D980208A7970208A79702087F
:1097D000A7970208A79702082D980208A7970208E2
:1097E000A7970208A7970208A797020835990208C9
:1097F00057980208E7980208A7970208A797020857
:1098000057990208A797020857980208A7970208D5
:10981000A7970208EF98020833681A1D1B68326088
:1098200004F1420684F842300123A1E03368206845
:10983000191D3160060601D51D6803E04506FBD5FC
:10984000B3F90050002D03DA2D236D4284F8433024
:109850005B480A2311E021683368080653F8045B6B
:1098600002D4490648BFADB23360237E54486F2B03
:109870005CD10823002184F843106668A660002E9E
:1098800005DB21682E4321F00401216050D01646EB
:10989000B5FBF3F103FB115C10F80CC006F801CD29
:1098A000AC4663450D46F3D9082B0BD12368DB0783
:1098B00008D5236961689942DEBF302306F8013C70
:1098C00006F1FF36921B2261CDF80090434603AAB1
:1098D00021463846FFF7E4FE01304ED14FF0FF300D
:1098E00005B0BDE8F083236843F0200323603548CA
:1098F000782584F845502368316813F0800F51F8BB
:10990000045B03D113F0400F18BFADB23160D9072B
:1099100044BF43F0200323601DB11023AAE7284869
:10992000E7E7236823F020032360F6E70A23A1E793
:109930001646B9E7336825686169181D30602E0640
:109940001B6801D5196002E06806FBD51980002369
:1099500023611646B8E733681A1D32601E686268D4
:1099600000213046D7F7B4F908B1801B6060636806
:109970002361002384F84330A6E723693246414639
:109980003846C8470130A9D023689B0713D4E06844
:10999000039B9842B8BF1846A2E7012332464146CE
:1099A0003846C847013099D00135E36803995B1AFE
:1099B000AB42F2DCEBE7002504F11906F5E700BF46
:1099C00017B3020828B30208B1F90C202DE9F041C1
:1099D000160705460C4651D44B68002B02DC0B6C75
:1099E000002B49DDE66A002E46D0002312F4805297
:1099F0002F682B6031D0626DA389590705D5636844
:109A0000D21A636B0BB1236CD21A0023E66A216A67
:109A10002846B047421CB4F90C3006D129681D29EC
:109A200046D8294ACA40D60742D500226260D904E6
:109A30002269226004D5421C01D12B6803B96065FC
:109A4000616B2F60C1B104F14403994202D02846F2
:109A5000FFF746FB002363630EE0216A01232846DB
:109A6000B0470246501CC7D12B68002BC4D01D2B19
:109A700001D0162B1AD12F6000201EE00F69002F95
:109A8000FAD093070E6808BF4B690F6018BF002318
:109A9000A6EB07088B60B8F1000FEDDD216AA66A1E
:109AA00043463A462846B047002808DCB4F90C3053
:109AB00043F04003A3814FF0FF30BDE8F08107443D
:109AC000A8EB0008E7E700BF0100402038B50B69AC
:109AD00005460C4613B90025284638BD18B1036A5F
:109AE0000BB9FFF749F9B4F90C30002BF3D0626ED3
:109AF000D00704D4990502D4A06DFFF7D2FA284606
:109B00002146FFF761FF636EDA070546E4D4A389B7
:109B10009B05E1D4A06DFFF7C5FADDE7F8B50E4669
:109B20001446054618B1036A0BB9FFF725F9A36976
:109B3000A360A3891A0701D5236943B921462846A2
:109B400000F02AF818B14FF0FF373846F8BD236807
:109B50002269981A6369F6B28342374605DC2146CA
:109B60002846FFF7B3FF0028EDD1A368013BA360AF
:109B700023685A1C22601E706269431C9A4204D0FA
:109B8000A389DB07E1D50A2EDFD121462846FFF75E
:109B90009DFF0028D9D0D6E738B5284B0546186870
:109BA0000C4618B1036A0BB9FFF7E6F8B4F90C30AC
:109BB0001A0721D4D80607D409222A6043F04003AB
:109BC000A3814FF0FF3030E0590712D5616B41B1EE
:109BD00004F14403994202D02846FFF781FA00239A
:109BE00063630022B4F90C3062602269226023F0C2
:109BF000240343F00803A38122693AB99A0501D5E9
:109C0000180603D52146284600F0B0F8B4F90C3008
:109C100013F001020AD00022A26062695242A261DE
:109C2000226942B913F08000C8D138BD990758BFE6
:109C30006269A260F4E70020F7E700BF9803002004
:109C40001F2938B505460C4604D9162303604FF08A
:109C5000FF3038BDC26B12B152F821304BB92846E3
:109C600000F030F8224601462846BDE8384000F0B2
:109C700017B8012B0AD0591C03D116230360012009
:109C8000E7E7002142F82410204698470020E0E74B
:109C9000024B01461868FFF7D3BF00BF98030020AE
:109CA00038B5074D00230446084611462B60ECF7F3
:109CB000F1FD431C02D12B6803B1236038BD00BF06
:109CC00008650220ECF7E4BD2DE9F0410746144693
:109CD0000D4621B9BDE8F0411146FEF725BF2AB96E
:109CE000FFF7FEF925462846BDE8F08100F09AF816
:109CF0008442064602D8B4EB500FF4D821463846C9
:109D0000FEF712FF804608B94546ECE7B44222460A
:109D1000294628BF3246FFF7CEF929463846FFF7D5
:109D2000DFF9F1E770B50C46B1F90E10002996B0D5
:109D300015461E460ADAA18911F0800113D14FF4AD
:109D40008062002031602A6016B070BD6A4600F063
:109D500047F80028EFDB019901F47041A1F50053A9
:109D600059425941EBE700214022EAE78B8973B55C
:109D70009E0705460C4607D504F14703236023617F
:109D80000123636102B070BD01AB6A46FFF7CAFFF1
:109D9000009E28463146FEF7C7FEB4F90C3038B9AC
:109DA0009A05EFD423F0030343F00203A381E3E712
:109DB00043F08003A381019B2060C4E90406002BCB
:109DC000E0D0B4F90E10284600F01CF80028D9D0D5
:109DD000A38923F0030343F00103A381D2E700002A
:109DE00038B5074D00230446084611462B60ECF7B2
:109DF0007EFD431C02D12B6803B1236038BD00BF38
:109E00000865022038B5064D0023044608462B603D
:109E1000ECF772FD431C02D12B6803B1236038BDFF
:109E20000865022051F8043C181F002BBCBF0B58DA
:109E3000C0187047F8B500BFF8BC08BC9E46704714
:0C9E4000F8B500BFF8BC08BC9E46704797
:109E50002FA002081B010208000000000000000003
:109E600000040000000000000000000025A002081F
:109E70008D4A010801000000000000000001000000
:109E8000000000000000000019A00208E5C400085E
:109E9000FFFF0000000000000005000000000000BF
:109EA000000000000CA0020855E7000800000000B8
:109EB000000000000006000000000000000000009C
:109EC00001A0020861D900080100000000000000A4
:109ED000000600000000000000000000ED9F0208E6
:109EE000F1EF000802000000000000008002000006
:109EF000B09F0020B0A90020E09F020811F40008E4
:109F0000000000000000000000030000000000004E
:109F100000000000D59F020829FD00080000000095
:109F2000000000000002000000000000000000002F
:109F3000C89F0208110E0108020000000000000086
:109F40008002000058950020589F0020000000006B
:109F5000FFFFFFFFFFFFFFFF000000000100000008
:109F6000000000000000000001000000FFFFFFFFF4
:109F7000FFFFFFFF01000000FFFFFFFFFFFFFFFFEC
:109F800001000000010000000100000000000000CE
:109F900001020304000000000000000001020304AD
:109FA0000607080900061016000610160403020230
:109FB0000201010249444C4500222A2B2C3A3B3C29
:109FC0003D3E3F5B5D7C7F00757362417564696FE8
:109FD0005461736B007573624D73635461736B00EE
:109FE000737065637472756D5461736B0073706523
:109FF000637472756D547269676765725461736BCF
:10A0000000706C617965725461736B007265636F87
:10A01000726465725461736B0073746F726167650B
:10A020005461736B00746F7563685461736B007473
:10A030006F7563686766785461736B00312E776162
:10A04000760025732F257300524946460057415626
:10A050004500646174610057415645666D74200087
:10A06000256C752E77617600463736392055414389
:10A070003220574D383939342055534220417564C8
:10A08000696F2046530046373639204173796E6335
:10A0900020574D3839393420555342204175646971
:10A0A0006F2046530046373639204173796E63205E
:10A0B000574D383939342055534220417564696F02
:10A0C0000046373639205541433220574D3839390B
:10A0D000342055534220417564696F0053544D3309
:10A0E0003246373639492D444953434F0055534280
:10A0F00020417564696F20436F6E66696775726190
:10A1000074696F6E00574D38393934205374657255
:10A11000656F204F7574707574004637363920535B
:10A120004420436172642052656164657220485323
:10A13000004637363920534420436172642052650B
:10A140006164657220465300534420526561646522
:10A150007220436F6E66696775726174696F6E0015
:10A160005344204D6173732053746F7261676500AF
:10A1700073697A656F662853637265656E5479708A
:10A180006529203C3D20686561702E7363726565AA
:10A190006E53746F726167652E656C656D656E7464
:10A1A0005F73697A652829202626202256696577FB
:10A1B00020616C6C6F636174696F6E206572726F81
:10A1C000723A20436865636B207468617420616C27
:10A1D0006C207669657773206172652061646465BF
:10A1E0006420746F2046726F6E74656E644865619A
:10A1F000703A3A56696577547970657322005072E7
:10A200006573656E746572547970652A20746F7514
:10A2100063686766783A3A6D616B655472616E7314
:10A220006974696F6E2853637265656E2A2A2C20E3
:10A2300050726573656E7465722A2A2C204D5650D3
:10A2400048656170262C205472616E736974696F61
:10A250006E2A2A2C204D6F64656C547970652A290A
:10A26000205B776974682053637265656E547970FA
:10A2700065203D204D61696E566965773B205072BF
:10A280006573656E74657254797065203D204D610B
:10A29000696E50726573656E7465723B20547261AD
:10A2A0006E7354797065203D204E6F5472616E73E9
:10A2B0006974696F6E3B204D6F64656C547970658D
:10A2C000203D204D6F64656C5D00433A2F546F75DF
:10A2D00063684746582F342E32362E312F746F75EF
:10A2E00063686766782F6672616D65776F726B2F32
:10A2F000696E636C7564652F6D76702F4D56504195
:10A3000070706C69636174696F6E2E687070007331
:10A31000697A656F662850726573656E74657254EC
:10A3200079706529203C3D20686561702E707265EA
:10A3300073656E74657253746F726167652E656CB8
:10A34000656D656E745F73697A65282920262620FD
:10A350002250726573656E74657220616C6C6F63F8
:10A360006174696F6E206572726F723A204368651E
:10A37000636B207468617420616C6C20707265730B
:10A38000656E7465727320617265206164646564D2
:10A3900020746F2046726F6E74656E6448656170DC
:10A3A0003A3A50726573656E74657254797065736C
:10A3B000220073697A656F66285472616E735479EE
:10A3C000706529203C3D20686561702E7472616E55
:10A3D000736974696F6E53746F726167652E656C13
:10A3E000656D656E745F73697A652829202626205D
:10A3F000225472616E736974696F6E20616C6C6F48
:10A40000636174696F6E206572726F723A2043687F
:10A4100065636B207468617420616C6C2074726178
:10A420006E736974696F6E73206172652061646414
:10A43000656420746F2046726F6E74656E64486543
:10A4400061703A3A5472616E736974696F6E5479CF
:10A450007065732200204B420020420020474200DA
:10A4600050414745203100504147452032003131AD
:10A470003A343200544F55434847465820444553D8
:10A480004B544F50004D59204150505300204B42E7
:10A49000202F200041505000313200203D0050411B
:10A4A000555345440052554E4E494E470050415574
:10A4B0005345004C53452033322E373638204B4815
:10A4C0005A00525443203130323420485A205052DE
:10A4D00045434953494F4E0052455345540053504C
:10A4E0004C495400544F54414C0053544152542051
:10A4F0005448452054494D4552205448454E205417
:10A500004150204C4150004641535400534C4F574A
:10A510000052554E4E494E47202F200053544F5065
:10A52000504544202F200041524D45440057414999
:10A530005420515549455400414D504C49545544BF
:10A540004520284442465329003438204B485A209D
:10A550002F20342D4D4943202F20313032342046D6
:10A560004654005045414B200020485A20200020EE
:10A5700044424653005354415254494E47204D499A
:10A5800043524F50484F4E455300415544494F2088
:10A590005245534F55524345204255535900444666
:10A5A00053444D2043415054555245204552524F3B
:10A5B00052004652455155454E43592028485A2984
:10A5C00000544F4E452053544F5057415443480078
:10A5D0004C53452031303234485A00544F4E4520B8
:10A5E000005441524745540054415020544F204399
:10A5F00048414E474500545249474745520052454D
:10A600005345542054494D455200545249474745FB
:10A61000525320005344204D454449412050524557
:10A6200053454E54004E4F205344204D454449411C
:10A6300000504F4C59504841534520464952202F15
:10A64000204E533500505245504152494E472053F9
:10A650002F50444946204F555450555400505245B0
:10A66000504152494E4720574D38393934204C49D2
:10A670004E45204F55540057414954494E472046B6
:10A680004F52204D55534943205245434F52444564
:10A6900052204F5220535045435452554D0055536C
:10A6A0004220454E41424C4544202D20494E5345C1
:10A6B000525420534420434152440050524550418B
:10A6C00052494E47205344204341524400534420B2
:10A6D00052454144455220434F4E4E454354454414
:10A6E00000434F4E4E45435420555342204853207B
:10A6F0004341424C450057414954494E4720464F3B
:10A7000052204D55534943204F52205245434F52FA
:10A710004445520044495341424C4544005553423C
:10A720002053544F52414745204552524F52202DFD
:10A730002052455452590055534220415544494FE7
:10A74000204552524F52202D205245545259004319
:10A750004F4E4E4543544544202D205741495449BE
:10A760004E4720464F5220415544494F0053544FC5
:10A770005050494E472055534220415544494F00BF
:10A78000504C4159494E472046524F4D20434F4D62
:10A790005055544552004849474820535045454478
:10A7A0000046554C4C2053504545440053415645B6
:10A7B00044202D204150504C494553204154204EB7
:10A7C000455854205354415254204F522052454230
:10A7D00055464645520041435449564520464F523E
:10A7E00020544845204E45585420444D4120535450
:10A7F0004152540055534220485320534420434172
:10A8000052442052454144455200454A4543542054
:10A810004F4E20434F4D5055544552204245464FD0
:10A82000524520535749544348494E47204F4646C6
:10A830000041550055534220415544494F204F5542
:10A84000545055540034342E31202F203438204BAE
:10A85000485A202F20313620424954202F2041537E
:10A86000594E43204642202F2053414920444D4118
:10A8700000484F5354004C494E5558202F20554105
:10A8800043310057494E444F5753202F20554143E1
:10A890003200574D38393934204C494E4500532F3A
:10A8A0005044494620434E3800532F5044494620D7
:10A8B0004D4F44450046494C54455253004E415477
:10A8C00049564500345820484F4C440034582045E0
:10A8D00058414354003458202D314442003458200C
:10A8E0005450444600345820494952004859425275
:10A8F000494400485942204E533200425452204E9F
:10A90000533200425452204D494E00424553204D8F
:10A91000494E00424553204F50454E00424553207A
:10A920004E533500464952204D494E00574C532056
:10A930004D494E00574C53204C494E004857204734
:10A9400041494E003E0020485A202F2055534220B6
:10A950005041434B45545320005852554E2055000A
:10A96000202F204F0052454144200020424C4F43AD
:10A970004B5300575249544520004246005553421C
:10A9800020535441525420425546464552004D4FA3
:10A990005245204652414D4553203D204D4F524592
:10A9A000205354415254204C4154454E4359204168
:10A9B0004E44204741502048454144524F4F4D009E
:10A9C000204652202F2000204D53003631343400D1
:10A9D0003330373230005343524F4C4C004F5045C8
:10A9E000524154494F4E2050454E44494E47004332
:10A9F0004845434B20494E5055540043555252450B
:10AA00004E542056414C55450045585052455353DD
:10AA1000494F4E004320544F20434C454152002E95
:10AA2000004152434849564500544F444159004162
:10AA30004354495645003132380032340030380032
:10AA40004E4F5720504C4159494E470030323A3111
:10AA5000380030343A30360041435449564954594D
:10AA60000034204D454D4F52592042414E4B53002A
:10AA70004845415020465245452000494E542052F9
:10AA8000414D004D4355205352414D202D204C49FE
:10AA9000564500494E5420524F4D004C494E4B45AF
:10AAA00044204649524D57415245004D435520469A
:10AAB0004C415348202D20494D41474500455854AD
:10AAC0002052414D003220582034204D4220464231
:10AAD0002042414E4B53202B2032204D42205249E0
:10AAE0004E4700464D4320534452414D202D2031C6
:10AAF00036204D420045585420524F4D004E4F20B5
:10AB000051535049204153534554530051535049D8
:10AB100020464C415348202D203634204D420057CA
:10AB20004156204C4942524152590053442043411E
:10AB3000524420554E415641494C41424C450057E4
:10AB4000414954494E4720464F522053544F524199
:10AB50004745005344204341524420495320434F2A
:10AB60004E4E454354454420544F205553420020F7
:10AB70005741562046494C450020574156204649EA
:10AB80004C4553004E4F205741562046494C4553A3
:10AB900020464F554E44005245434F5244204120D9
:10ABA00046494C45204F5220434F50592050434D69
:10ABB0002057415620544F20534400532F504449AE
:10ABC0004600574D383939340053454C45435449B4
:10ABD0004E4720574156004D4F4E4F00535445525B
:10ABE000454F004C4F4144494E470046494E49535A
:10ABF00048454400554E535550504F5254454420FB
:10AC000050434D2057415600534420434152442065
:10AC100052454D4F56454400504C41594241434BDB
:10AC2000204552524F52004241434B00534149315B
:10AC30002020444D4100204B485A20202F20200046
:10AC40002042495420202F202000564F4C554D457E
:10AC5000004D4F554E54494E4720534420434152D6
:10AC6000440053442043415244205245414459003A
:10AC7000464F524D415420434152442041532046B7
:10AC800041543332005344204341524420455252F0
:10AC90004F52004E4F20534420434152440020491C
:10ACA00054454D00204954454D530052454D4F5693
:10ACB0004520414E44205245494E5345525420436D
:10ACC00041524400494E534552542041204641547C
:10ACD00033322053442043415244005553454420CD
:10ACE000005344204341524420495320454D505481
:10ACF0005900204F4620005245434F5244494E4789
:10AD0000202D2034204D4943524F50484F4E45533B
:10AD100000444653444D20342D4D49432041525266
:10AD2000415900574D3839393420434F4445432069
:10AD3000524541445900574D3839393420434F4426
:10AD40004543204E4F5420464F554E44004E4558E3
:10AD5000542046494C45204155544F204E554D42B4
:10AD600045524544005354415254205245434F529A
:10AD700044494E470053544F50205245434F52448C
:10AD8000494E4700534156494E47205741560053BC
:10AD900054415254494E4700555342204F574E5349
:10ADA00020534420434152440044495341424C45BE
:10ADB0002055534220534420524541444552204996
:10ADC0004E2053455454494E475300575249544915
:10ADD0004E472057415620544F2053442043415260
:10ADE0004400534420434152442057524954452083
:10ADF0004552524F52004D4943524F50484F4E45D5
:10AE000020444D41204552524F5200524541445931
:10AE1000202D2054415020544F205245434F52443E
:10AE200000504C454153452057414954003136208C
:10AE30004B485A20202F202031362D4249542020C3
:10AE40002F20204D4F4E4F2057415600544F554311
:10AE50004847465820524742383838005245414406
:10AE6000494E47204341524400464154204F52200E
:10AE700046415433322052455155495245440053BE
:10AE800044204341524420495320534841524544B1
:10AE90002042592055534200524543454E540046E6
:10AEA00041564F524954455300534841524544007E
:10AEB0004B4149534552202F202D312E35444220FD
:10AEC0002F204E5335004D494E2D504841534520BB
:10AED0002F202D302E334442202F204E5335004C4E
:10AEE000494E454152202F202D302E334442202FF1
:10AEF000204E5335002B2F2D0044454C002F00379A
:10AF00000039002A0033002B00324B00344B00364E
:10AF10004B00384B0031304B002D3230002D343097
:10AF2000002D3630002D38300050484F544F53001C
:10AF30004D55534943004E4F5445530057454154D6
:10AF40004845520043414C43554C41544F52004DEB
:10AF50004150530043414D4552410043414C454E01
:10AF600044415200424F4F4B5300564944454F53C2
:10AF70000053595354454D007769647468203E3D31
:10AF800020444953504C41595F5749445448202666
:10AF90002620686569676874203E3D204449535007
:10AFA0004C41595F484549474854202626202246AF
:10AFB00072616D656275666665722063616E6E6F43
:10AFC0007420626520736D616C6C657220746861B9
:10AFD0006E20646973706C61792200766972747591
:10AFE000616C20766F696420746F7563686766783A
:10AFF0003A3A48414C3A3A7365744672616D65421B
:10B00000756666657253697A652875696E7431363E
:10B010005F742C2075696E7431365F742900433A71
:10B020002F546F7563684746582F342E32362E31B1
:10B030002F746F7563686766782F6672616D6577C8
:10B040006F726B2F696E636C7564652F746F7563B7
:10B05000686766782F68616C2F48414C2E68707065
:10B06000006672616D6542756666657220213D20DD
:10B0700030202626202241206672616D6562756649
:10B080006665722061646472657373206D75737494
:10B090002062652073657422007669727475616C34
:10B0A00020766F696420746F7563686766783A3AD2
:10B0B00048414C3A3A7365744672616D65427566F3
:10B0C000666572537461727441646472657373650A
:10B0D0007328766F69642A2C20766F69642A2C2085
:10B0E000766F69642A2900286672616D655F6275F2
:10B0F000666665725F73656D20213D204E554C4C30
:10B100002920262620224372656174696F6E206FA4
:10B1100066206672616D656275666665722073652C
:10B120006D6170686F7265206661696C656422008C
:10B1300073746174696320766F696420746F7563DA
:10B14000686766783A3A4F535772617070657273E8
:10B150003A3A696E697469616C697A6528290043B5
:10B160003A2F55736572732F476172792F44657357
:10B170006B746F702F663736392F663736392F5418
:10B180006F7563684746582F7461726765742F67DF
:10B19000656E6572617465642F4F5357726170708C
:10B1A0006572732E63707000287673796E635F73B7
:10B1B000656D20213D204E554C4C2920262620220D
:10B1C0004372656174696F6E206F66207673796E65
:10B1D000632073656D6170686F7265206661696C6C
:10B1E00065642200302026262022444D41206F70C5
:10B1F00065726174696F6E206E6F74207375707004
:10B200006F7274656422007669727475616C207661
:10B210006F69642053544D3332444D413A3A73655B
:10B2200074757044617461436F707928636F6E73D5
:10B230007420746F7563686766783A3A426C697413
:10B240004F70262900433A2F55736572732F47615B
:10B2500072792F4465736B746F702F663736392F90
:10B26000663736392F546F7563684746582F7461B7
:10B27000726765742F67656E6572617465642F53BC
:10B28000544D3332444D412E6370700076697274B0
:10B2900075616C20766F69642053544D3332444D90
:10B2A000413A3A73657475704461746146696C6CB7
:10B2B00028636F6E737420746F7563686766783A7D
:10B2C0003A426C69744F702629002C2066756E63B3
:10B2D00074696F6E3A2000617373657274696F6E82
:10B2E0002022257322206661696C65643A206669B4
:10B2F0006C6520222573222C206C696E65202564E4
:10B30000257325730A00232D302B2000686C4C0018
:10B310006566674546470030313233343536373855
:10B3200039414243444546003031323334353637B3
:10B330003839616263646566004355454141414166
:10B340004345454549494941414592924F4F4F55E3
:10B3500055594F554F9C4F9E9F41494F55A5A5A606
:10B36000A7A8A9AAABACADAEAFB0B1B2B3B44141DE
:10B3700041B8B9BABBBCBDBEBFC0C1C2C3C4C541E0
:10B3800041C8C9CACBCCCDCECFD1D145454549491D
:10B390004949D9DADBDCDD49DF4FE14F4F4F4FE65A
:10B3A000E8E85555555959EEEFF0F1F2F3F4F5F69A
:10B3B000F7F8F9FAFBFCFDFEFF01000000000010A9
:10B3C00000800000AA00389B710000009C15EE3F31
:10B3D0005E83EC3FEBE0EA3F62C4DF3FD7B3DD3F83
:10B3E0001A94DB3F029FCD3F3419CB3F7B85C83F8A
:10B3F000F7F4B73FF304B53F8708B23F26259F3FD8
:10B40000CAD79B3FC07F983F3D9C833F0000803F51
:10B41000FBB5783FB0A54B3F15EF433F0D2B3C3FAD
:10B42000D1FF4B0090FF9E0028FF200188FEE50120
:10B4300092FD1B0303FC330503F9F709DBEF5126EB
:10B4400057732AE9630CBDF7FF0575FB840341FDC3
:10B45000260254FE4A0106FFBA007AFF5C00C4FFD0
:10B46000B5FF760053FFF300B7FEB401C8FDDB0261
:10B4700059FCAC04FBF9E50746F5A60F34E57A5113
:10B480007E5134E5A60F46F5E507FBF9AC0459FCFF
:10B49000DB02C8FDB401B7FEF30053FF7600B5FF31
:10B4A000C4FF5C007AFFBA0006FF4A0154FE260280
:10B4B00041FD840375FBFF05BDF7630C2AE9577353
:10B4C0005126DBEFF70903F9330503FC1B0392FD5B
:10B4D000E50188FE200128FF9E0090FF4B00D1FF70
:10B4E000048375BC3EF2FA3C68B1CD3B504EBEBC05
:10B4F0005CA9CEBCC37D02BB4AADC63C1FB0023DB9
:10B500003E41703C240A82BCC8E31EBD892A19BD95
:10B510008D621FBC7B62F23C709D693D2A0D5A3DD5
:10B52000DBC16D3CB2E530BDD12DB9BDD279C8BD0E
:10B53000D9BF51BD61F1253DBA75163E2CB86A3EA2
:10B540009EF1833EB86B673E23C71D3EB14C9F3DC5
:10B550009694EC3C717F813CD6358A3C5768C3BBDE
:10B5600048EC0CBD3FF39A3D1FD49E3B7E467CBD0C
:10B570004BCE4BBD1E796C3CA93F863D12E5743D18
:10B580003E4A573BCBEA73BD56A6A6BD485237BDCF
:10B590006BB3E03C8359B43D08F9C43D1D142E3D06
:10B5A000119537BD7CCDEEBDF8D005BED95F99BDF4
:10B5B0006808E43C6F5E093E84D3513E8BE9653EEA
:10B5C000ADB4503E6A352A3EB793033E4B8BBA3D2D
:10B5D000D7F53E3D2390213792B7A8BC433C5F3C52
:10B5E000E3CC17BE8F24B63D698C283E3D92B13D19
:10B5F000F59844BD2D231DBEBD2325BEC6FCA5BDAB
:10B60000C6164A3D63AB1C3EA99D403E62A2053E64
:10B6100070F68E3C7962DDBD94363BBE49743FBE08
:10B620009031ECBD70DE4ABC50BDB03DAB330B3E3B
:10B63000A8B50D3ED4E1D33D90679C3DABC19C3D88
:10B640008EC9F43D60162F3E90594B3E8100213E3D
:10B6500033536D3DD07E61BDDF778EBD268FFA3DC1
:10B660002746FF3DD0B223BE843EFCBD53C70B3DF1
:10B67000CEE3193EFA510E3E32FEF13CCA6CD3BD08
:10B68000D9822BBE6B6408BE599988BCA5BADC3D33
:10B69000E8B3363EEF061C3E2881573DFE5F98BD5D
:10B6A000607922BEF05B2EBE8381D8BD8E9949BCE5
:10B6B00011DB8B3D7FC1C93D528BBC3D9FBC9B3D87
:10B6C000B940C33D47B21A3EF5805E3E2986673ECB
:10B6D0007E14133EF33DC0BB34BB97BDAEDE2B3EA4
:10B6E000DF2291C049600A4149600AC1DF229140CE
:10B6F000000080BF64788EC031A4064131A406C129
:10B7000064788E40000080BF78F57A3E78F5FA3E86
:10B7100078F57A3EFE8EAA3C16E093BA514D7E3EF5
:10B72000514DFE3E514D7E3E8FB5823C67BF18BCE9
:10B73000029A823E029A023F029A823EB4FEBE3BC9
:10B740004D40D6BC3E0C883E3E0C083F3E0C883E29
:10B75000D68328BCC96657BD9CE08F3E9CE00F3F56
:10B760009CE08F3EB2630ABDE7D7B8BDFCB39A3EFA
:10B77000FCB31A3FFCB39A3EC5E588BD012D11BE4E
:10B780003488A93E3488293F3488A93E84A6E7BD81
:10B790005F6E58BE9017BE3E90173E3F9017BE3E5C
:10B7A000753837BE05C29CBEC2B7DB3EC2B75B3F31
:10B7B000C2B7DB3E58AF8DBEAF2FE1BEC65B053FC3
:10B7C000C65B853FC65B053FC63BE0BE365125BF25
:10B7D000C010583EC010D83EC010583E0CA1273EA5
:10B7E000AD81FCBBB6025B3EB602DB3EB6025B3E01
:10B7F00082E0233EB8B57EBCEE18613EEE18E13E15
:10B80000EE18613E5F061C3E57A801BDF9B86A3EBE
:10B81000F9B8EA3EF9B86A3EA9750F3E2C6669BDD3
:10B82000BE99783EBE99F83EBE99783EFDEAF93D54
:10B83000E9B8BEBD3EEF853E3EEF053F3EEF853E9B
:10B84000DC40C53D5E1A12BE7035933E7035133F25
:10B850007035933E0EDE743D06E356BEF9C3A53E39
:10B86000F9C3253FF9C3A53E18E6DF3B7B8F9ABE9F
:10B8700052D4C03E52D4403F52D4C03E430797BD3D
:10B88000788FDDBEE298EC3EE2986C3FE298EC3EA9
:10B89000940C58BE9F2E23BF3F26B03D3F26303E1E
:10B8A0003F26B03D92A1543FC8D232BE22DFB33D05
:10B8B00022DF333E22DFB33DCE1F593F7D3D4CBEDC
:10B8C000EA99BB3DEA993B3EEA99BB3D6874623F09
:10B8D000B98280BECDF2C73DCDF2473ECDF2C73D25
:10B8E000EF5B713FABAAAABE50EFD93D50EF593E76
:10B8F00050EFD93D0989833F7513E8BEA823F33D76
:10B90000A823733EA823F33D5FBF923F92101FBF51
:10B91000B3F50A3EB3F58A3EB3F50A3E41BDA73FF3
:10B9200036705ABF151CA33D151C233E151CA33DA4
:10B9300011F45F3F6C0846BEF679A63DF679263EC7
:10B94000F679A63D7193643FB2415FBE1D75AD3D72
:10B950001D752D3E1D75AD3D3F296E3F9BC789BEB0
:10B960008694B83D8694383E8694B83DCE6E7D3F31
:10B970002272B3BE3EB8C83D3EB8483E3EB8C83D50
:10B98000E0CB893FBFE7EFBE1136DF3D11365F3EAA
:10B990001136DF3DB03C993F691422BFBA02FE3D2B
:10B9A000BA027E3EBA02FE3D9961AE3F8FC45BBFD4
:10B9B000744D733B744DF33B744D733BCC5EE63F6B
:10B9C000CE8A50BFF050603CF050E03CF050603CFC
:10B9D0007F92E23F0D2A53BFABB7003DABB7803D2E
:10B9E000ABB7003DBFFADB3F692358BFA7DD593D28
:10B9F000A7DDD93DA7DD593D1F47D43FA8055FBF4F
:10BA0000182C993D182C193E182C993D3A60CD3FC1
:10BA1000815667BF3C4FBD3D3C4F3D3E3C4FBD3D19
:10BA20002E03C93FFAAD70BF646CD33D646C533EC6
:10BA3000646CD33D6585C83FFCC07ABFF7BE903BC0
:10BA4000F7BE103CF7BE903B97FAE33F267B4CBF16
:10BA50001540853C1540053D1540853C435FDF3F63
:10BA600088664FBFA986183DA986983DA986183DCE
:10BA7000F262D73F8FE754BF90B0803D90B0003E58
:10BA800090B0803D1D0ECE3F82745CBF2875B43DE2
:10BA90002875343E2875B43D8CA1C53FAC7D65BF8B
:10BAA000A5A3DE3DA5A35E3EA5A3DE3DED1EC03FE2
:10BAB000AD8F6FBFCF93F83DCF93783ECF93F83DD6
:10BAC000B90ABF3F595F7ABF5E07293881D62C3C3F
:10BAD0002957DC3D86173E3E670253BDD482D4BC55
:10BAE0003BB4543DAF4560BD854B493D645729BDCE
:10BAF000C8330A3DF02BDEBC212FB13CFABC8CBC14
:10BB00009A235F3C42BF30BCD9F80B3C40B6DDBB4A
:10BB1000F598AF3BFA068BBB43E85B3BE4862DBB55
:10BB2000EE5F083B2E36D5BAAAE7A43AFD757CBA7B
:10BB30004C6C3E3AE3B60CBA777CCA39CFE38CB989
:10BB40009F113C391538EEB810DF8C38095617B8FC
:10BB5000937C8B37A881BAB6D78A1334DAB3EE3523
:10BB60002A3DE1B5404987B106BDA139522BBA3C07
:10BB7000673F153E47AD183E220BC3BD5EA8EF3CA4
:10BB8000C6F30E3CA8B7D7BCD4C3053DBB5608BD11
:10BB9000BBD8FF3CC9C8E5BC34EEC83CE576ACBCBC
:10BBA0001FE4913CB8B673BC1023493C250424BC67
:10BBB0006E16043C54F2D1BB4B7BA43BCBBE7DBB89
:10BBC000D360403B1F360FBB3A6ED03A642A94BA1A
:10BBD00024184D3A1E6F09BA57E6B0392A1C58B9D5
:10BBE0000DE0F538859C7BB85495D5379CF6DBB6CF
:10BBF000C90A16B66E22A83666D29BB6657347365A
:10BC0000308C76B5117CDBB460A0AD3A1D3F2F3D82
:10BC1000E51E363ECB02B53D84CFD4BD399A8A3D70
:10BC2000F1BE0CBD16F7423C3743D63A5CD515BC85
:10BC3000D374523C31B768BC18ED673C14C159BC91
:10BC40001D55443C6F962BBC960C123C80ADF2BB4C
:10BC50003DF0C43B330F9CBBEB3A713B0B7D35BBD6
:10BC6000AC7B043B1830BBBA40907D3A7E8723BA48
:10BC7000663BC6396D065CB971C4D23821B00FB8C5
:10BC8000DD10FDB5FF6E9837DA8CBBB72B10A837E7
:10BC900095627BB7630920375959A5B6FC1BD4358B
:10BCA0006232E23499B0E0B0A948883B2BA6923DBD
:10BCB0004DA8463E3109803C16A39DBD7AC79A3DEA
:10BCC000934E70BD90062A3D4DF5E3BC9C01923C1D
:10BCD0005B5C31BC1255C73B41D242BBE48E853A16
:10BCE000FFE7063981563EBAF6907B3AF7DA7CBA1E
:10BCF00072B15B3ACB0F2ABAD26BE839D01184B952
:10BD000024F2BD38FEC4F73744D0ECB805212839F9
:10BD1000F0E639B986193439A9471FB914D8023960
:10BD200051FBC8B8FB4490388F4B40B83A4EEA37C5
:10BD3000C59D7CB78A57DE3623D4E6B5613D26B56E
:10BD4000BE4B87352F997C33A719CB37F148E53B9C
:10BD5000FB5EA83D9B20403E8799E53B41359CBD5D
:10BD6000DA8C9B3D9FB262BD4E81093DAFAE83BC74
:10BD70009CAB623B2E77A63BA2F92CBC22DF623C37
:10BD8000B0D77FBC51E6853C7B2A86BCA9AB823C00
:10BD9000908879BC2BC86A3CB2615ABC403A493C95
:10BDA000E5EF37BC39EF263C338216BC5DDA063C42
:10BDB000AD2FF0BB699CD43BC10FBBBBF090A33B44
:10BDC000FB1C8EBB4752753B634952BB96F4323B1A
:10BDD000572617BB4E1EFD3A8D6AD2BAFB2BAD3AE1
:10BDE00010088DBA1140633AA70335BA55670E3A69
:10BDF0005AF6DCB970BAA8395BF77CB97C8239395C
:10BE00009F7104B9D9D2B638784D71B85D651538CF
:10BE1000400AA7B7E3981837023809B6498A12B61C
:10BE2000AA9392369479ACB63EA3A73643D990B67E
:10BE3000A3CD6236D92C1FB6BDCEBB35EB9A08B563
:10BE40009F8A92B465AB71344D55473976477E3C35
:10BE5000C2B1EF3D8125323E435160BD93A8E7BC9E
:10BE600073F76B3D1B8373BD7BD54F3D808F21BD29
:10BE7000FBC6EB3CF349A2BCDBC64F3CED31ECBB4F
:10BE800044D44B3B9DE3EAB83FBD04BBB837653BA8
:10BE9000892392BBB6F3A43B3A29AEBB8F30B03BAB
:10BEA0008AEDACBB6EDAA53BBF1F9CBB5CA6903B8A
:10BEB0002E2584BBED566E3B4C5154BBC1E43A3B3E
:10BEC000499222BBE4B70B3B022DEDBAE9ACC63A6E
:10BED0009026A4BAF15D853A05A055BA63B7273A12
:10BEE000829B00BAF6E2BF3989728AB920543F3981
:10BEF000BBC6F8B8BEBD9238ACBC0EB8FAE40E377B
:10BF000002CC1037904BA1B7116BD0370BEEE0B7D6
:10BF10000617DC37F462C9B712B9AE373A9A90B750
:10BF200047956437E80E2CB772C3F4366CE0A1B6BF
:10BF30005B0B4036B3C0B8B589FFA6347051D0341E
:10BF4000FA6313B5F31D47B4EC005B3ADD52F73CDE
:10BF50004C2D1B3E89410A3E681CC1BD6591CB3CFE
:10BF60005BCD933CD5731ABD9BD2323DD9A82EBD73
:10BF700020DD1D3D41CE08BD2C36E73C8E3BC0BCCC
:10BF8000FE0B9E3C9DE080BC3BD6503C724E28BCD4
:10BF90004A06073C5ECAD7BBFCDAAB3BB98288BB1A
:10BFA0002089583B9BB92BBB4074083BB8DAD9BAFF
:10BFB000F446AF3AB6A88EBAFBCD6B3A218946BAA1
:10BFC0003BA52A3A26CB15BAD716063A6316F4B91A
:10BFD0005E9DE039EB5BD1B950A2C23929FDB4B9FD
:10BFE000B90DA839AE469BB9724D8E39840781B917
:10BFF00073166739E4184CB93B993139401C18B9AC
:10C00000B9190039FAE6D3B860E1AB38EB7988B8F2
:10C0100074A453381DBA1FB83B98E9371265A4B70A
:10C0200037655C37DB3D0AB73AC19C36215413B6FD
:10C030006B281D3515CBC03431D656B5105452354A
:10C04000696571B44B905EB33B1A303B14C9563DE1
:10C05000CB30363E53AD9A3D5519D0BD4344833D58
:10C060001625D2BC172F87BAEE608A3C0748CEBC93
:10C070004304EB3C7A71F0BC7BB8E83C591ADABC5B
:10C080000557C83CD59FB5BC8232A33CB3B991BC1F
:10C090005088813C847B65BCEBB74A3C48A932BCE4
:10C0A00091221D3CA8EF09BC96B5F13B385FD3BB8C
:10C0B0007D79B83B17A9A0BBAC9A8B3B680572BBD6
:10C0C000403A513B9F5934BBE5F51A3B27AF04BBBF
:10C0D0003139E23AC64DC0BA6F79A23A027F88BAC6
:10C0E000B912643A22663DBA06331C3A9993FFB9F5
:10C0F000C725CF395518A6B919898339A5604DB917
:10C10000E5B51D39A699EDB8D5F6AE3832BD7AB889
:10C110009BB02D387A5CE6B7F1E58F37574224B7EC
:10C120009B8D9F3648D9CAB5CACCD4B4ADF3B435CB
:10C130007100DDB5E609CC35B6CE93B52E69EE3487
:10C1400062F0CC3475332333D3190AB4F69EAA3681
:10C15000CEBE8FB7C6FA313801B7BAB8307E2F39A4
:10C16000E12498B9F8A9F739D7813FBA0CE98D3A9B
:10C1700019EDCABAB5CD0C3B1AA83EBBBC527D3BEB
:10C18000483FA6BB2383D93BCCDD0FBC4680453C52
:10C190002B5995BC64B8183DD67A763E1DD5C2BCE5
:10C1A000F152303C210EC4BB4494663B9D1907BB41
:10C1B00082F0963AD37917BA0CA76B39A00BA9B7BE
:10C1C0004983B2B83A6E0439E42707B9A9FCE838C4
:10C1D0008CD4B2B8533D7838EF701BB86380AC375D
:10C1E0006B7722B749866936BD326534445B8A363F
:10C1F0006CF78AB7F8023D38DF62D4B8584D53392E
:10C200002DA6C0B9B844243A50C784BAD679CD3ADD
:10C210001C5D19BB87495E3B51619DBB9D21DB3B8A
:10C22000762D17BC31EC503C681093BC24CFD93C20
:10C230001C7E37BD9A0EF23D0329473EB4B250BD75
:10C2400083BFE13C873E90BCD23B443C949A08BCFF
:10C2500012C7BE3B17FC83BB024C333B0D4AEDBA01
:10C2600004CE973A7C2D3ABAA185D839ED3D6BB909
:10C270003E46E938BE7D4AB83CDE8B37009853B65F
:10C28000440391B5F670C235F670C235440391B5DA
:10C29000009853B63CDE8B37BE7D4AB83E46E9383F
:10C2A000ED3D6BB9A185D8397C2D3ABA04CE973AC9
:10C2B0000D4AEDBA024C333B17FC83BB12C7BE3BA1
:10C2C000949A08BCD23B443C873E90BC83BFE13C7F
:10C2D000B4B250BD0329473E9A0EF23D1C7E37BDD5
:10C2E00024CFD93C681093BC31EC503C762D17BC60
:10C2F0009D21DB3B51619DBB87495E3B1C5D19BBAA
:10C30000D679CD3A50C784BAB844243A2DA6C0B9DC
:10C31000584D5339DF62D4B8F8023D386CF78AB70C
:10C32000445B8A36BD326534498669366B7722B7FD
:10C330006380AC37EF701BB8533D78388CD4B2B8FB
:10C34000A9FCE838E42707B93A6E04394983B2B842
:10C35000A00BA9B70CA76B39D37917BA82F0963A1C
:10C360009D1907BB4494663B210EC4BBF152303C7F
:10C370001DD5C2BCD67A763E64B8183D2B5995BC03
:10C380004680453CCCDD0FBC2383D93B483FA6BB50
:10C39000BC527D3B1AA83EBBB5CD0C3B19EDCABAC9
:10C3A0000CE98D3AD7813FBAF8A9F739E12498B959
:10C3B000307E2F3901B7BAB8C6FA3138CEBE8FB742
:10C3C000F69EAA36D3190AB4F0B1AE3311BC8C363E
:10C3D000965521B7FB8E9837630202B8BBB14E3831
:10C3E000BA1E9CB8869BE2385E361FB995BA593999
:10C3F000507691B9887BBE39DB0DF5B9712B1B3AAC
:10C400007AC541BA4BF56E3ACEB291BAAEE8AF3AC0
:10C41000C787D2BA1B12FA3A5B9713BBE15F2D3B79
:10C42000C8034BBBCE726D3BC4108BBB03B7A33BA1
:10C430009CB5C2BB7AD2EB3BC16713BCD12C433C49
:10C440009E4991BC8456153D939E773EFDDBCDBC45
:10C450004317493C8CA8F8BB939BA83B02CA6EBB10
:10C46000A1712C3BDE58FABAA9ACB43A725280BA28
:10C47000C141313ADD0CEAB9C0438F39499F17B940
:10C48000B19E563894E5703713F472B86A04B13827
:10C490009E3BCDB8E32BD538BCABCEB8717EBE3851
:10C4A000727BA8B8EFA38F380C866CB8FEFE3B38C1
:10C4B0009AF30FB81371D33701DF93B7B4944237AF
:10C4C000785DECB654B98136F4726F35CE6C1536A2
:10C4D000403EEBB6F8037F37A539EDB7C065493864
:10C4E000FD82A0B81FFDF3387B9D32B91A9A7D39C1
:10C4F0006373AFB9E576ED39D8A61DBA46D94D3A82
:10C50000DD6B84BAA82AA83AF61FD3BA9034033B4D
:10C5100092AC21BBBFC7453BB58E70BB2EB0913BE3
:10C520007711B0BBABCBD43BCFFB00BCB67A1D3C84
:10C530000DCA42BC265C763C82D9A1BCD5F7E33C4F
:10C54000C6033ABD5BFAF13D91DD473EBC0C56BDDA
:10C550002AFCF03C8A4AA3BCCA35703CC28F38BC66
:10C56000EC64113C7468E8BBB132BB3BDA4497BB66
:10C570004671743B2EF744BBAEEF1D3BA291FBBA54
:10C5800040A6C63AA0419BBAADC46F3ABD8F36BA39
:10C5900083C3083A6715C9B9D6999039DA984AB968
:10C5A000B77F09399167B3B81B555E38324100B87F
:10C5B000B7728437EECCDDB6ED16BB355AB49B3579
:10C5C000CEBE0BB6A59A1E36A59A1E36CEBE0BB6AB
:10C5D0005AB49B35ED16BB35EECCDDB6B772843759
:10C5E000324100B81B555E389167B3B8B77F09393F
:10C5F000DA984AB9D69990396715C9B983C3083A08
:10C60000BD8F36BAADC46F3AA0419BBA40A6C63AB8
:10C61000A291FBBAAEEF1D3B2EF744BB4671743BB3
:10C62000DA4497BBB132BB3B7468E8BBEC64113CA5
:10C63000C28F38BCCA35703C8A4AA3BC2AFCF03C85
:10C64000BC0C56BD91DD473E5BFAF13DC6033ABDD9
:10C65000D5F7E33C82D9A1BC265C763C0DCA42BC2E
:10C66000B67A1D3CCFFB00BCABCBD43B7711B0BB43
:10C670002EB0913BB58E70BBBFC7453B92AC21BB82
:10C680009034033BF61FD3BAA82AA83ADD6B84BACC
:10C6900046D94D3AD8A61DBAE576ED396373AFB9E0
:10C6A0001A9A7D397B9D32B91FFDF338FD82A0B8FF
:10C6B000C0654938A539EDB7F8037F37403EEBB682
:10C6C000CE6C1536F4726F3554B98136785DECB6A0
:10C6D000B494423701DF93B71371D3379AF30FB88D
:10C6E000FEFE3B380C866CB8EFA38F38727BA8B87F
:10C6F000717EBE38BCABCEB8E32BD5389E3BCDB8EF
:10C700006A04B13813F472B894E57037B19E5638A4
:10C71000499F17B9C0438F39DD0CEAB9C141313A9D
:10C72000725280BAA9ACB43ADE58FABAA1712C3B65
:10C7300002CA6EBB939BA83B8CA8F8BB4317493C2D
:10C74000FDDBCDBC939E773E8456153D9E4991BC42
:10C75000D12C433CC16713BC7AD2EB3B9CB5C2BB26
:10C7600003B7A33BC4108BBBCE726D3BC8034BBB5E
:10C77000E15F2D3B5B9713BB1B12FA3AC787D2BA16
:10C78000AEE8AF3ACEB291BA4BF56E3A7AC541BA3D
:10C79000712B1B3ADB0DF5B9887BBE39507691B908
:10C7A00095BA59395E361FB9869BE238BA1E9CB8D5
:10C7B000BBB14E38630202B8FB8E9837965521B74D
:10C7C00011BC8C36F0B1AE3386D12237B595703BB3
:10C7D0002C146B3D10E5383ED5D4833D590ACFBDAE
:10C7E000742F903D88770FBD1DB1193C9E4ED13BF3
:10C7F0005EDF74BC4DE4993CCA72A1BCA1F19A3CC5
:10C80000ACBE8CBC4FD8753C171C50BCB67B2B3CC7
:10C810003BDC09BC967FD83BC519A6BB1600793B0B
:10C82000E03B36BB3C34023B1913B5BAAC39753A20
:10C83000666421BA21A2CD3954127CB93A5F13390A
:10C840002D54A2B86625253872C495B7D08DDF3631
:10C850001D2BCDB54E45BEB4695F3F35AB730AB5F0
:10C8600093DB7A34E4228BB2DAE2A838F55B0F3C32
:10C870009BF4B33D69933F3E0BF1A2BBC3F18EBD68
:10C88000912D9B3D57D273BD71AB253DEAF4C8BCD9
:10C890006DFB513CC03B9DBBC0E9B7B9E0CE5E3BF0
:10C8A0004FCDA2BB2038B53BAD41B2BB2772A23BF6
:10C8B00033F38BBB6F30663B4E8D35BBDE90093B4F
:10C8C000DC2CC8BA31CB8B3A13FF39BABCFEEA393B
:10C8D000F8D78BB94E2F1A392B1D98B86043F6370D
:10C8E000F55BE1B6EB9860B6EBF5D536C80CC9B68A
:10C8F000356F9236759031B65509B2358D3508B51C
:10C90000DC40D033C477893381D1C6399ABE953C97
:10C910009D53FB3D699C2D3EA6DC84BDEEF493BC8B
:10C9200086C3503DB92F67BD2C4F4F3D689329BD3D
:10C9300024C6033D37E1C5BC39A0903C966C4EBC83
:10C9400066FF0F3C9378C4BBD336833B04172CBBE4
:10C950003B1EDF3AA7D290BA1608403A212805BA02
:10C960003BE5C439BCF699B9E44B7D39116F53B935
:10C97000A2F12D39F6A80AB9B237D43808F89AB816
:10C98000BBD35638676F0CB8549CAB37884F41B750
:10C990003A2DC43619DA2BB660586B35E18028B4CD
:10C9A00037CC87B3F019AAB202DAAB3A239D0B3D1C
:10C9B000C205203EBFC1013EAB99CCBDAEB30F3D19
:10C9C000C35BFE3BE497ECBC57A9153D7CA417BDA7
:10C9D00087920B3DAAA8F3BC3890CD3CC233A9BCCA
:10C9E0009D8F883C0ABD58BC0A62293CC87E02BCA7
:10C9F000645BC63B79CD94BB48775C3B325221BB2C
:10CA0000C955E93A7564A6BAD9706A3AC8BD22BA5E
:10CA1000DE9BDD39B42B93B980733D39DE9BEAB8D8
:10CA2000D0738A3881D119B826ED9D37355611B7A4
:10CA300056A56136BF7F79B570430133CD9B2E3447
:10CA400034ACDAB39243EA3051512337183B5E3BA2
:10CA500028A6533DA3522E3E61EBB33DC470D1BD19
:10CA6000CA054F3D39CE96BB08A7BDBC9B6C143D93
:10CA70007D2424BDDFDC1E3D96540FBD2BA5F73C65
:10CA80004F8FCFBC9FE8A93C244488BC4C49563CFE
:10CA900039FB24BC1EF1F73B44C1B4BBA60C7D3B63
:10CAA00003DB26BBBD1AC73AD86640BAD2ED1C39A3
:10CAB00042758D39D7AD11BA89B0403A6DD359BAA4
:10CAC000B73E623A174C5EBA169B513A34243FBACD
:10CAD000767E293A5E8E11BAE5F1F53997F0C9B93B
:10CAE000F4A6A039DC5D77B9EFD43739C92403B98E
:10CAF000A9B1B13871D85FB88002FA371C7556B742
:10CB000057E491355DFFD636FA7033B76CE2533790
:10CB10008BB358B72B754B371F9D33B7B3C416373C
:10CB2000D4DBF1B66990B936D2E787B63EFB3C3626
:10CB30008BDEF6B587879435C2D11DB50C008234E3
:10CB40008651A9B2040CD4B30B31A53899DA023C52
:10CB5000BB91A23D595A3A3EBB57BF3C112BB4BDC5
:10CB60001943993D288F30BD8188713CBCCFAD3BC6
:10CB7000ED3391BC4A8AC83CB780E0BC3280E43CCB
:10CB8000E179DCBC6BB5CD3CB69ABBBCEF4DA83CA3
:10CB90001C1E95BCF4CF823C1E9F63BC88A1443C04
:10CBA0007EC828BC050A103CA584F4BBB47DCE3BEE
:10CBB000158BADBB8332913B30F371BB91D2483BB7
:10CBC000E32026BB2B0A093BC695E1BA2E64B93A8D
:10CBD0000D1698BA7D6C7A3ABF3E4DBA4D57283A39
:10CBE0002B800ABA7E9AE439F401BDB944469C39D7
:10CBF000F4F480B9D9FC53394A372DB996710C3900
:10CC0000E694E1B82D20B338B9608CB825B958380E
:10CC1000296D24B8C299F43736D1B1B738B67B370D
:10CC2000EC922CB7129BE33653DE8EB68DE127369D
:10CC3000130FB3B57CA72135931940B4E74B26B346
:10CC4000B81505341BFCA932861FBE391E8D873CE2
:10CC5000A1E3E43DBB3D313E301C20BDDC4A43BD79
:10CC6000CCFC8E3D1D9A7BBDB868333DAABBD6BCBB
:10CC7000CAFF403C6CA084BA68B3D5BB79333C3C56
:10CC8000B3E56DBC0847843CD46C89BC86E4883C21
:10CC90000B8584BCFD497B3CEB776ABCC7F7573CEE
:10CCA00003C844BC019D313C14F51EBCB8260D3CA4
:10CCB0000CD6F8BB3ACAD93B6D4FBDBB4772A33BFC
:10CCC000EC2C8CBB09D76E3B44204ABB68EE293B59
:10CCD0001CCE0DBBAC9EEB3AB703C2BAC68A9E3AD5
:10CCE0008AB580BA71AF4F3A167D26BA0689043AE2
:10CCF0004560D1B953F0A33908307EB9ABDA423977
:10CD00004B7913B99900DC381263A1B856436838DF
:10CD1000FE6A23B808E8DF374A8294B7B62F3D375A
:10CD2000FF92E4B65E368036C10E00B642124C3534
:10CD30003D9F0FB4F4FE26B49537823480F56AB473
:10CD4000C3E2FC33BD9B21323039A13A0898FB3C49
:10CD500063BF133EA323103EFE86ADBD702B933BF5
:10CD60009B851F3D11BC59BDF81E543D9F8A33BDA4
:10CD700068870B3D4152CABC5302883C8ED123BC0C
:10CD80005CBD9D3B1B2D63BA0C5406BB4A57873BC9
:10CD900044B7B5BB0DF8D23BE7F0E2BB48BFE83B78
:10CDA0002FE6E6BB386ADF3BC7E9D3BB51B0C53BD2
:10CDB0002DC6B5BBB6FCA43B44F893BBBC37833B44
:10CDC0001A3666BB32D0473B279E2BBBEDE2113BA8
:10CDD000F11DF5BAAB4BCC3A0A22A8BA45A3883A62
:10CDE0005C715BBA6F2B2E3A4D9C08BAB0A8D33950
:10CDF0009CCAA1B9BABC7339C39834B96D5303390D
:10CE000093E0BAB89A908138030F2EB8929AE0371F
:10CE1000D94689B7CB041B37A11799B6CAEDDE35C1
:10CE2000AE89DDB12AFA58B5112F92357F108EB533
:10CE3000E2F169352F3B29B52556D43470BD4BB48A
:10CE4000DEC342B239A83A3000090F0E07100B0AB0
:10CE500004070B080F100A0100090F0E07100B0A38
:10CE600004070B080F100A01FFFFFF260000000057
:10CE700000000000000000000000000000000000B2
:10CE80000000000000250B090100250C0A02260005
:10CE9000000000250000000000000000000000006D
:10CEA00000000000000000000000000000260A0C46
:10CEB000020026090B012500000000FFFFFFFFFF15
:10CEC000FFFFFFFFFF000000000000000000000067
:10CED000000000000004040404040000000000043A
:10CEE0000404040400000000000000000000000032
:10CEF0000000000000000000000000000000000032
:10CF00000000000000000000000000000000000021
:10CF10000000000000000000000000000000000110
:10CF20000120200000010200001802033B00000065
:10CF30001801033C00000018040339000000180326
:10CF4000033A000000850100840100000179798026
:10CF500009800901000080308A40B1A99134B450A1
:10CF60004E8166A1089201959433A31B8283830EA0
:10CF7000A6A0B0C0D090E0F00055777F2C02FF0053
:10CF8000000066B606B106000001DF0000031F00C6
:10CF90000000000000000000658F0108D18F01082B
:10CFA000918F0108AF8F0108000000000000000011
:10CFB000152702088D270208A1270208BD270208AD
:10CFC000E98F01080F900108678F0108DD8F0108C4
:10CFD000698F0108252A02084F8F0108F1260208EF
:10CFE000518F0108B5270208BD3202085D270208EB
:10CFF000312C02082D2702086D29020800000000CC
:10D00000000000008F8F0108C58F0108898F01087B
:10D010005D8F01085F8F0108FF8F0108618F010894
:10D020000000000000000000DF910108DF9101080E
:10D03000D9910108E1910108FCFFFFFF0000000009
:10D04000DB910108ED9101085CAE0208ABAC02086F
:10D0500069AE0208ABAC02087FAE020898AE0208C7
:10D060009FAE0208A9AE020843534200B0AE0208C8
:10D07000C6AE0208DFAE020800000000000000009B
:10D080007F920108ED950108A99C0108739201089F
:10D09000E93A0208513A0208439601080992010848
:10D0A000693A020829980108A93A0208833A020855
:10D0B0000D920108119201081592010819920108B8
:10D0C0001D9201081F920108219201082392010874
:10D0D00025920108493B0208279201083F92010866
:10D0E000000000000000000081920108E1950108A5
:10D0F000DDA8010873920108E93A0208513A0208D2
:10D100004396010809920108693A02082998010822
:10D11000A93A0208833A02080D9201081192010807
:10D1200015920108199201081D9201081F92010829
:10D13000219201082392010825920108493B020827
:10D14000279201083F920108000000000000000043
:10D1500083920108D595010849EB010873920108F3
:10D16000E93A0208513A0208439601080992010877
:10D17000693A020829980108A93A0208833A020884
:10D180000D920108119201081592010819920108E7
:10D190001D9201081F9201082192010823920108A3
:10D1A00025920108493B0208279201083F92010895
:10D1B00000000000000000008592010805960108AB
:10D1C0006392010865920108E93A0208513A02089F
:10D1D0007192010809920108693A02082998010828
:10D1E000A93A0208833A02080D9201081192010837
:10D1F00015920108199201081D920108E900020820
:10D2000021920108A7F5010825920108493B02086F
:10D21000279201083F920108519601085D9201088A
:10D22000000000000000000087920108F995010845
:10D23000334102081196010855920108999401089A
:10D24000ED3B0208F13C0208993C020889EF010815
:10D250005B9201082F2A2D2B34AF0208F5AE02088D
:10D26000F9AE0208FDAE0208FFAE02083EAA0208AF
:10D2700001AF020803AF02083BAA0208DDAE0208B4
:10D2800056AA0208F7AE020865A402086CA40208B8
:10D2900005AF020807AF02081BAF020809AF02087A
:10D2A0000CAF02080FAF020812AF020815AF020858
:10D2B0001BAF020819AF02081DAF020821AF020818
:10D2C00025AF02080000ECFFD8FFC4FFB0FF080440
:10D2D00002020204080204080808040200110A04F9
:10D2E0000A1100001F001F0000000004041F0404B6
:10D2F00000000009160000000000000000001F11DF
:10D3000002040408101101020204080810000000C1
:10D31000000006060000001F0000000004040004D6
:10D3200004000E11131519110E040C040404040E4C
:10D330000E11010204081F1E01010E01011E02064A
:10D340000A121F02021F10101E01011E0E10101ED5
:10D3500011110E1F0102040808080E11110E1111FF
:10D360000E0E11110F01010E0E11111F1111111EC0
:10D3700011111E11111E0E11101010110E1E11117F
:10D380001111111E1F10101E10101F1F10101E1043
:10D3900010100E11101711110E1111111F11111172
:10D3A0001F04040404041F0702020202120C1112DB
:10D3B00014181412111010101010101F111B151535
:10D3C000111111111915131111110E111111111142
:10D3D0000E1E11111E1010100E11111115120D1E1E
:10D3E00011111E1412110F10100E01011E1F040442
:10D3F000040404041111111111110E111111111154
:10D400000A041111111515150A11110A040A111136
:10D4100011110A040404041F01020408101F000073
:10D4200000000000004353422F3738392A34353684
:10D430002D3132332B00700010014600FA00AE018E
:10D440006202F8697C9D5CF0309CF6F5C24248545B
:10D45000692AB1E8F2972D4DBE8B515B6FF45352A0
:10D4600030BE917E8999EB8B3EFBB23BE548694229
:10D47000A6F6000029AF020830AF02087EAB020812
:10D4800036AF0208C6A502083CAF020844AF020846
:10D490004FAF020854AF02085BAF020895A602081E
:10D4A000C2AD020864AF02080BA702086AAF020807
:10D4B00071AF020800000000000000001F01020818
:10D4C00055010208210102082501020800000000A0
:10D4D00000000000C10102083B02020869010208C5
:10D4E000DD020208C30102081F1502083702020804
:10D4F0000D0702086314020871140208750102087E
:10D5000029210208D9160208B501020807080208F5
:10D51000CD030208351D0208791402083D190208DE
:10D520004D1C0208B31C020899190208E11E0208EA
:10D53000E91D020875200208FD190208E916020813
:10D54000651F0208E91F020821020208E301020820
:10D55000ED010208F3010208F9010208770102084F
:10D56000550302087D01020849180208C51802087F
:10D57000910102089301020897010208A101020823
:10D58000A701020835140208791A0208AF0102083F
:10D5900045150208210302089106020891020208BB
:10D5A000F1160208F517020849020208CD0C02081C
:10D5B000CD0C0208B10102080000000000000000CC
:10D5C000000000000000000000000000000000005B
:10D5D000530902088D22020851090208490902086C
:10D5E000312302084F0902084B09020857090208B3
:10D5F0009109020897210208E722020891210208F6
:10D6000059090208750902082F220208312202086E
:10D610002F220208D92202080000000000000000AA
:10D620006D0A0208810A0208CD0E0208E10E020806
:10D63000A10E0208A50E0208C70E0208050A02087C
:10D64000090A02080D0A0208150A02080000000073
:10D6500000000000450A0208590A0208CD0E02081F
:10D66000E10E0208A10E0208A50E0208C70E02086C
:10D67000E3090208E7090208ED090208F9090208AE
:10D6800000000000000000001D0A0208310A020824
:10D69000CD0E0208E10E0208A10E0208A50E020836
:10D6A000C70E0208C7090208CB090208CF09020801
:10D6B000D90902080000000000000000950A0208D5
:10D6C000BD0A020800000000000000000000000089
:10D6D00000000000CD0E0208E10E0208A10E0208B3
:10D6E000A50E0208C70E020800000000000000009E
:10D6F000000000000000000000000000000000002A
:10D70000F10F0208F30F020859130208AD0F0208C7
:10D71000E93A0208513A020843960108F90E020854
:10D72000693A0208470F0208A93A0208833A020838
:10D730000D92010811920108159201081992010831
:10D740001D9201081F9201082192010823920108ED
:10D7500025920108493B020827920108D3130208C9
:10D76000130F0208011002082D0F0208410F0208D2
:10D77000FD0E02083310020825110208D70F020817
:10D780006B100208B90F02081018200000000008F2
:10D7900008080808000000000000000061210208DD
:10D7A0006D210208352202083322020823230208D1
:10D7B0007922020885210208000000000000000014
:10D7C000152702088D270208A1270208BD27020895
:10D7D000D12A020829270208D1270208D3270208E4
:10D7E0004D8F0108252A02084F8F0108F1260208F3
:10D7F000518F0108B5270208BD3202085D270208D3
:10D80000312C02082D2702086D29020800000000B3
:10D810000000000000000000000000000000000008
:10D8200000000000E93A0208513A02084396010854
:10D8300009920108693A020800000000A93A0208AA
:10D84000833A02080D92010811920108159201080D
:10D85000199201081D9201081F92010821920108E6
:10D860002392010825920108493B020827920108EA
:10D870003F9201080000000000000000AF3B0208DA
:10D88000B53B0208A13B02080000000000000000B8
:10D89000B13B0208C33B0208A53B020800000000A0
:10D8A00000000000B33B0208D13B0208A93B02087C
:10D8B0000000000000000000AD3B0208DF3B020852
:10D8C000334102085392010855920108579201080A
:10D8D000ED3B0208F13C0208993C0208599201080C
:10D8E0005B9201080000000000000000C50902086A
:10D8F000AD0B0208715D0208ED4902081D470208E0
:10D90000555E02089D4902086D53020885480208C9
:10D91000ED51020885520208D1450208D54502089A
:10D92000D9450208B1450208C5450208D96A02086E
:10D930000D660208E9450208F1660208315F020837
:10D940000000803F00000000B1FF7F3FC70F493B50
:10D95000C4FE7F3F890FC93B39FD7F3F59CB163C41
:10D9600011FB7F3F900E493C4AF87F3F4B517B3C77
:10D97000E6F47F3FB6C9963CE3F07F3F69EAAF3CEF
:10D9800043EC7F3FB00AC93C05E77F3F7B2AE23C7E
:10D9900029E17F3FB949FB3CAFDA7F3F2F340A3D95
:10D9A00098D37F3F2CC3163DE2CB7F3FCC51233D24
:10D9B0008FC37F3F07E02F3D9EBA7F3FD56D3C3D33
:10D9C0000FB17F3F2FFB483DE3A67F3F0E88553DBB
:10D9D000189C7F3F6814623DB1907F3F38A06E3D38
:10D9E000AB847F3F742B7B3D08787F3F0ADB833D10
:10D9F000C76A7F3F0A208A3DE95C7F3FB464903D5F
:10DA00006D4E7F3F05A9963D543F7F3FF9EC9C3D0D
:10DA10009D2F7F3F8C30A33D491F7F3FBA73A93DA7
:10DA2000580E7F3F80B6AF3DC9FC7E3FDAF8B53D6A
:10DA30009DEA7E3FC33ABC3DD4D77E3F397CC23D90
:10DA40006DC47E3F36BDC83D69B07E3FB7FDCE3D5B
:10DA5000C99B7E3FB93DD53D8B867E3F377DDB3D03
:10DA6000B0707E3F2EBCE13D385A7E3F9AFAE73DCA
:10DA700023437E3F7638EE3D722B7E3FC075F43DEA
:10DA800024137E3F73B2FA3D38FA7D3F4577003E5E
:10DA9000B1E07D3F0295033E8CC67D3F6EB2063EEF
:10DAA000CCAB7D3F86CF093E6E907D3F4AEC0C3E6D
:10DAB00074747D3FB708103EDE577D3FCA24133E85
:10DAC000AC3A7D3F8340163EDD1C7D3FE05B193E56
:10DAD00073FE7C3FDE761C3E6CDF7C3F7B911F3EFD
:10DAE000C9BF7C3FB6AB223E8A9F7C3F8CC5253E9A
:10DAF000B07E7C3FFCDE283E3A5D7C3F04F82B3E46
:10DB0000283B7C3FA2102F3E7A187C3FD428323E1F
:10DB100031F57B3F9840353E4DD17B3FEC57383E49
:10DB2000CDAC7B3FCF6E3B3EB2877B3F3E853E3EDA
:10DB3000FC617B3F379B413EAB3B7B3FB9B0443EF2
:10DB4000BE147B3FC2C5473E37ED7A3F4FDA4A3EAF
:10DB500016C57A3F60EE4D3E599C7A3FF101513E29
:10DB600002737A3F0115543E10497A3F8F27573E82
:10DB7000841E7A3F97395A3E5EF3793F1A4B5D3ED9
:10DB80009DC7793F135C603E439B793F836C633E46
:10DB90004E6E793F667C663EC040793FBA8B693EE7
:10DBA0009812793F7F9A6C3ED6E3783FB2A86F3ED9
:10DBB0007BB4783F51B6723E8684783F5AC3753E37
:10DBC000F853783FCCCF783ED122783FA4DB7B3E20
:10DBD00010F1773FE1E67E3EB7BE773FC0F8803E6A
:10DBE000C58B773FC07D823E3A58773F7002843EB6
:10DBF0001724773FCE86853E5BEF763FDA0A873E75
:10DC000007BA763F938E883E1B84763FF8118A3E92
:10DC1000974D763F07958B3E7A16763FC0178D3E1F
:10DC2000C6DE753F229A8E3E7BA6753F2C1C903E29
:10DC3000976D753FDD9D913E1D34753F351F933EB9
:10DC40000BFA743F31A0943E62BF743FD220963EDF
:10DC50002284743F17A1973E4B48743FFE20993EA3
:10DC6000DD0B743F86A09A3ED9CE733FAF1F9C3E1A
:10DC70003F91733F789E9D3E0E53733FDF1C9F3E46
:10DC80004714733FE59AA03EEBD4723F8718A23E3B
:10DC9000F894723FC595A33E7054723F9F12A53E03
:10DCA0005213723F128FA63E9FD1713F1F0BA83EA9
:10DCB000578F713FC486A93E7A4C713F0102AB3E3B
:10DCC0000809713FD47CAC3E02C5703F3CF7AD3EC5
:10DCD0006680703F3A71AF3E373B703FCBEAB03E53
:10DCE00073F56F3FEF63B23E1BAF6F3FA5DCB33EF2
:10DCF00030686F3FEC54B53EB0206F3FC3CCB63EAA
:10DD00009ED86E3F2A44B83EF88F6E3F1EBBB93E88
:10DD1000BE466E3FA031BB3EF2FC6D3FAFA7BC3E9E
:10DD200093B26D3F4A1DBE3EA1676D3F6F92BF3EED
:10DD30001D1C6D3F1E07C13E07D06C3F557BC23E88
:10DD40005E836C3F15EFC33E24366C3F5C62C53E7C
:10DD500058E86B3F29D5C63EFB996B3F7C47C83ED0
:10DD60000C4B6B3F53B9C93E8CFB6A3FAE2ACB3E8E
:10DD70007BAB6A3F8B9BCC3ED95A6A3FEA0BCE3EC7
:10DD8000A7096A3FCA7BCF3EE4B7693F2AEBD03E82
:10DD90009165693F095AD23EAE12693F67C8D33ECA
:10DDA0003CBF683F4136D53E396B683F99A3D63EAC
:10DDB000A816683F6B10D83E87C1673FB97CD93E33
:10DDC000D86B673F80E8DA3E9915673FC153DC3E68
:10DDD000CCBE663F79BEDD3E7167663FA928DF3E57
:10DDE000880F663F4F92E03E10B7653F6AFBE13E09
:10DDF0000B5E653FFA63E33E7904653FFECBE43E8C
:10DE000059AA643F7533E63EAC4F643F5D9AE73EE6
:10DE100073F4633FB700E93EAC98633F8166EA3E26
:10DE20005A3C633FBBCBEB3E7BDF623F6330ED3E52
:10DE30001082623F7994EE3E1A24623FFBF7EF3E78
:10DE400098C5613FEA5AF13E8A66613F43BDF23EA2
:10DE5000F206613F071FF43ECFA6603F3580F53ED6
:10DE60002146603FCBE0F63EE9E45F3FC840F83E24
:10DE700027835F3F2DA0F93EDB205F3FF7FEFA3E90
:10DE800005BE5E3F275DFC3EA65A5E3FBBBAFD3E27
:10DE9000BEF65D3FB217FF3E4D925D3F063A003F32
:10DEA000532D5D3FE4E7003FD1C75C3F7395013FD1
:10DEB000C7615C3FB142023F34FB5B3F9FEF023FD3
:10DEC0001A945B3F3D9C033F792C5B3F8948043F9C
:10DED00050C45A3F84F4043FA05B5A3F2CA0053F36
:10DEE0006AF2593F824B063FAD88593F86F6063F9E
:10DEF0006A1E593F36A1073FA1B3583F924B083FD6
:10DF00005348583F9BF5083F7FDC573F4E9F093FE2
:10DF10002670573FAD480A3F4803573FB7F10A3FC5
:10DF2000E595563F6B9A0B3FFE27563FC9420C3F83
:10DF300093B9553FD0EA0C3FA44A553F81920D3F1B
:10DF400031DB543FDA390E3F3B6B543FDBE00E3F91
:10DF5000C3FA533F84870F3FC789533FD52D103FE6
:10DF60004918533FCDD3103F49A6523F6B79113F1B
:10DF7000C633523FB01E123FC2C0513F9AC3123F38
:10DF80003D4D513F2A68133F37D9503F5F0C143F36
:10DF9000AF64503F39B0143FA8EF4F3FB753153F20
:10DFA0001F7A4F3FD9F6153F17044F3F9F99163FF1
:10DFB000908D4E3F073C173F89164E3F12DE173FAC
:10DFC000029F4D3FC07F183FFD264D3F0F21193F57
:10DFD00079AE4C3F00C2193F78354C3F93621A3FEF
:10DFE000F8BB4B3FC6021B3FFA414B3F99A21B3F78
:10DFF0007FC74A3F0C421C3F874C4A3F1FE11C3FF2
:10E0000012D1493FD17F1D3F2155493F221E1E3F5E
:10E01000B3D8483F12BC1E3FCA5B483F9F591F3FC1
:10E0200065DE473FCBF61F3F8560473F9393203F18
:10E030002AE2463FF92F213F5463463FFBCB213F65
:10E0400003E4453F9967223F3964453FD302233FAC
:10E05000F5E3443FA99D233F3763443F1A38243FEB
:10E0600000E2433F25D2243F5160433FCB6B253F25
:10E0700029DE423F0A05263F895B423FE39D263F5A
:10E0800070D8413F5636273FE154413F61CE273F8C
:10E09000DAD0403F0566283F5C4C403F41FD283FB9
:10E0A00067C73F3F1594293FFC413F3F802A2A3FE5
:10E0B0001BBC3E3F82C02A3FC5353E3F1B562B3F0F
:10E0C000F9AE3D3F4AEB2B3FB8273D3F0F802C3F39
:10E0D00003A03C3F69142D3FD9173C3F59A82D3F61
:10E0E0003B8F3B3FDE3B2E3F29063B3FF7CE2E3F8B
:10E0F000A47C3A3FA5612F3FACF2393FE6F32F3FB6
:10E100004268393FBB85303F65DD383F2217313FDC
:10E110001652383F1DA8313F55C6373FAA38323F07
:10E12000233A373FC9C8323F7FAD363F7A58333F35
:10E130006C20363FBCE7333FE792353F8F76343F64
:10E14000F304353FF304353F8F76343FE792353F94
:10E15000BCE7333F6C20363F7A58333F7FAD363FC4
:10E16000C9C8323F233A373FAA38323F55C6373FF6
:10E170001DA8313F1652383F2217313F65DD383F29
:10E18000BB85303F4268393FE6F32F3FACF2393F61
:10E19000A5612F3FA47C3A3FF7CE2E3F29063B3F97
:10E1A000DE3B2E3F3B8F3B3F59A82D3FD9173C3FCD
:10E1B00069142D3F03A03C3F0F802C3FB8273D3F03
:10E1C0004AEB2B3FF9AE3D3F1B562B3FC5353E3F3B
:10E1D00082C02A3F1BBC3E3F802A2A3FFC413F3F72
:10E1E0001594293F67C73F3F41FD283F5C4C403FA6
:10E1F0000566283FDAD0403F61CE273FE154413FDA
:10E200005636273F70D8413FE39D263F895B423F0A
:10E210000A05263F29DE423FCB6B253F5160433F35
:10E2200025D2243F00E2433F1A38243F3763443F5E
:10E23000A99D233FF5E3443FD302233F3964453F83
:10E240009967223F03E4453FFBCB213F5463463FA0
:10E25000F92F213F2AE2463F9393203F8560473FB5
:10E26000CBF61F3F65DE473F9F591F3FCA5B483FC4
:10E2700012BC1E3FB3D8483F221E1E3F2155493FC6
:10E28000D17F1D3F12D1493F1FE11C3F874C4A3FC0
:10E290000C421C3F7FC74A3F99A21B3FFA414B3FAC
:10E2A000C6021B3FF8BB4B3F93621A3F78354C3F89
:10E2B00000C2193F79AE4C3F0F21193FFD264D3F5B
:10E2C000C07F183F029F4D3F12DE173F89164E3F19
:10E2D000073C173F908D4E3F9F99163F17044F3FC5
:10E2E000D9F6153F1F7A4F3FB753153FA8EF4F3F61
:10E2F00039B0143FAF64503F5F0C143F37D9503FE3
:10E300002A68133F3D4D513F9AC3123FC2C0513F4F
:10E31000B01E123FC633523F6B79113F49A6523FA0
:10E32000CDD3103F4918533FD52D103FC789533FD8
:10E3300084870F3FC3FA533FDBE00E3F3B6B543FF4
:10E34000DA390E3F31DB543F81920D3FA44A553FED
:10E35000D0EA0C3F93B9553FC9420C3FFE27563FC8
:10E360006B9A0B3FE595563FB7F10A3F4803573F7D
:10E37000AD480A3F2670573F4E9F093F7FDC573F0D
:10E380009BF5083F5348583F924B083FA1B3583F75
:10E3900036A1073F6A1E593F86F6063FAD88593FB2
:10E3A000824B063F6AF2593F2CA0053FA05B5A3FC3
:10E3B00084F4043F50C45A3F8948043F792C5B3FA2
:10E3C0003D9C033F1A945B3F9FEF023F34FB5B3F52
:10E3D000B142023FC7615C3F7395013FD1C75C3FCB
:10E3E000E4E7003F532D5D3F063A003F4D925D3F0D
:10E3F000B217FF3EBEF65D3FBBBAFD3EA65A5E3F7A
:10E40000275DFC3E05BE5E3FF7FEFA3EDB205F3F28
:10E410002DA0F93E27835F3FC840F83EE9E45F3F07
:10E42000CBE0F63E2146603F3580F53ECFA6603F0B
:10E43000071FF43EF206613F43BDF23E8A66613F2C
:10E44000EA5AF13E98C5613FFBF7EF3E1A24623F5E
:10E450007994EE3E1082623F6330ED3E7BDF623F97
:10E46000BBCBEB3E5A3C633F8166EA3EAC98633FD0
:10E47000B700E93E73F4633F5D9AE73EAC4F643FFB
:10E480007533E63E59AA643FFECBE43E7904653F0E
:10E49000FA63E33E0B5E653F6AFBE13E10B7653F02
:10E4A0004F92E03E880F663FA928DF3E7167663FC6
:10E4B00079BEDD3ECCBE663FC153DC3E9915673F59
:10E4C00080E8DA3ED86B673FB97CD93E87C1673FA9
:10E4D0006B10D83EA816683F99A3D63E396B683FAB
:10E4E0004136D53E3CBF683F67C8D33EAE12693F58
:10E4F000095AD23E9165693F2AEBD03EE4B7693FA5
:10E50000CA7BCF3EA7096A3FEA0BCE3ED95A6A3F83
:10E510008B9BCC3E7BAB6A3FAE2ACB3E8CFB6A3FEB
:10E5200053B9C93E0C4B6B3F7C47C83EFB996B3FD0
:10E5300029D5C63E58E86B3F5C62C53E24366C3F29
:10E5400015EFC33E5E836C3F557BC23E07D06C3FE8
:10E550001E07C13E1D1C6D3F6F92BF3EA1676D3F00
:10E560004A1DBE3E93B26D3FAFA7BC3EF2FC6D3F6D
:10E57000A031BB3EBE466E3F1EBBB93EF88F6E3F1C
:10E580002A44B83E9ED86E3FC3CCB63EB0206F3F03
:10E59000EC54B53E30686F3FA5DCB33E1BAF6F3F18
:10E5A000EF63B23E73F56F3FCBEAB03E373B703F4F
:10E5B0003A71AF3E6680703F3CF7AD3E02C5703F9A
:10E5C000D47CAC3E0809713F0102AB3E7A4C713FEE
:10E5D000C486A93E578F713F1F0BA83E9FD1713F44
:10E5E000128FA63E5213723F9F12A53E7054723F87
:10E5F000C595A33EF894723F8718A23EEBD4723FB4
:10E60000E59AA03E4714733FDF1C9F3E0E53733FB5
:10E61000789E9D3E3F91733FAF1F9C3ED9CE733F86
:10E6200086A09A3EDD0B743FFE20993E4B48743F16
:10E6300017A1973E2284743FD220963E62BF743F5A
:10E6400031A0943E0BFA743F351F933E1D34753F45
:10E65000DD9D913E976D753F2C1C903E7BA6753FCE
:10E66000229A8E3EC6DE753FC0178D3E7A16763FE3
:10E6700007958B3E974D763FF8118A3E1B84763F77
:10E68000938E883E07BA763FDA0A873E5BEF763F85
:10E69000CE86853E1724773F7002843E3A58773FF6
:10E6A000C07D823EC58B773FC0F8803EB7BE773FC6
:10E6B000E1E67E3E10F1773FA4DB7B3ED122783F3E
:10E6C000CCCF783EF853783F5AC3753E8684783F66
:10E6D00051B6723E7BB4783FB2A86F3ED6E3783F26
:10E6E0007F9A6C3E9812793FBA8B693EC040793F61
:10E6F000667C663E4E6E793F836C633E439B793FFA
:10E70000135C603E9DC7793F1A4B5D3E5EF3793FD7
:10E7100097395A3E841E7A3F8F27573E10497A3FD9
:10E720000115543E02737A3FF101513E599C7A3FE4
:10E7300060EE4D3E16C57A3F4FDA4A3E37ED7A3FDE
:10E74000C2C5473EBE147B3FB9B0443EAB3B7B3FA6
:10E75000379B413EFC617B3F3E853E3EB2877B3F1F
:10E76000CF6E3B3ECDAC7B3FEC57383E4DD17B3F2F
:10E770009840353E31F57B3FD428323E7A187C3FB5
:10E78000A2102F3E283B7C3F04F82B3E3A5D7C3F95
:10E79000FCDE283EB07E7C3F8CC5253E8A9F7C3FB8
:10E7A000B6AB223EC9BF7C3F7B911F3E6CDF7C3FF6
:10E7B000DE761C3E73FE7C3FE05B193EDD1C7D3F38
:10E7C0008340163EAC3A7D3FCA24133EDE577D3F60
:10E7D000B708103E74747D3F4AEC0C3E6E907D3F4E
:10E7E00086CF093ECCAB7D3F6EB2063E8CC67D3FE8
:10E7F0000295033EB1E07D3F4577003E38FA7D3F0C
:10E8000073B2FA3D24137E3FC075F43D722B7E3FF8
:10E810007638EE3D23437E3F9AFAE73D385A7E3FF5
:10E820002EBCE13DB0707E3F377DDB3D8B867E3F69
:10E83000B93DD53DC99B7E3FB7FDCE3D69B07E3F1A
:10E8400036BDC83D6DC47E3F397CC23DD4D77E3FC6
:10E85000C33ABC3D9DEA7E3FDAF8B53DC9FC7E3F38
:10E8600080B6AF3D580E7F3FBA73A93D491F7F3F29
:10E870008C30A33D9D2F7F3FF9EC9C3D543F7F3F63
:10E8800005A9963D6D4E7F3FB464903DE95C7F3FA6
:10E890000A208A3DC76A7F3F0ADB833D08787F3FB5
:10E8A000742B7B3DAB847F3F38A06E3DB1907F3FA2
:10E8B0006814623D189C7F3F0E88553DE3A67F3F5C
:10E8C0002FFB483D0FB17F3FD56D3C3D9EBA7F3F4A
:10E8D00007E02F3D8FC37F3FCC51233DE2CB7F3FED
:10E8E0002CC3163D98D37F3F2F340A3DAFDA7F3FCC
:10E8F000B949FB3C29E17F3F7B2AE23C05E77F3FAA
:10E90000B00AC93C43EC7F3F69EAAF3CE3F07F3F8C
:10E91000B6C9963CE6F47F3F4B517B3C4AF87F3FBB
:10E92000900E493C11FB7F3F59CB163C39FD7F3F90
:10E93000890FC93BC4FE7F3FC70F493BB1FF7F3FF3
:10E94000000000000000803FC70F49BBB1FF7F3FC0
:10E95000890FC9BBC4FE7F3F59CB16BC39FD7F3F31
:10E96000900E49BC11FB7F3F4B517BBC4AF87F3F67
:10E97000B6C996BCE6F47F3F69EAAFBCE3F07F3FDF
:10E98000B00AC9BC43EC7F3F7B2AE2BC05E77F3F6E
:10E99000B949FBBC29E17F3F2F340ABDAFDA7F3F85
:10E9A0002CC316BD98D37F3FCC5123BDE2CB7F3F14
:10E9B00007E02FBD8FC37F3FD56D3CBD9EBA7F3F23
:10E9C0002FFB48BD0FB17F3F0E8855BDE3A67F3FAB
:10E9D000681462BD189C7F3F38A06EBDB1907F3F28
:10E9E000742B7BBDAB847F3F0ADB83BD08787F3F00
:10E9F0000A208ABDC76A7F3FB46490BDE95C7F3F4F
:10EA000005A996BD6D4E7F3FF9EC9CBD543F7F3FFD
:10EA10008C30A3BD9D2F7F3FBA73A9BD491F7F3F97
:10EA200080B6AFBD580E7F3FDAF8B5BDC9FC7E3F5A
:10EA3000C33ABCBD9DEA7E3F397CC2BDD4D77E3F80
:10EA400036BDC8BD6DC47E3FB7FDCEBD69B07E3F4B
:10EA5000B93DD5BDC99B7E3F377DDBBD8B867E3FF3
:10EA60002EBCE1BDB0707E3F9AFAE7BD385A7E3FBA
:10EA70007638EEBD23437E3FC075F4BD722B7E3FDA
:10EA800073B2FABD24137E3F457700BE38FA7D3F4E
:10EA9000029503BEB1E07D3F6EB206BE8CC67D3FDF
:10EAA00086CF09BECCAB7D3F4AEC0CBE6E907D3F5D
:10EAB000B70810BE74747D3FCA2413BEDE577D3F75
:10EAC000834016BEAC3A7D3FE05B19BEDD1C7D3F46
:10EAD000DE761CBE73FE7C3F7B911FBE6CDF7C3FED
:10EAE000B6AB22BEC9BF7C3F8CC525BE8A9F7C3F8A
:10EAF000FCDE28BEB07E7C3F04F82BBE3A5D7C3F36
:10EB0000A2102FBE283B7C3FD42832BE7A187C3F0F
:10EB1000984035BE31F57B3FEC5738BE4DD17B3F39
:10EB2000CF6E3BBECDAC7B3F3E853EBEB2877B3FCA
:10EB3000379B41BEFC617B3FB9B044BEAB3B7B3FE2
:10EB4000C2C547BEBE147B3F4FDA4ABE37ED7A3F9F
:10EB500060EE4DBE16C57A3FF10151BE599C7A3F19
:10EB6000011554BE02737A3F8F2757BE10497A3F72
:10EB700097395ABE841E7A3F1A4B5DBE5EF3793FC9
:10EB8000135C60BE9DC7793F836C63BE439B793F36
:10EB9000667C66BE4E6E793FBA8B69BEC040793FD7
:10EBA0007F9A6CBE9812793FB2A86FBED6E3783FC9
:10EBB00051B672BE7BB4783F5AC375BE8684783F27
:10EBC000CCCF78BEF853783FA4DB7BBED122783F10
:10EBD000E1E67EBE10F1773FC0F880BEB7BE773F5A
:10EBE000C07D82BEC58B773F700284BE3A58773FA6
:10EBF000CE8685BE1724773FDA0A87BE5BEF763F65
:10EC0000938E88BE07BA763FF8118ABE1B84763F82
:10EC100007958BBE974D763FC0178DBE7A16763F0F
:10EC2000229A8EBEC6DE753F2C1C90BE7BA6753F19
:10EC3000DD9D91BE976D753F351F93BE1D34753FA9
:10EC400031A094BE0BFA743FD22096BE62BF743FCF
:10EC500017A197BE2284743FFE2099BE4B48743F93
:10EC600086A09ABEDD0B743FAF1F9CBED9CE733F0A
:10EC7000789E9DBE3F91733FDF1C9FBE0E53733F36
:10EC8000E59AA0BE4714733F8718A2BEEBD4723F2B
:10EC9000C595A3BEF894723F9F12A5BE7054723FF3
:10ECA000128FA6BE5213723F1F0BA8BE9FD1713F99
:10ECB000C486A9BE578F713F0102ABBE7A4C713F2B
:10ECC000D47CACBE0809713F3CF7ADBE02C5703FB5
:10ECD0003A71AFBE6680703FCBEAB0BE373B703F43
:10ECE000EF63B2BE73F56F3FA5DCB3BE1BAF6F3FE2
:10ECF000EC54B5BE30686F3FC3CCB6BEB0206F3F9A
:10ED00002A44B8BE9ED86E3F1EBBB9BEF88F6E3F78
:10ED1000A031BBBEBE466E3FAFA7BCBEF2FC6D3F8E
:10ED20004A1DBEBE93B26D3F6F92BFBEA1676D3FDD
:10ED30001E07C1BE1D1C6D3F557BC2BE07D06C3F78
:10ED400015EFC3BE5E836C3F5C62C5BE24366C3F6C
:10ED500029D5C6BE58E86B3F7C47C8BEFB996B3FC0
:10ED600053B9C9BE0C4B6B3FAE2ACBBE8CFB6A3F7E
:10ED70008B9BCCBE7BAB6A3FEA0BCEBED95A6A3FB7
:10ED8000CA7BCFBEA7096A3F2AEBD0BEE4B7693F72
:10ED9000095AD2BE9165693F67C8D3BEAE12693FBA
:10EDA0004136D5BE3CBF683F99A3D6BE396B683F9C
:10EDB0006B10D8BEA816683FB97CD9BE87C1673F23
:10EDC00080E8DABED86B673FC153DCBE9915673F58
:10EDD00079BEDDBECCBE663FA928DFBE7167663F47
:10EDE0004F92E0BE880F663F6AFBE1BE10B7653FF9
:10EDF000FA63E3BE0B5E653FFECBE4BE7904653F7C
:10EE00007533E6BE59AA643F5D9AE7BEAC4F643FD6
:10EE1000B700E9BE73F4633F8166EABEAC98633F16
:10EE2000BBCBEBBE5A3C633F6330EDBE7BDF623F42
:10EE30007994EEBE1082623FFBF7EFBE1A24623F68
:10EE4000EA5AF1BE98C5613F43BDF2BE8A66613F92
:10EE5000071FF4BEF206613F3580F5BECFA6603FC6
:10EE6000CBE0F6BE2146603FC840F8BEE9E45F3F14
:10EE70002DA0F9BE27835F3FF7FEFABEDB205F3F80
:10EE8000275DFCBE05BE5E3FBBBAFDBEA65A5E3F17
:10EE9000B217FFBEBEF65D3F063A00BF4D925D3F22
:10EEA000E4E700BF532D5D3F739501BFD1C75C3FC1
:10EEB000B14202BFC7615C3F9FEF02BF34FB5B3FC3
:10EEC0003D9C03BF1A945B3F894804BF792C5B3F8C
:10EED00084F404BF50C45A3F2CA005BFA05B5A3F26
:10EEE000824B06BF6AF2593F86F606BFAD88593F8E
:10EEF00036A107BF6A1E593F924B08BFA1B3583FC6
:10EF00009BF508BF5348583F4E9F09BF7FDC573FD2
:10EF1000AD480ABF2670573FB7F10ABF4803573FB5
:10EF20006B9A0BBFE595563FC9420CBFFE27563F73
:10EF3000D0EA0CBF93B9553F81920DBFA44A553F0B
:10EF4000DA390EBF31DB543FDBE00EBF3B6B543F81
:10EF500084870FBFC3FA533FD52D10BFC789533FD6
:10EF6000CDD310BF4918533F6B7911BF49A6523F0B
:10EF7000B01E12BFC633523F9AC312BFC2C0513F28
:10EF80002A6813BF3D4D513F5F0C14BF37D9503F26
:10EF900039B014BFAF64503FB75315BFA8EF4F3F10
:10EFA000D9F615BF1F7A4F3F9F9916BF17044F3FE1
:10EFB000073C17BF908D4E3F12DE17BF89164E3F9C
:10EFC000C07F18BF029F4D3F0F2119BFFD264D3F47
:10EFD00000C219BF79AE4C3F93621ABF78354C3FDF
:10EFE000C6021BBFF8BB4B3F99A21BBFFA414B3F68
:10EFF0000C421CBF7FC74A3F1FE11CBF874C4A3FE2
:10F00000D17F1DBF12D1493F221E1EBF2155493F4E
:10F0100012BC1EBFB3D8483F9F591FBFCA5B483FB1
:10F02000CBF61FBF65DE473F939320BF8560473F08
:10F03000F92F21BF2AE2463FFBCB21BF5463463F55
:10F04000996722BF03E4453FD30223BF3964453F9C
:10F05000A99D23BFF5E3443F1A3824BF3763443FDB
:10F0600025D224BF00E2433FCB6B25BF5160433F15
:10F070000A0526BF29DE423FE39D26BF895B423F4A
:10F08000563627BF70D8413F61CE27BFE154413F7C
:10F09000056628BFDAD0403F41FD28BF5C4C403FA9
:10F0A000159429BF67C73F3F802A2ABFFC413F3FD5
:10F0B00082C02ABF1BBC3E3F1B562BBFC5353E3FFF
:10F0C0004AEB2BBFF9AE3D3F0F802CBFB8273D3F29
:10F0D00069142DBF03A03C3F59A82DBFD9173C3F51
:10F0E000DE3B2EBF3B8F3B3FF7CE2EBF29063B3F7B
:10F0F000A5612FBFA47C3A3FE6F32FBFACF2393FA6
:10F10000BB8530BF4268393F221731BF65DD383FCC
:10F110001DA831BF1652383FAA3832BF55C6373FF7
:10F12000C9C832BF233A373F7A5833BF7FAD363F25
:10F13000BCE733BF6C20363F8F7634BFE792353F54
:10F14000F30435BFF304353FE79235BF8F76343F84
:10F150006C2036BFBCE7333F7FAD36BF7A58333FB4
:10F16000233A37BFC9C8323F55C637BFAA38323FE6
:10F17000165238BF1DA8313F65DD38BF2217313F19
:10F18000426839BFBB85303FACF239BFE6F32F3F51
:10F19000A47C3ABFA5612F3F29063BBFF7CE2E3F87
:10F1A0003B8F3BBFDE3B2E3FD9173CBF59A82D3FBD
:10F1B00003A03CBF69142D3FB8273DBF0F802C3FF3
:10F1C000F9AE3DBF4AEB2B3FC5353EBF1B562B3F2B
:10F1D0001BBC3EBF82C02A3FFC413FBF802A2A3F62
:10F1E00067C73FBF1594293F5C4C40BF41FD283F96
:10F1F000DAD040BF0566283FE15441BF61CE273FCA
:10F2000070D841BF5636273F895B42BFE39D263FFA
:10F2100029DE42BF0A05263F516043BFCB6B253F25
:10F2200000E243BF25D2243F376344BF1A38243F4E
:10F23000F5E344BFA99D233F396445BFD302233F73
:10F2400003E445BF9967223F546346BFFBCB213F90
:10F250002AE246BFF92F213F856047BF9393203FA5
:10F2600065DE47BFCBF61F3FCA5B48BF9F591F3FB4
:10F27000B3D848BF12BC1E3F215549BF221E1E3FB6
:10F2800012D149BFD17F1D3F874C4ABF1FE11C3FB0
:10F290007FC74ABF0C421C3FFA414BBF99A21B3F9C
:10F2A000F8BB4BBFC6021B3F78354CBF93621A3F79
:10F2B00079AE4CBF00C2193FFD264DBF0F21193F4B
:10F2C000029F4DBFC07F183F89164EBF12DE173F09
:10F2D000908D4EBF073C173F17044FBF9F99163FB5
:10F2E0001F7A4FBFD9F6153FA8EF4FBFB753153F51
:10F2F000AF6450BF39B0143F37D950BF5F0C143FD3
:10F300003D4D51BF2A68133FC2C051BF9AC3123F3F
:10F31000C63352BFB01E123F49A652BF6B79113F90
:10F32000491853BFCDD3103FC78953BFD52D103FC8
:10F33000C3FA53BF84870F3F3B6B54BFDBE00E3FE4
:10F3400031DB54BFDA390E3FA44A55BF81920D3FDD
:10F3500093B955BFD0EA0C3FFE2756BFC9420C3FB8
:10F36000E59556BF6B9A0B3F480357BFB7F10A3F6D
:10F37000267057BFAD480A3F7FDC57BF4E9F093FFD
:10F38000534858BF9BF5083FA1B358BF924B083F65
:10F390006A1E59BF36A1073FAD8859BF86F6063FA2
:10F3A0006AF259BF824B063FA05B5ABF2CA0053FB3
:10F3B00050C45ABF84F4043F792C5BBF8948043F92
:10F3C0001A945BBF3D9C033F34FB5BBF9FEF023F42
:10F3D000C7615CBFB142023FD1C75CBF7395013FBB
:10F3E000532D5DBFE4E7003F4D925DBF063A003FFD
:10F3F000BEF65DBFB217FF3EA65A5EBFBBBAFD3E6A
:10F4000005BE5EBF275DFC3EDB205FBFF7FEFA3E18
:10F4100027835FBF2DA0F93EE9E45FBFC840F83EF7
:10F42000214660BFCBE0F63ECFA660BF3580F53EFB
:10F43000F20661BF071FF43E8A6661BF43BDF23E1C
:10F4400098C561BFEA5AF13E1A2462BFFBF7EF3E4E
:10F45000108262BF7994EE3E7BDF62BF6330ED3E87
:10F460005A3C63BFBBCBEB3EAC9863BF8166EA3EC0
:10F4700073F463BFB700E93EAC4F64BF5D9AE73EEB
:10F4800059AA64BF7533E63E790465BFFECBE43EFE
:10F490000B5E65BFFA63E33E10B765BF6AFBE13EF2
:10F4A000880F66BF4F92E03E716766BFA928DF3EB6
:10F4B000CCBE66BF79BEDD3E991567BFC153DC3E49
:10F4C000D86B67BF80E8DA3E87C167BFB97CD93E99
:10F4D000A81668BF6B10D83E396B68BF99A3D63E9B
:10F4E0003CBF68BF4136D53EAE1269BF67C8D33E48
:10F4F000916569BF095AD23EE4B769BF2AEBD03E95
:10F50000A7096ABFCA7BCF3ED95A6ABFEA0BCE3E73
:10F510007BAB6ABF8B9BCC3E8CFB6ABFAE2ACB3EDB
:10F520000C4B6BBF53B9C93EFB996BBF7C47C83EC0
:10F5300058E86BBF29D5C63E24366CBF5C62C53E19
:10F540005E836CBF15EFC33E07D06CBF557BC23ED8
:10F550001D1C6DBF1E07C13EA1676DBF6F92BF3EF0
:10F5600093B26DBF4A1DBE3EF2FC6DBFAFA7BC3E5D
:10F57000BE466EBFA031BB3EF88F6EBF1EBBB93E0C
:10F580009ED86EBF2A44B83EB0206FBFC3CCB63EF3
:10F5900030686FBFEC54B53E1BAF6FBFA5DCB33E08
:10F5A00073F56FBFEF63B23E373B70BFCBEAB03E3F
:10F5B000668070BF3A71AF3E02C570BF3CF7AD3E8A
:10F5C000080971BFD47CAC3E7A4C71BF0102AB3EDE
:10F5D000578F71BFC486A93E9FD171BF1F0BA83E34
:10F5E000521372BF128FA63E705472BF9F12A53E77
:10F5F000F89472BFC595A33EEBD472BF8718A23EA4
:10F60000471473BFE59AA03E0E5373BFDF1C9F3EA5
:10F610003F9173BF789E9D3ED9CE73BFAF1F9C3E76
:10F62000DD0B74BF86A09A3E4B4874BFFE20993E06
:10F63000228474BF17A1973E62BF74BFD220963E4A
:10F640000BFA74BF31A0943E1D3475BF351F933E35
:10F65000976D75BFDD9D913E7BA675BF2C1C903EBE
:10F66000C6DE75BF229A8E3E7A1676BFC0178D3ED3
:10F67000974D76BF07958B3E1B8476BFF8118A3E67
:10F6800007BA76BF938E883E5BEF76BFDA0A873E75
:10F69000172477BFCE86853E3A5877BF7002843EE6
:10F6A000C58B77BFC07D823EB7BE77BFC0F8803EB6
:10F6B00010F177BFE1E67E3ED12278BFA4DB7B3E2E
:10F6C000F85378BFCCCF783E868478BF5AC3753E56
:10F6D0007BB478BF51B6723ED6E378BFB2A86F3E16
:10F6E000981279BF7F9A6C3EC04079BFBA8B693E51
:10F6F0004E6E79BF667C663E439B79BF836C633EEA
:10F700009DC779BF135C603E5EF379BF1A4B5D3EC7
:10F71000841E7ABF97395A3E10497ABF8F27573EC9
:10F7200002737ABF0115543E599C7ABFF101513ED4
:10F7300016C57ABF60EE4D3E37ED7ABF4FDA4A3ECE
:10F74000BE147BBFC2C5473EAB3B7BBFB9B0443E96
:10F75000FC617BBF379B413EB2877BBF3E853E3E0F
:10F76000CDAC7BBFCF6E3B3E4DD17BBFEC57383E1F
:10F7700031F57BBF9840353E7A187CBFD428323EA5
:10F78000283B7CBFA2102F3E3A5D7CBF04F82B3E85
:10F79000B07E7CBFFCDE283E8A9F7CBF8CC5253EA8
:10F7A000C9BF7CBFB6AB223E6CDF7CBF7B911F3EE6
:10F7B00073FE7CBFDE761C3EDD1C7DBFE05B193E28
:10F7C000AC3A7DBF8340163EDE577DBFCA24133E50
:10F7D00074747DBFB708103E6E907DBF4AEC0C3E3E
:10F7E000CCAB7DBF86CF093E8CC67DBF6EB2063ED8
:10F7F000B1E07DBF0295033E38FA7DBF4577003EFC
:10F8000024137EBF73B2FA3D722B7EBFC075F43DE8
:10F8100023437EBF7638EE3D385A7EBF9AFAE73DE5
:10F82000B0707EBF2EBCE13D8B867EBF377DDB3D59
:10F83000C99B7EBFB93DD53D69B07EBFB7FDCE3D0A
:10F840006DC47EBF36BDC83DD4D77EBF397CC23DB6
:10F850009DEA7EBFC33ABC3DC9FC7EBFDAF8B53D28
:10F86000580E7FBF80B6AF3D491F7FBFBA73A93D19
:10F870009D2F7FBF8C30A33D543F7FBFF9EC9C3D53
:10F880006D4E7FBF05A9963DE95C7FBFB464903D96
:10F89000C76A7FBF0A208A3D08787FBF0ADB833DA5
:10F8A000AB847FBF742B7B3DB1907FBF38A06E3D92
:10F8B000189C7FBF6814623DE3A67FBF0E88553D4C
:10F8C0000FB17FBF2FFB483D9EBA7FBFD56D3C3D3A
:10F8D0008FC37FBF07E02F3DE2CB7FBFCC51233DDD
:10F8E00098D37FBF2CC3163DAFDA7FBF2F340A3DBC
:10F8F00029E17FBFB949FB3C05E77FBF7B2AE23C9A
:10F9000043EC7FBFB00AC93CE3F07FBF69EAAF3C7C
:10F91000E6F47FBFB6C9963C4AF87FBF4B517B3CAB
:10F9200011FB7FBF900E493C39FD7FBF59CB163C80
:10F93000C4FE7FBF890FC93BB1FF7FBFC70F493BE3
:10F94000000080BF00000000B1FF7FBFC70F49BBB0
:10F95000C4FE7FBF890FC9BB39FD7FBF59CB16BC21
:10F9600011FB7FBF900E49BC4AF87FBF4B517BBC57
:10F97000E6F47FBFB6C996BCE3F07FBF69EAAFBCCF
:10F9800043EC7FBFB00AC9BC05E77FBF7B2AE2BC5E
:10F9900029E17FBFB949FBBCAFDA7FBF2F340ABD75
:10F9A00098D37FBF2CC316BDE2CB7FBFCC5123BD04
:10F9B0008FC37FBF07E02FBD9EBA7FBFD56D3CBD13
:10F9C0000FB17FBF2FFB48BDE3A67FBF0E8855BD9B
:10F9D000189C7FBF681462BDB1907FBF38A06EBD18
:10F9E000AB847FBF742B7BBD08787FBF0ADB83BDF0
:10F9F000C76A7FBF0A208ABDE95C7FBFB46490BD3F
:10FA00006D4E7FBF05A996BD543F7FBFF9EC9CBDED
:10FA10009D2F7FBF8C30A3BD491F7FBFBA73A9BD87
:10FA2000580E7FBF80B6AFBDC9FC7EBFDAF8B5BD4A
:10FA30009DEA7EBFC33ABCBDD4D77EBF397CC2BD70
:10FA40006DC47EBF36BDC8BD69B07EBFB7FDCEBD3B
:10FA5000C99B7EBFB93DD5BD8B867EBF377DDBBDE3
:10FA6000B0707EBF2EBCE1BD385A7EBF9AFAE7BDAA
:10FA700023437EBF7638EEBD722B7EBFC075F4BDCA
:10FA800024137EBF73B2FABD38FA7DBF457700BE3E
:10FA9000B1E07DBF029503BE8CC67DBF6EB206BECF
:10FAA000CCAB7DBF86CF09BE6E907DBF4AEC0CBE4D
:10FAB00074747DBFB70810BEDE577DBFCA2413BE65
:10FAC000AC3A7DBF834016BEDD1C7DBFE05B19BE36
:10FAD00073FE7CBFDE761CBE6CDF7CBF7B911FBEDD
:10FAE000C9BF7CBFB6AB22BE8A9F7CBF8CC525BE7A
:10FAF000B07E7CBFFCDE28BE3A5D7CBF04F82BBE26
:10FB0000283B7CBFA2102FBE7A187CBFD42832BEFF
:10FB100031F57BBF984035BE4DD17BBFEC5738BE29
:10FB2000CDAC7BBFCF6E3BBEB2877BBF3E853EBEBA
:10FB3000FC617BBF379B41BEAB3B7BBFB9B044BED2
:10FB4000BE147BBFC2C547BE37ED7ABF4FDA4ABE8F
:10FB500016C57ABF60EE4DBE599C7ABFF10151BE09
:10FB600002737ABF011554BE10497ABF8F2757BE62
:10FB7000841E7ABF97395ABE5EF379BF1A4B5DBEB9
:10FB80009DC779BF135C60BE439B79BF836C63BE26
:10FB90004E6E79BF667C66BEC04079BFBA8B69BEC7
:10FBA000981279BF7F9A6CBED6E378BFB2A86FBEB9
:10FBB0007BB478BF51B672BE868478BF5AC375BE17
:10FBC000F85378BFCCCF78BED12278BFA4DB7BBE00
:10FBD00010F177BFE1E67EBEB7BE77BFC0F880BE4A
:10FBE000C58B77BFC07D82BE3A5877BF700284BE96
:10FBF000172477BFCE8685BE5BEF76BFDA0A87BE55
:10FC000007BA76BF938E88BE1B8476BFF8118ABE72
:10FC1000974D76BF07958BBE7A1676BFC0178DBEFF
:10FC2000C6DE75BF229A8EBE7BA675BF2C1C90BE09
:10FC3000976D75BFDD9D91BE1D3475BF351F93BE99
:10FC40000BFA74BF31A094BE62BF74BFD22096BEBF
:10FC5000228474BF17A197BE4B4874BFFE2099BE83
:10FC6000DD0B74BF86A09ABED9CE73BFAF1F9CBEFA
:10FC70003F9173BF789E9DBE0E5373BFDF1C9FBE26
:10FC8000471473BFE59AA0BEEBD472BF8718A2BE1B
:10FC9000F89472BFC595A3BE705472BF9F12A5BEE3
:10FCA000521372BF128FA6BE9FD171BF1F0BA8BE89
:10FCB000578F71BFC486A9BE7A4C71BF0102ABBE1B
:10FCC000080971BFD47CACBE02C570BF3CF7ADBEA5
:10FCD000668070BF3A71AFBE373B70BFCBEAB0BE33
:10FCE00073F56FBFEF63B2BE1BAF6FBFA5DCB3BED2
:10FCF00030686FBFEC54B5BEB0206FBFC3CCB6BE8A
:10FD00009ED86EBF2A44B8BEF88F6EBF1EBBB9BE68
:10FD1000BE466EBFA031BBBEF2FC6DBFAFA7BCBE7E
:10FD200093B26DBF4A1DBEBEA1676DBF6F92BFBECD
:10FD30001D1C6DBF1E07C1BE07D06CBF557BC2BE68
:10FD40005E836CBF15EFC3BE24366CBF5C62C5BE5C
:10FD500058E86BBF29D5C6BEFB996BBF7C47C8BEB0
:10FD60000C4B6BBF53B9C9BE8CFB6ABFAE2ACBBE6E
:10FD70007BAB6ABF8B9BCCBED95A6ABFEA0BCEBEA7
:10FD8000A7096ABFCA7BCFBEE4B769BF2AEBD0BE62
:10FD9000916569BF095AD2BEAE1269BF67C8D3BEAA
:10FDA0003CBF68BF4136D5BE396B68BF99A3D6BE8C
:10FDB000A81668BF6B10D8BE87C167BFB97CD9BE13
:10FDC000D86B67BF80E8DABE991567BFC153DCBE48
:10FDD000CCBE66BF79BEDDBE716766BFA928DFBE37
:10FDE000880F66BF4F92E0BE10B765BF6AFBE1BEE9
:10FDF0000B5E65BFFA63E3BE790465BFFECBE4BE6C
:10FE000059AA64BF7533E6BEAC4F64BF5D9AE7BEC6
:10FE100073F463BFB700E9BEAC9863BF8166EABE06
:10FE20005A3C63BFBBCBEBBE7BDF62BF6330EDBE32
:10FE3000108262BF7994EEBE1A2462BFFBF7EFBE58
:10FE400098C561BFEA5AF1BE8A6661BF43BDF2BE82
:10FE5000F20661BF071FF4BECFA660BF3580F5BEB6
:10FE6000214660BFCBE0F6BEE9E45FBFC840F8BE04
:10FE700027835FBF2DA0F9BEDB205FBFF7FEFABE70
:10FE800005BE5EBF275DFCBEA65A5EBFBBBAFDBE07
:10FE9000BEF65DBFB217FFBE4D925DBF063A00BF12
:10FEA000532D5DBFE4E700BFD1C75CBF739501BFB1
:10FEB000C7615CBFB14202BF34FB5BBF9FEF02BFB3
:10FEC0001A945BBF3D9C03BF792C5BBF894804BF7C
:10FED00050C45ABF84F404BFA05B5ABF2CA005BF16
:10FEE0006AF259BF824B06BFAD8859BF86F606BF7E
:10FEF0006A1E59BF36A107BFA1B358BF924B08BFB6
:10FF0000534858BF9BF508BF7FDC57BF4E9F09BFC2
:10FF1000267057BFAD480ABF480357BFB7F10ABFA5
:10FF2000E59556BF6B9A0BBFFE2756BFC9420CBF63
:10FF300093B955BFD0EA0CBFA44A55BF81920DBFFB
:10FF400031DB54BFDA390EBF3B6B54BFDBE00EBF71
:10FF5000C3FA53BF84870FBFC78953BFD52D10BFC6
:10FF6000491853BFCDD310BF49A652BF6B7911BFFB
:10FF7000C63352BFB01E12BFC2C051BF9AC312BF18
:10FF80003D4D51BF2A6813BF37D950BF5F0C14BF16
:10FF9000AF6450BF39B014BFA8EF4FBFB75315BF00
:10FFA0001F7A4FBFD9F615BF17044FBF9F9916BFD1
:10FFB000908D4EBF073C17BF89164EBF12DE17BF8C
:10FFC000029F4DBFC07F18BFFD264DBF0F2119BF37
:10FFD00079AE4CBF00C219BF78354CBF93621ABFCF
:10FFE000F8BB4BBFC6021BBFFA414BBF99A21BBF58
:10FFF0007FC74ABF0C421CBF874C4ABF1FE11CBFD2
:020000040803EF
:1000000012D149BFD17F1DBF215549BF221E1EBF3E
:10001000B3D848BF12BC1EBFCA5B48BF9F591FBFA1
:1000200065DE47BFCBF61FBF856047BF939320BFF8
:100030002AE246BFF92F21BF546346BFFBCB21BF45
:1000400003E445BF996722BF396445BFD30223BF8C
:10005000F5E344BFA99D23BF376344BF1A3824BFCB
:1000600000E243BF25D224BF516043BFCB6B25BF05
:1000700029DE42BF0A0526BF895B42BFE39D26BF3A
:1000800070D841BF563627BFE15441BF61CE27BF6C
:10009000DAD040BF056628BF5C4C40BF41FD28BF99
:1000A00067C73FBF159429BFFC413FBF802A2ABFC5
:1000B0001BBC3EBF82C02ABFC5353EBF1B562BBFEF
:1000C000F9AE3DBF4AEB2BBFB8273DBF0F802CBF19
:1000D00003A03CBF69142DBFD9173CBF59A82DBF41
:1000E0003B8F3BBFDE3B2EBF29063BBFF7CE2EBF6B
:1000F000A47C3ABFA5612FBFACF239BFE6F32FBF96
:10010000426839BFBB8530BF65DD38BF221731BFBC
:10011000165238BF1DA831BF55C637BFAA3832BFE7
:10012000233A37BFC9C832BF7FAD36BF7A5833BF15
:100130006C2036BFBCE733BFE79235BF8F7634BF44
:10014000F30435BFF30435BF8F7634BFE79235BF74
:10015000BCE733BF6C2036BF7A5833BF7FAD36BFA4
:10016000C9C832BF233A37BFAA3832BF55C637BFD6
:100170001DA831BF165238BF221731BF65DD38BF09
:10018000BB8530BF426839BFE6F32FBFACF239BF41
:10019000A5612FBFA47C3ABFF7CE2EBF29063BBF77
:1001A000DE3B2EBF3B8F3BBF59A82DBFD9173CBFAD
:1001B00069142DBF03A03CBF0F802CBFB8273DBFE3
:1001C0004AEB2BBFF9AE3DBF1B562BBFC5353EBF1B
:1001D00082C02ABF1BBC3EBF802A2ABFFC413FBF52
:1001E000159429BF67C73FBF41FD28BF5C4C40BF86
:1001F000056628BFDAD040BF61CE27BFE15441BFBA
:10020000563627BF70D841BFE39D26BF895B42BFEA
:100210000A0526BF29DE42BFCB6B25BF516043BF15
:1002200025D224BF00E243BF1A3824BF376344BF3E
:10023000A99D23BFF5E344BFD30223BF396445BF63
:10024000996722BF03E445BFFBCB21BF546346BF80
:10025000F92F21BF2AE246BF939320BF856047BF95
:10026000CBF61FBF65DE47BF9F591FBFCA5B48BFA4
:1002700012BC1EBFB3D848BF221E1EBF215549BFA6
:10028000D17F1DBF12D149BF1FE11CBF874C4ABFA0
:100290000C421CBF7FC74ABF99A21BBFFA414BBF8C
:1002A000C6021BBFF8BB4BBF93621ABF78354CBF69
:1002B00000C219BF79AE4CBF0F2119BFFD264DBF3B
:1002C000C07F18BF029F4DBF12DE17BF89164EBFF9
:1002D000073C17BF908D4EBF9F9916BF17044FBFA5
:1002E000D9F615BF1F7A4FBFB75315BFA8EF4FBF41
:1002F00039B014BFAF6450BF5F0C14BF37D950BFC3
:100300002A6813BF3D4D51BF9AC312BFC2C051BF2F
:10031000B01E12BFC63352BF6B7911BF49A652BF80
:10032000CDD310BF491853BFD52D10BFC78953BFB8
:1003300084870FBFC3FA53BFDBE00EBF3B6B54BFD4
:10034000DA390EBF31DB54BF81920DBFA44A55BFCD
:10035000D0EA0CBF93B955BFC9420CBFFE2756BFA8
:100360006B9A0BBFE59556BFB7F10ABF480357BF5D
:10037000AD480ABF267057BF4E9F09BF7FDC57BFED
:100380009BF508BF534858BF924B08BFA1B358BF55
:1003900036A107BF6A1E59BF86F606BFAD8859BF92
:1003A000824B06BF6AF259BF2CA005BFA05B5ABFA3
:1003B00084F404BF50C45ABF894804BF792C5BBF82
:1003C0003D9C03BF1A945BBF9FEF02BF34FB5BBF32
:1003D000B14202BFC7615CBF739501BFD1C75CBFAB
:1003E000E4E700BF532D5DBF063A00BF4D925DBFED
:1003F000B217FFBEBEF65DBFBBBAFDBEA65A5EBF5A
:10040000275DFCBE05BE5EBFF7FEFABEDB205FBF08
:100410002DA0F9BE27835FBFC840F8BEE9E45FBFE7
:10042000CBE0F6BE214660BF3580F5BECFA660BFEB
:10043000071FF4BEF20661BF43BDF2BE8A6661BF0C
:10044000EA5AF1BE98C561BFFBF7EFBE1A2462BF3E
:100450007994EEBE108262BF6330EDBE7BDF62BF77
:10046000BBCBEBBE5A3C63BF8166EABEAC9863BFB0
:10047000B700E9BE73F463BF5D9AE7BEAC4F64BFDB
:100480007533E6BE59AA64BFFECBE4BE790465BFEE
:10049000FA63E3BE0B5E65BF6AFBE1BE10B765BFE2
:1004A0004F92E0BE880F66BFA928DFBE716766BFA6
:1004B00079BEDDBECCBE66BFC153DCBE991567BF39
:1004C00080E8DABED86B67BFB97CD9BE87C167BF89
:1004D0006B10D8BEA81668BF99A3D6BE396B68BF8B
:1004E0004136D5BE3CBF68BF67C8D3BEAE1269BF38
:1004F000095AD2BE916569BF2AEBD0BEE4B769BF85
:10050000CA7BCFBEA7096ABFEA0BCEBED95A6ABF63
:100510008B9BCCBE7BAB6ABFAE2ACBBE8CFB6ABFCB
:1005200053B9C9BE0C4B6BBF7C47C8BEFB996BBFB0
:1005300029D5C6BE58E86BBF5C62C5BE24366CBF09
:1005400015EFC3BE5E836CBF557BC2BE07D06CBFC8
:100550001E07C1BE1D1C6DBF6F92BFBEA1676DBFE0
:100560004A1DBEBE93B26DBFAFA7BCBEF2FC6DBF4D
:10057000A031BBBEBE466EBF1EBBB9BEF88F6EBFFC
:100580002A44B8BE9ED86EBFC3CCB6BEB0206FBFE3
:10059000EC54B5BE30686FBFA5DCB3BE1BAF6FBFF8
:1005A000EF63B2BE73F56FBFCBEAB0BE373B70BF2F
:1005B0003A71AFBE668070BF3CF7ADBE02C570BF7A
:1005C000D47CACBE080971BF0102ABBE7A4C71BFCE
:1005D000C486A9BE578F71BF1F0BA8BE9FD171BF24
:1005E000128FA6BE521372BF9F12A5BE705472BF67
:1005F000C595A3BEF89472BF8718A2BEEBD472BF94
:10060000E59AA0BE471473BFDF1C9FBE0E5373BF95
:10061000789E9DBE3F9173BFAF1F9CBED9CE73BF66
:1006200086A09ABEDD0B74BFFE2099BE4B4874BFF6
:1006300017A197BE228474BFD22096BE62BF74BF3A
:1006400031A094BE0BFA74BF351F93BE1D3475BF25
:10065000DD9D91BE976D75BF2C1C90BE7BA675BFAE
:10066000229A8EBEC6DE75BFC0178DBE7A1676BFC3
:1006700007958BBE974D76BFF8118ABE1B8476BF57
:10068000938E88BE07BA76BFDA0A87BE5BEF76BF65
:10069000CE8685BE172477BF700284BE3A5877BFD6
:1006A000C07D82BEC58B77BFC0F880BEB7BE77BFA6
:1006B000E1E67EBE10F177BFA4DB7BBED12278BF1E
:1006C000CCCF78BEF85378BF5AC375BE868478BF46
:1006D00051B672BE7BB478BFB2A86FBED6E378BF06
:1006E0007F9A6CBE981279BFBA8B69BEC04079BF41
:1006F000667C66BE4E6E79BF836C63BE439B79BFDA
:10070000135C60BE9DC779BF1A4B5DBE5EF379BFB7
:1007100097395ABE841E7ABF8F2757BE10497ABFB9
:10072000011554BE02737ABFF10151BE599C7ABFC4
:1007300060EE4DBE16C57ABF4FDA4ABE37ED7ABFBE
:10074000C2C547BEBE147BBFB9B044BEAB3B7BBF86
:10075000379B41BEFC617BBF3E853EBEB2877BBFFF
:10076000CF6E3BBECDAC7BBFEC5738BE4DD17BBF0F
:10077000984035BE31F57BBFD42832BE7A187CBF95
:10078000A2102FBE283B7CBF04F82BBE3A5D7CBF75
:10079000FCDE28BEB07E7CBF8CC525BE8A9F7CBF98
:1007A000B6AB22BEC9BF7CBF7B911FBE6CDF7CBFD6
:1007B000DE761CBE73FE7CBFE05B19BEDD1C7DBF18
:1007C000834016BEAC3A7DBFCA2413BEDE577DBF40
:1007D000B70810BE74747DBF4AEC0CBE6E907DBF2E
:1007E00086CF09BECCAB7DBF6EB206BE8CC67DBFC8
:1007F000029503BEB1E07DBF457700BE38FA7DBFEC
:1008000073B2FABD24137EBFC075F4BD722B7EBFD8
:100810007638EEBD23437EBF9AFAE7BD385A7EBFD5
:100820002EBCE1BDB0707EBF377DDBBD8B867EBF49
:10083000B93DD5BDC99B7EBFB7FDCEBD69B07EBFFA
:1008400036BDC8BD6DC47EBF397CC2BDD4D77EBFA6
:10085000C33ABCBD9DEA7EBFDAF8B5BDC9FC7EBF18
:1008600080B6AFBD580E7FBFBA73A9BD491F7FBF09
:100870008C30A3BD9D2F7FBFF9EC9CBD543F7FBF43
:1008800005A996BD6D4E7FBFB46490BDE95C7FBF86
:100890000A208ABDC76A7FBF0ADB83BD08787FBF95
:1008A000742B7BBDAB847FBF38A06EBDB1907FBF82
:1008B000681462BD189C7FBF0E8855BDE3A67FBF3C
:1008C0002FFB48BD0FB17FBFD56D3CBD9EBA7FBF2A
:1008D00007E02FBD8FC37FBFCC5123BDE2CB7FBFCD
:1008E0002CC316BD98D37FBF2F340ABDAFDA7FBFAC
:1008F000B949FBBC29E17FBF7B2AE2BC05E77FBF8A
:10090000B00AC9BC43EC7FBF69EAAFBCE3F07FBF6C
:10091000B6C996BCE6F47FBF4B517BBC4AF87FBF9B
:10092000900E49BC11FB7FBF59CB16BC39FD7FBF70
:10093000890FC9BBC4FE7FBFC70F49BBB1FF7FBFD3
:1009400000000080000080BFC70F493BB1FF7FBFA0
:10095000890FC93BC4FE7FBF59CB163C39FD7FBF11
:10096000900E493C11FB7FBF4B517B3C4AF87FBF47
:10097000B6C9963CE6F47FBF69EAAF3CE3F07FBFBF
:10098000B00AC93C43EC7FBF7B2AE23C05E77FBF4E
:10099000B949FB3C29E17FBF2F340A3DAFDA7FBF65
:1009A0002CC3163D98D37FBFCC51233DE2CB7FBFF4
:1009B00007E02F3D8FC37FBFD56D3C3D9EBA7FBF03
:1009C0002FFB483D0FB17FBF0E88553DE3A67FBF8B
:1009D0006814623D189C7FBF38A06E3DB1907FBF08
:1009E000742B7B3DAB847FBF0ADB833D08787FBFE0
:1009F0000A208A3DC76A7FBFB464903DE95C7FBF2F
:100A000005A9963D6D4E7FBFF9EC9C3D543F7FBFDD
:100A10008C30A33D9D2F7FBFBA73A93D491F7FBF77
:100A200080B6AF3D580E7FBFDAF8B53DC9FC7EBF3A
:100A3000C33ABC3D9DEA7EBF397CC23DD4D77EBF60
:100A400036BDC83D6DC47EBFB7FDCE3D69B07EBF2B
:100A5000B93DD53DC99B7EBF377DDB3D8B867EBFD3
:100A60002EBCE13DB0707EBF9AFAE73D385A7EBF9A
:100A70007638EE3D23437EBFC075F43D722B7EBFBA
:100A800073B2FA3D24137EBF4577003E38FA7DBF2E
:100A90000295033EB1E07DBF6EB2063E8CC67DBFBF
:100AA00086CF093ECCAB7DBF4AEC0C3E6E907DBF3D
:100AB000B708103E74747DBFCA24133EDE577DBF55
:100AC0008340163EAC3A7DBFE05B193EDD1C7DBF26
:100AD000DE761C3E73FE7CBF7B911F3E6CDF7CBFCD
:100AE000B6AB223EC9BF7CBF8CC5253E8A9F7CBF6A
:100AF000FCDE283EB07E7CBF04F82B3E3A5D7CBF16
:100B0000A2102F3E283B7CBFD428323E7A187CBFEF
:100B10009840353E31F57BBFEC57383E4DD17BBF19
:100B2000CF6E3B3ECDAC7BBF3E853E3EB2877BBFAA
:100B3000379B413EFC617BBFB9B0443EAB3B7BBFC2
:100B4000C2C5473EBE147BBF4FDA4A3E37ED7ABF7F
:100B500060EE4D3E16C57ABFF101513E599C7ABFF9
:100B60000115543E02737ABF8F27573E10497ABF52
:100B700097395A3E841E7ABF1A4B5D3E5EF379BFA9
:100B8000135C603E9DC779BF836C633E439B79BF16
:100B9000667C663E4E6E79BFBA8B693EC04079BFB7
:100BA0007F9A6C3E981279BFB2A86F3ED6E378BFA9
:100BB00051B6723E7BB478BF5AC3753E868478BF07
:100BC000CCCF783EF85378BFA4DB7B3ED12278BFF0
:100BD000E1E67E3E10F177BFC0F8803EB7BE77BF3A
:100BE000C07D823EC58B77BF7002843E3A5877BF86
:100BF000CE86853E172477BFDA0A873E5BEF76BF45
:100C0000938E883E07BA76BFF8118A3E1B8476BF62
:100C100007958B3E974D76BFC0178D3E7A1676BFEF
:100C2000229A8E3EC6DE75BF2C1C903E7BA675BFF9
:100C3000DD9D913E976D75BF351F933E1D3475BF89
:100C400031A0943E0BFA74BFD220963E62BF74BFAF
:100C500017A1973E228474BFFE20993E4B4874BF73
:100C600086A09A3EDD0B74BFAF1F9C3ED9CE73BFEA
:100C7000789E9D3E3F9173BFDF1C9F3E0E5373BF16
:100C8000E59AA03E471473BF8718A23EEBD472BF0B
:100C9000C595A33EF89472BF9F12A53E705472BFD3
:100CA000128FA63E521372BF1F0BA83E9FD171BF79
:100CB000C486A93E578F71BF0102AB3E7A4C71BF0B
:100CC000D47CAC3E080971BF3CF7AD3E02C570BF95
:100CD0003A71AF3E668070BFCBEAB03E373B70BF23
:100CE000EF63B23E73F56FBFA5DCB33E1BAF6FBFC2
:100CF000EC54B53E30686FBFC3CCB63EB0206FBF7A
:100D00002A44B83E9ED86EBF1EBBB93EF88F6EBF58
:100D1000A031BB3EBE466EBFAFA7BC3EF2FC6DBF6E
:100D20004A1DBE3E93B26DBF6F92BF3EA1676DBFBD
:100D30001E07C13E1D1C6DBF557BC23E07D06CBF58
:100D400015EFC33E5E836CBF5C62C53E24366CBF4C
:100D500029D5C63E58E86BBF7C47C83EFB996BBFA0
:100D600053B9C93E0C4B6BBFAE2ACB3E8CFB6ABF5E
:100D70008B9BCC3E7BAB6ABFEA0BCE3ED95A6ABF97
:100D8000CA7BCF3EA7096ABF2AEBD03EE4B769BF52
:100D9000095AD23E916569BF67C8D33EAE1269BF9A
:100DA0004136D53E3CBF68BF99A3D63E396B68BF7C
:100DB0006B10D83EA81668BFB97CD93E87C167BF03
:100DC00080E8DA3ED86B67BFC153DC3E991567BF38
:100DD00079BEDD3ECCBE66BFA928DF3E716766BF27
:100DE0004F92E03E880F66BF6AFBE13E10B765BFD9
:100DF000FA63E33E0B5E65BFFECBE43E790465BF5C
:100E00007533E63E59AA64BF5D9AE73EAC4F64BFB6
:100E1000B700E93E73F463BF8166EA3EAC9863BFF6
:100E2000BBCBEB3E5A3C63BF6330ED3E7BDF62BF22
:100E30007994EE3E108262BFFBF7EF3E1A2462BF48
:100E4000EA5AF13E98C561BF43BDF23E8A6661BF72
:100E5000071FF43EF20661BF3580F53ECFA660BFA6
:100E6000CBE0F63E214660BFC840F83EE9E45FBFF4
:100E70002DA0F93E27835FBFF7FEFA3EDB205FBF60
:100E8000275DFC3E05BE5EBFBBBAFD3EA65A5EBFF7
:100E9000B217FF3EBEF65DBF063A003F4D925DBF02
:100EA000E4E7003F532D5DBF7395013FD1C75CBFA1
:100EB000B142023FC7615CBF9FEF023F34FB5BBFA3
:100EC0003D9C033F1A945BBF8948043F792C5BBF6C
:100ED00084F4043F50C45ABF2CA0053FA05B5ABF06
:100EE000824B063F6AF259BF86F6063FAD8859BF6E
:100EF00036A1073F6A1E59BF924B083FA1B358BFA6
:100F00009BF5083F534858BF4E9F093F7FDC57BFB2
:100F1000AD480A3F267057BFB7F10A3F480357BF95
:100F20006B9A0B3FE59556BFC9420C3FFE2756BF53
:100F3000D0EA0C3F93B955BF81920D3FA44A55BFEB
:100F4000DA390E3F31DB54BFDBE00E3F3B6B54BF61
:100F500084870F3FC3FA53BFD52D103FC78953BFB6
:100F6000CDD3103F491853BF6B79113F49A652BFEB
:100F7000B01E123FC63352BF9AC3123FC2C051BF08
:100F80002A68133F3D4D51BF5F0C143F37D950BF06
:100F900039B0143FAF6450BFB753153FA8EF4FBFF0
:100FA000D9F6153F1F7A4FBF9F99163F17044FBFC1
:100FB000073C173F908D4EBF12DE173F89164EBF7C
:100FC000C07F183F029F4DBF0F21193FFD264DBF27
:100FD00000C2193F79AE4CBF93621A3F78354CBFBF
:100FE000C6021B3FF8BB4BBF99A21B3FFA414BBF48
:100FF0000C421C3F7FC74ABF1FE11C3F874C4ABFC2
:10100000D17F1D3F12D149BF221E1E3F215549BF2E
:1010100012BC1E3FB3D848BF9F591F3FCA5B48BF91
:10102000CBF61F3F65DE47BF9393203F856047BFE8
:10103000F92F213F2AE246BFFBCB213F546346BF35
:101040009967223F03E445BFD302233F396445BF7C
:10105000A99D233FF5E344BF1A38243F376344BFBB
:1010600025D2243F00E243BFCB6B253F516043BFF5
:101070000A05263F29DE42BFE39D263F895B42BF2A
:101080005636273F70D841BF61CE273FE15441BF5C
:101090000566283FDAD040BF41FD283F5C4C40BF89
:1010A0001594293F67C73FBF802A2A3FFC413FBFB5
:1010B00082C02A3F1BBC3EBF1B562B3FC5353EBFDF
:1010C0004AEB2B3FF9AE3DBF0F802C3FB8273DBF09
:1010D00069142D3F03A03CBF59A82D3FD9173CBF31
:1010E000DE3B2E3F3B8F3BBFF7CE2E3F29063BBF5B
:1010F000A5612F3FA47C3ABFE6F32F3FACF239BF86
:10110000BB85303F426839BF2217313F65DD38BFAC
:101110001DA8313F165238BFAA38323F55C637BFD7
:10112000C9C8323F233A37BF7A58333F7FAD36BF05
:10113000BCE7333F6C2036BF8F76343FE79235BF34
:10114000F304353FF30435BFE792353F8F7634BF64
:101150006C20363FBCE733BF7FAD363F7A5833BF94
:10116000233A373FC9C832BF55C6373FAA3832BFC6
:101170001652383F1DA831BF65DD383F221731BFF9
:101180004268393FBB8530BFACF2393FE6F32FBF31
:10119000A47C3A3FA5612FBF29063B3FF7CE2EBF67
:1011A0003B8F3B3FDE3B2EBFD9173C3F59A82DBF9D
:1011B00003A03C3F69142DBFB8273D3F0F802CBFD3
:1011C000F9AE3D3F4AEB2BBFC5353E3F1B562BBF0B
:1011D0001BBC3E3F82C02ABFFC413F3F802A2ABF42
:1011E00067C73F3F159429BF5C4C403F41FD28BF76
:1011F000DAD0403F056628BFE154413F61CE27BFAA
:1012000070D8413F563627BF895B423FE39D26BFDA
:1012100029DE423F0A0526BF5160433FCB6B25BF05
:1012200000E2433F25D224BF3763443F1A3824BF2E
:10123000F5E3443FA99D23BF3964453FD30223BF53
:1012400003E4453F996722BF5463463FFBCB21BF70
:101250002AE2463FF92F21BF8560473F939320BF85
:1012600065DE473FCBF61FBFCA5B483F9F591FBF94
:10127000B3D8483F12BC1EBF2155493F221E1EBF96
:1012800012D1493FD17F1DBF874C4A3F1FE11CBF90
:101290007FC74A3F0C421CBFFA414B3F99A21BBF7C
:1012A000F8BB4B3FC6021BBF78354C3F93621ABF59
:1012B00079AE4C3F00C219BFFD264D3F0F2119BF2B
:1012C000029F4D3FC07F18BF89164E3F12DE17BFE9
:1012D000908D4E3F073C17BF17044F3F9F9916BF95
:1012E0001F7A4F3FD9F615BFA8EF4F3FB75315BF31
:1012F000AF64503F39B014BF37D9503F5F0C14BFB3
:101300003D4D513F2A6813BFC2C0513F9AC312BF1F
:10131000C633523FB01E12BF49A6523F6B7911BF70
:101320004918533FCDD310BFC789533FD52D10BFA8
:10133000C3FA533F84870FBF3B6B543FDBE00EBFC4
:1013400031DB543FDA390EBFA44A553F81920DBFBD
:1013500093B9553FD0EA0CBFFE27563FC9420CBF98
:10136000E595563F6B9A0BBF4803573FB7F10ABF4D
:101370002670573FAD480ABF7FDC573F4E9F09BFDD
:101380005348583F9BF508BFA1B3583F924B08BF45
:101390006A1E593F36A107BFAD88593F86F606BF82
:1013A0006AF2593F824B06BFA05B5A3F2CA005BF93
:1013B00050C45A3F84F404BF792C5B3F894804BF72
:1013C0001A945B3F3D9C03BF34FB5B3F9FEF02BF22
:1013D000C7615C3FB14202BFD1C75C3F739501BF9B
:1013E000532D5D3FE4E700BF4D925D3F063A00BFDD
:1013F000BEF65D3FB217FFBEA65A5E3FBBBAFDBE4A
:1014000005BE5E3F275DFCBEDB205F3FF7FEFABEF8
:1014100027835F3F2DA0F9BEE9E45F3FC840F8BED7
:101420002146603FCBE0F6BECFA6603F3580F5BEDB
:10143000F206613F071FF4BE8A66613F43BDF2BEFC
:1014400098C5613FEA5AF1BE1A24623FFBF7EFBE2E
:101450001082623F7994EEBE7BDF623F6330EDBE67
:101460005A3C633FBBCBEBBEAC98633F8166EABEA0
:1014700073F4633FB700E9BEAC4F643F5D9AE7BECB
:1014800059AA643F7533E6BE7904653FFECBE4BEDE
:101490000B5E653FFA63E3BE10B7653F6AFBE1BED2
:1014A000880F663F4F92E0BE7167663FA928DFBE96
:1014B000CCBE663F79BEDDBE9915673FC153DCBE29
:1014C000D86B673F80E8DABE87C1673FB97CD9BE79
:1014D000A816683F6B10D8BE396B683F99A3D6BE7B
:1014E0003CBF683F4136D5BEAE12693F67C8D3BE28
:1014F0009165693F095AD2BEE4B7693F2AEBD0BE75
:10150000A7096A3FCA7BCFBED95A6A3FEA0BCEBE53
:101510007BAB6A3F8B9BCCBE8CFB6A3FAE2ACBBEBB
:101520000C4B6B3F53B9C9BEFB996B3F7C47C8BEA0
:1015300058E86B3F29D5C6BE24366C3F5C62C5BEF9
:101540005E836C3F15EFC3BE07D06C3F557BC2BEB8
:101550001D1C6D3F1E07C1BEA1676D3F6F92BFBED0
:1015600093B26D3F4A1DBEBEF2FC6D3FAFA7BCBE3D
:10157000BE466E3FA031BBBEF88F6E3F1EBBB9BEEC
:101580009ED86E3F2A44B8BEB0206F3FC3CCB6BED3
:1015900030686F3FEC54B5BE1BAF6F3FA5DCB3BEE8
:1015A00073F56F3FEF63B2BE373B703FCBEAB0BE1F
:1015B0006680703F3A71AFBE02C5703F3CF7ADBE6A
:1015C0000809713FD47CACBE7A4C713F0102ABBEBE
:1015D000578F713FC486A9BE9FD1713F1F0BA8BE14
:1015E0005213723F128FA6BE7054723F9F12A5BE57
:1015F000F894723FC595A3BEEBD4723F8718A2BE84
:101600004714733FE59AA0BE0E53733FDF1C9FBE85
:101610003F91733F789E9DBED9CE733FAF1F9CBE56
:10162000DD0B743F86A09ABE4B48743FFE2099BEE6
:101630002284743F17A197BE62BF743FD22096BE2A
:101640000BFA743F31A094BE1D34753F351F93BE15
:10165000976D753FDD9D91BE7BA6753F2C1C90BE9E
:10166000C6DE753F229A8EBE7A16763FC0178DBEB3
:10167000974D763F07958BBE1B84763FF8118ABE47
:1016800007BA763F938E88BE5BEF763FDA0A87BE55
:101690001724773FCE8685BE3A58773F700284BEC6
:1016A000C58B773FC07D82BEB7BE773FC0F880BE96
:1016B00010F1773FE1E67EBED122783FA4DB7BBE0E
:1016C000F853783FCCCF78BE8684783F5AC375BE36
:1016D0007BB4783F51B672BED6E3783FB2A86FBEF6
:1016E0009812793F7F9A6CBEC040793FBA8B69BE31
:1016F0004E6E793F667C66BE439B793F836C63BECA
:101700009DC7793F135C60BE5EF3793F1A4B5DBEA7
:10171000841E7A3F97395ABE10497A3F8F2757BEA9
:1017200002737A3F011554BE599C7A3FF10151BEB4
:1017300016C57A3F60EE4DBE37ED7A3F4FDA4ABEAE
:10174000BE147B3FC2C547BEAB3B7B3FB9B044BE76
:10175000FC617B3F379B41BEB2877B3F3E853EBEEF
:10176000CDAC7B3FCF6E3BBE4DD17B3FEC5738BEFF
:1017700031F57B3F984035BE7A187C3FD42832BE85
:10178000283B7C3FA2102FBE3A5D7C3F04F82BBE65
:10179000B07E7C3FFCDE28BE8A9F7C3F8CC525BE88
:1017A000C9BF7C3FB6AB22BE6CDF7C3F7B911FBEC6
:1017B00073FE7C3FDE761CBEDD1C7D3FE05B19BE08
:1017C000AC3A7D3F834016BEDE577D3FCA2413BE30
:1017D00074747D3FB70810BE6E907D3F4AEC0CBE1E
:1017E000CCAB7D3F86CF09BE8CC67D3F6EB206BEB8
:1017F000B1E07D3F029503BE38FA7D3F457700BEDC
:1018000024137E3F73B2FABD722B7E3FC075F4BDC8
:1018100023437E3F7638EEBD385A7E3F9AFAE7BDC5
:10182000B0707E3F2EBCE1BD8B867E3F377DDBBD39
:10183000C99B7E3FB93DD5BD69B07E3FB7FDCEBDEA
:101840006DC47E3F36BDC8BDD4D77E3F397CC2BD96
:101850009DEA7E3FC33ABCBDC9FC7E3FDAF8B5BD08
:10186000580E7F3F80B6AFBD491F7F3FBA73A9BDF9
:101870009D2F7F3F8C30A3BD543F7F3FF9EC9CBD33
:101880006D4E7F3F05A996BDE95C7F3FB46490BD76
:10189000C76A7F3F0A208ABD08787F3F0ADB83BD85
:1018A000AB847F3F742B7BBDB1907F3F38A06EBD72
:1018B000189C7F3F681462BDE3A67F3F0E8855BD2C
:1018C0000FB17F3F2FFB48BD9EBA7F3FD56D3CBD1A
:1018D0008FC37F3F07E02FBDE2CB7F3FCC5123BDBD
:1018E00098D37F3F2CC316BDAFDA7F3F2F340ABD9C
:1018F00029E17F3FB949FBBC05E77F3F7B2AE2BC7A
:1019000043EC7F3FB00AC9BCE3F07F3F69EAAFBC5C
:10191000E6F47F3FB6C996BC4AF87F3F4B517BBC8B
:1019200011FB7F3F900E49BC39FD7F3F59CB16BC60
:10193000C4FE7F3F890FC9BBB1FF7F3FC70F49BBC3
:10194000000000000000803F36BDC83D6DC47E3FF2
:10195000C2C5473EBE147B3F31A0943E0BFA743F94
:1019600015EFC33E5E836C3FEA5AF13E98C5613F76
:10197000DA390E3F31DB543F9967223F03E4453F9C
:10198000F304353FF304353F03E4453F9967223FB5
:1019900031DB543FDA390E3F98C5613FEA5AF13ED8
:1019A0005E836C3F15EFC33E0BFA743F31A0943E4B
:1019B000BE147B3FC2C5473E6DC47E3F36BDC83DA9
:1019C0000000803F000000006DC47E3F36BDC8BDF2
:1019D000BE147B3FC2C547BE0BFA743F31A094BE14
:1019E0005E836C3F15EFC3BE98C5613FEA5AF1BEF6
:1019F00031DB543FDA390EBF03E4453F996722BF1C
:101A0000F304353FF30435BF9967223F03E445BF34
:101A1000DA390E3F31DB54BFEA5AF13E98C561BF57
:101A200015EFC33E5E836CBF31A0943E0BFA74BFCA
:101A3000C2C5473EBE147BBF36BDC83D6DC47EBF28
:101A400008004000100080001800C00020000001C5
:101A500028004001300080013800C001500088009B
:101A60005800C80060000801680048017000880143
:101A70007800C8019800D000A0001001A800500113
:101A8000B0009001B800D001E0001801E800580152
:101A9000F0009801F800D801280160013001A00190
:101AA0003801E0017001A8017801E801B801F001F6
:101AB000000000000000803FC70F493BB1FF7F3F9F
:101AC000890FC93BC4FE7F3F59CB163C39FD7F3F90
:101AD000900E493C11FB7F3F4B517B3C4AF87F3FC6
:101AE000B6C9963CE6F47F3F69EAAF3CE3F07F3F3E
:101AF000B00AC93C43EC7F3F7B2AE23C05E77F3FCD
:101B0000B949FB3C29E17F3F2F340A3DAFDA7F3FE3
:101B10002CC3163D98D37F3FCC51233DE2CB7F3F72
:101B200007E02F3D8FC37F3FD56D3C3D9EBA7F3F81
:101B30002FFB483D0FB17F3F0E88553DE3A67F3F09
:101B40006814623D189C7F3F38A06E3DB1907F3F86
:101B5000742B7B3DAB847F3F0ADB833D08787F3F5E
:101B60000A208A3DC76A7F3FB464903DE95C7F3FAD
:101B700005A9963D6D4E7F3FF9EC9C3D543F7F3F5C
:101B80008C30A33D9D2F7F3FBA73A93D491F7F3FF6
:101B900080B6AF3D580E7F3FDAF8B53DC9FC7E3FB9
:101BA000C33ABC3D9DEA7E3F397CC23DD4D77E3FDF
:101BB00036BDC83D6DC47E3FB7FDCE3D69B07E3FAA
:101BC000B93DD53DC99B7E3F377DDB3D8B867E3F52
:101BD0002EBCE13DB0707E3F9AFAE73D385A7E3F19
:101BE0007638EE3D23437E3FC075F43D722B7E3F39
:101BF00073B2FA3D24137E3F4577003E38FA7D3FAD
:101C00000295033EB1E07D3F6EB2063E8CC67D3F3D
:101C100086CF093ECCAB7D3F4AEC0C3E6E907D3FBB
:101C2000B708103E74747D3FCA24133EDE577D3FD3
:101C30008340163EAC3A7D3FE05B193EDD1C7D3FA4
:101C4000DE761C3E73FE7C3F7B911F3E6CDF7C3F4B
:101C5000B6AB223EC9BF7C3F8CC5253E8A9F7C3FE8
:101C6000FCDE283EB07E7C3F04F82B3E3A5D7C3F94
:101C7000A2102F3E283B7C3FD428323E7A187C3F6E
:101C80009840353E31F57B3FEC57383E4DD17B3F98
:101C9000CF6E3B3ECDAC7B3F3E853E3EB2877B3F29
:101CA000379B413EFC617B3FB9B0443EAB3B7B3F41
:101CB000C2C5473EBE147B3F4FDA4A3E37ED7A3FFE
:101CC00060EE4D3E16C57A3FF101513E599C7A3F78
:101CD0000115543E02737A3F8F27573E10497A3FD1
:101CE00097395A3E841E7A3F1A4B5D3E5EF3793F28
:101CF000135C603E9DC7793F836C633E439B793F95
:101D0000667C663E4E6E793FBA8B693EC040793F35
:101D10007F9A6C3E9812793FB2A86F3ED6E3783F27
:101D200051B6723E7BB4783F5AC3753E8684783F85
:101D3000CCCF783EF853783FA4DB7B3ED122783F6E
:101D4000E1E67E3E10F1773FC0F8803EB7BE773FB8
:101D5000C07D823EC58B773F7002843E3A58773F04
:101D6000CE86853E1724773FDA0A873E5BEF763FC3
:101D7000938E883E07BA763FF8118A3E1B84763FE1
:101D800007958B3E974D763FC0178D3E7A16763F6E
:101D9000229A8E3EC6DE753F2C1C903E7BA6753F78
:101DA000DD9D913E976D753F351F933E1D34753F08
:101DB00031A0943E0BFA743FD220963E62BF743F2E
:101DC00017A1973E2284743FFE20993E4B48743FF2
:101DD00086A09A3EDD0B743FAF1F9C3ED9CE733F69
:101DE000789E9D3E3F91733FDF1C9F3E0E53733F95
:101DF000E59AA03E4714733F8718A23EEBD4723F8A
:101E0000C595A33EF894723F9F12A53E7054723F51
:101E1000128FA63E5213723F1F0BA83E9FD1713FF7
:101E2000C486A93E578F713F0102AB3E7A4C713F89
:101E3000D47CAC3E0809713F3CF7AD3E02C5703F13
:101E40003A71AF3E6680703FCBEAB03E373B703FA1
:101E5000EF63B23E73F56F3FA5DCB33E1BAF6F3F40
:101E6000EC54B53E30686F3FC3CCB63EB0206F3FF8
:101E70002A44B83E9ED86E3F1EBBB93EF88F6E3FD7
:101E8000A031BB3EBE466E3FAFA7BC3EF2FC6D3FED
:101E90004A1DBE3E93B26D3F6F92BF3EA1676D3F3C
:101EA0001E07C13E1D1C6D3F557BC23E07D06C3FD7
:101EB00015EFC33E5E836C3F5C62C53E24366C3FCB
:101EC00029D5C63E58E86B3F7C47C83EFB996B3F1F
:101ED00053B9C93E0C4B6B3FAE2ACB3E8CFB6A3FDD
:101EE0008B9BCC3E7BAB6A3FEA0BCE3ED95A6A3F16
:101EF000CA7BCF3EA7096A3F2AEBD03EE4B7693FD1
:101F0000095AD23E9165693F67C8D33EAE12693F18
:101F10004136D53E3CBF683F99A3D63E396B683FFA
:101F20006B10D83EA816683FB97CD93E87C1673F81
:101F300080E8DA3ED86B673FC153DC3E9915673FB6
:101F400079BEDD3ECCBE663FA928DF3E7167663FA5
:101F50004F92E03E880F663F6AFBE13E10B7653F57
:101F6000FA63E33E0B5E653FFECBE43E7904653FDA
:101F70007533E63E59AA643F5D9AE73EAC4F643F35
:101F8000B700E93E73F4633F8166EA3EAC98633F75
:101F9000BBCBEB3E5A3C633F6330ED3E7BDF623FA1
:101FA0007994EE3E1082623FFBF7EF3E1A24623FC7
:101FB000EA5AF13E98C5613F43BDF23E8A66613FF1
:101FC000071FF43EF206613F3580F53ECFA6603F25
:101FD000CBE0F63E2146603FC840F83EE9E45F3F73
:101FE0002DA0F93E27835F3FF7FEFA3EDB205F3FDF
:101FF000275DFC3E05BE5E3FBBBAFD3EA65A5E3F76
:10200000B217FF3EBEF65D3F063A003F4D925D3F80
:10201000E4E7003F532D5D3F7395013FD1C75C3F1F
:10202000B142023FC7615C3F9FEF023F34FB5B3F21
:102030003D9C033F1A945B3F8948043F792C5B3FEA
:1020400084F4043F50C45A3F2CA0053FA05B5A3F84
:10205000824B063F6AF2593F86F6063FAD88593FEC
:1020600036A1073F6A1E593F924B083FA1B3583F24
:102070009BF5083F5348583F4E9F093F7FDC573F31
:10208000AD480A3F2670573FB7F10A3F4803573F14
:102090006B9A0B3FE595563FC9420C3FFE27563FD2
:1020A000D0EA0C3F93B9553F81920D3FA44A553F6A
:1020B000DA390E3F31DB543FDBE00E3F3B6B543FE0
:1020C00084870F3FC3FA533FD52D103FC789533F35
:1020D000CDD3103F4918533F6B79113F49A6523F6A
:1020E000B01E123FC633523F9AC3123FC2C0513F87
:1020F0002A68133F3D4D513F5F0C143F37D9503F85
:1021000039B0143FAF64503FB753153FA8EF4F3F6E
:10211000D9F6153F1F7A4F3F9F99163F17044F3F3F
:10212000073C173F908D4E3F12DE173F89164E3FFA
:10213000C07F183F029F4D3F0F21193FFD264D3FA5
:1021400000C2193F79AE4C3F93621A3F78354C3F3D
:10215000C6021B3FF8BB4B3F99A21B3FFA414B3FC6
:102160000C421C3F7FC74A3F1FE11C3F874C4A3F40
:10217000D17F1D3F12D1493F221E1E3F2155493FAD
:1021800012BC1E3FB3D8483F9F591F3FCA5B483F10
:10219000CBF61F3F65DE473F9393203F8560473F67
:1021A000F92F213F2AE2463FFBCB213F5463463FB4
:1021B0009967223F03E4453FD302233F3964453FFB
:1021C000A99D233FF5E3443F1A38243F3763443F3A
:1021D00025D2243F00E2433FCB6B253F5160433F74
:1021E0000A05263F29DE423FE39D263F895B423FA9
:1021F0005636273F70D8413F61CE273FE154413FDB
:102200000566283FDAD0403F41FD283F5C4C403F07
:102210001594293F67C73F3F802A2A3FFC413F3F33
:1022200082C02A3F1BBC3E3F1B562B3FC5353E3F5D
:102230004AEB2B3FF9AE3D3F0F802C3FB8273D3F87
:1022400069142D3F03A03C3F59A82D3FD9173C3FAF
:10225000DE3B2E3F3B8F3B3FF7CE2E3F29063B3FD9
:10226000A5612F3FA47C3A3FE6F32F3FACF2393F04
:10227000BB85303F4268393F2217313F65DD383F2B
:102280001DA8313F1652383FAA38323F55C6373F56
:10229000C9C8323F233A373F7A58333F7FAD363F84
:1022A000BCE7333F6C20363F8F76343FE792353FB3
:1022B000F304353FF304353FE792353F8F76343FE3
:1022C0006C20363FBCE7333F7FAD363F7A58333F13
:1022D000233A373FC9C8323F55C6373FAA38323F45
:1022E0001652383F1DA8313F65DD383F2217313F78
:1022F0004268393FBB85303FACF2393FE6F32F3FB0
:10230000A47C3A3FA5612F3F29063B3FF7CE2E3FE5
:102310003B8F3B3FDE3B2E3FD9173C3F59A82D3F1B
:1023200003A03C3F69142D3FB8273D3F0F802C3F51
:10233000F9AE3D3F4AEB2B3FC5353E3F1B562B3F89
:102340001BBC3E3F82C02A3FFC413F3F802A2A3FC0
:1023500067C73F3F1594293F5C4C403F41FD283FF4
:10236000DAD0403F0566283FE154413F61CE273F28
:1023700070D8413F5636273F895B423FE39D263F59
:1023800029DE423F0A05263F5160433FCB6B253F84
:1023900000E2433F25D2243F3763443F1A38243FAD
:1023A000F5E3443FA99D233F3964453FD302233FD2
:1023B00003E4453F9967223F5463463FFBCB213FEF
:1023C0002AE2463FF92F213F8560473F9393203F04
:1023D00065DE473FCBF61F3FCA5B483F9F591F3F13
:1023E000B3D8483F12BC1E3F2155493F221E1E3F15
:1023F00012D1493FD17F1D3F874C4A3F1FE11C3F0F
:102400007FC74A3F0C421C3FFA414B3F99A21B3FFA
:10241000F8BB4B3FC6021B3F78354C3F93621A3FD7
:1024200079AE4C3F00C2193FFD264D3F0F21193FA9
:10243000029F4D3FC07F183F89164E3F12DE173F67
:10244000908D4E3F073C173F17044F3F9F99163F13
:102450001F7A4F3FD9F6153FA8EF4F3FB753153FAF
:10246000AF64503F39B0143F37D9503F5F0C143F31
:102470003D4D513F2A68133FC2C0513F9AC3123F9E
:10248000C633523FB01E123F49A6523F6B79113FEF
:102490004918533FCDD3103FC789533FD52D103F27
:1024A000C3FA533F84870F3F3B6B543FDBE00E3F43
:1024B00031DB543FDA390E3FA44A553F81920D3F3C
:1024C00093B9553FD0EA0C3FFE27563FC9420C3F17
:1024D000E595563F6B9A0B3F4803573FB7F10A3FCC
:1024E0002670573FAD480A3F7FDC573F4E9F093F5C
:1024F0005348583F9BF5083FA1B3583F924B083FC4
:102500006A1E593F36A1073FAD88593F86F6063F00
:102510006AF2593F824B063FA05B5A3F2CA0053F11
:1025200050C45A3F84F4043F792C5B3F8948043FF0
:102530001A945B3F3D9C033F34FB5B3F9FEF023FA0
:10254000C7615C3FB142023FD1C75C3F7395013F19
:10255000532D5D3FE4E7003F4D925D3F063A003F5B
:10256000BEF65D3FB217FF3EA65A5E3FBBBAFD3EC8
:1025700005BE5E3F275DFC3EDB205F3FF7FEFA3E77
:1025800027835F3F2DA0F93EE9E45F3FC840F83E56
:102590002146603FCBE0F63ECFA6603F3580F53E5A
:1025A000F206613F071FF43E8A66613F43BDF23E7B
:1025B00098C5613FEA5AF13E1A24623FFBF7EF3EAD
:1025C0001082623F7994EE3E7BDF623F6330ED3EE6
:1025D0005A3C633FBBCBEB3EAC98633F8166EA3E1F
:1025E00073F4633FB700E93EAC4F643F5D9AE73E4A
:1025F00059AA643F7533E63E7904653FFECBE43E5D
:102600000B5E653FFA63E33E10B7653F6AFBE13E50
:10261000880F663F4F92E03E7167663FA928DF3E14
:10262000CCBE663F79BEDD3E9915673FC153DC3EA7
:10263000D86B673F80E8DA3E87C1673FB97CD93EF7
:10264000A816683F6B10D83E396B683F99A3D63EF9
:102650003CBF683F4136D53EAE12693F67C8D33EA6
:102660009165693F095AD23EE4B7693F2AEBD03EF3
:10267000A7096A3FCA7BCF3ED95A6A3FEA0BCE3ED2
:102680007BAB6A3F8B9BCC3E8CFB6A3FAE2ACB3E3A
:102690000C4B6B3F53B9C93EFB996B3F7C47C83E1F
:1026A00058E86B3F29D5C63E24366C3F5C62C53E78
:1026B0005E836C3F15EFC33E07D06C3F557BC23E37
:1026C0001D1C6D3F1E07C13EA1676D3F6F92BF3E4F
:1026D00093B26D3F4A1DBE3EF2FC6D3FAFA7BC3EBC
:1026E000BE466E3FA031BB3EF88F6E3F1EBBB93E6B
:1026F0009ED86E3F2A44B83EB0206F3FC3CCB63E52
:1027000030686F3FEC54B53E1BAF6F3FA5DCB33E66
:1027100073F56F3FEF63B23E373B703FCBEAB03E9D
:102720006680703F3A71AF3E02C5703F3CF7AD3EE8
:102730000809713FD47CAC3E7A4C713F0102AB3E3C
:10274000578F713FC486A93E9FD1713F1F0BA83E92
:102750005213723F128FA63E7054723F9F12A53ED5
:10276000F894723FC595A33EEBD4723F8718A23E02
:102770004714733FE59AA03E0E53733FDF1C9F3E04
:102780003F91733F789E9D3ED9CE733FAF1F9C3ED5
:10279000DD0B743F86A09A3E4B48743FFE20993E65
:1027A0002284743F17A1973E62BF743FD220963EA9
:1027B0000BFA743F31A0943E1D34753F351F933E94
:1027C000976D753FDD9D913E7BA6753F2C1C903E1D
:1027D000C6DE753F229A8E3E7A16763FC0178D3E32
:1027E000974D763F07958B3E1B84763FF8118A3EC6
:1027F00007BA763F938E883E5BEF763FDA0A873ED4
:102800001724773FCE86853E3A58773F7002843E44
:10281000C58B773FC07D823EB7BE773FC0F8803E14
:1028200010F1773FE1E67E3ED122783FA4DB7B3E8C
:10283000F853783FCCCF783E8684783F5AC3753EB4
:102840007BB4783F51B6723ED6E3783FB2A86F3E74
:102850009812793F7F9A6C3EC040793FBA8B693EAF
:102860004E6E793F667C663E439B793F836C633E48
:102870009DC7793F135C603E5EF3793F1A4B5D3E26
:10288000841E7A3F97395A3E10497A3F8F27573E28
:1028900002737A3F0115543E599C7A3FF101513E33
:1028A00016C57A3F60EE4D3E37ED7A3F4FDA4A3E2D
:1028B000BE147B3FC2C5473EAB3B7B3FB9B0443EF5
:1028C000FC617B3F379B413EB2877B3F3E853E3E6E
:1028D000CDAC7B3FCF6E3B3E4DD17B3FEC57383E7E
:1028E00031F57B3F9840353E7A187C3FD428323E04
:1028F000283B7C3FA2102F3E3A5D7C3F04F82B3EE4
:10290000B07E7C3FFCDE283E8A9F7C3F8CC5253E06
:10291000C9BF7C3FB6AB223E6CDF7C3F7B911F3E44
:1029200073FE7C3FDE761C3EDD1C7D3FE05B193E86
:10293000AC3A7D3F8340163EDE577D3FCA24133EAE
:1029400074747D3FB708103E6E907D3F4AEC0C3E9C
:10295000CCAB7D3F86CF093E8CC67D3F6EB2063E36
:10296000B1E07D3F0295033E38FA7D3F4577003E5A
:1029700024137E3F73B2FA3D722B7E3FC075F43D47
:1029800023437E3F7638EE3D385A7E3F9AFAE73D44
:10299000B0707E3F2EBCE13D8B867E3F377DDB3DB8
:1029A000C99B7E3FB93DD53D69B07E3FB7FDCE3D69
:1029B0006DC47E3F36BDC83DD4D77E3F397CC23D15
:1029C0009DEA7E3FC33ABC3DC9FC7E3FDAF8B53D87
:1029D000580E7F3F80B6AF3D491F7F3FBA73A93D78
:1029E0009D2F7F3F8C30A33D543F7F3FF9EC9C3DB2
:1029F0006D4E7F3F05A9963DE95C7F3FB464903DF5
:102A0000C76A7F3F0A208A3D08787F3F0ADB833D03
:102A1000AB847F3F742B7B3DB1907F3F38A06E3DF0
:102A2000189C7F3F6814623DE3A67F3F0E88553DAA
:102A30000FB17F3F2FFB483D9EBA7F3FD56D3C3D98
:102A40008FC37F3F07E02F3DE2CB7F3FCC51233D3B
:102A500098D37F3F2CC3163DAFDA7F3F2F340A3D1A
:102A600029E17F3FB949FB3C05E77F3F7B2AE23CF8
:102A700043EC7F3FB00AC93CE3F07F3F69EAAF3CDB
:102A8000E6F47F3FB6C9963C4AF87F3F4B517B3C0A
:102A900011FB7F3F900E493C39FD7F3F59CB163CDF
:102AA000C4FE7F3F890FC93BB1FF7F3FC70F493B42
:102AB0000000803F00000000B1FF7F3FC70F49BB0F
:102AC000C4FE7F3F890FC9BB39FD7F3F59CB16BC80
:102AD00011FB7F3F900E49BC4AF87F3F4B517BBCB6
:102AE000E6F47F3FB6C996BCE3F07F3F69EAAFBC2E
:102AF00043EC7F3FB00AC9BC05E77F3F7B2AE2BCBD
:102B000029E17F3FB949FBBCAFDA7F3F2F340ABDD3
:102B100098D37F3F2CC316BDE2CB7F3FCC5123BD62
:102B20008FC37F3F07E02FBD9EBA7F3FD56D3CBD71
:102B30000FB17F3F2FFB48BDE3A67F3F0E8855BDF9
:102B4000189C7F3F681462BDB1907F3F38A06EBD76
:102B5000AB847F3F742B7BBD08787F3F0ADB83BD4E
:102B6000C76A7F3F0A208ABDE95C7F3FB46490BD9D
:102B70006D4E7F3F05A996BD543F7F3FF9EC9CBD4C
:102B80009D2F7F3F8C30A3BD491F7F3FBA73A9BDE6
:102B9000580E7F3F80B6AFBDC9FC7E3FDAF8B5BDA9
:102BA0009DEA7E3FC33ABCBDD4D77E3F397CC2BDCF
:102BB0006DC47E3F36BDC8BD69B07E3FB7FDCEBD9A
:102BC000C99B7E3FB93DD5BD8B867E3F377DDBBD42
:102BD000B0707E3F2EBCE1BD385A7E3F9AFAE7BD09
:102BE00023437E3F7638EEBD722B7E3FC075F4BD29
:102BF00024137E3F73B2FABD38FA7D3F457700BE9D
:102C0000B1E07D3F029503BE8CC67D3F6EB206BE2D
:102C1000CCAB7D3F86CF09BE6E907D3F4AEC0CBEAB
:102C200074747D3FB70810BEDE577D3FCA2413BEC3
:102C3000AC3A7D3F834016BEDD1C7D3FE05B19BE94
:102C400073FE7C3FDE761CBE6CDF7C3F7B911FBE3B
:102C5000C9BF7C3FB6AB22BE8A9F7C3F8CC525BED8
:102C6000B07E7C3FFCDE28BE3A5D7C3F04F82BBE84
:102C7000283B7C3FA2102FBE7A187C3FD42832BE5E
:102C800031F57B3F984035BE4DD17B3FEC5738BE88
:102C9000CDAC7B3FCF6E3BBEB2877B3F3E853EBE19
:102CA000FC617B3F379B41BEAB3B7B3FB9B044BE31
:102CB000BE147B3FC2C547BE37ED7A3F4FDA4ABEEE
:102CC00016C57A3F60EE4DBE599C7A3FF10151BE68
:102CD00002737A3F011554BE10497A3F8F2757BEC1
:102CE000841E7A3F97395ABE5EF3793F1A4B5DBE18
:102CF0009DC7793F135C60BE439B793F836C63BE85
:102D00004E6E793F667C66BEC040793FBA8B69BE25
:102D10009812793F7F9A6CBED6E3783FB2A86FBE17
:102D20007BB4783F51B672BE8684783F5AC375BE75
:102D3000F853783FCCCF78BED122783FA4DB7BBE5E
:102D400010F1773FE1E67EBEB7BE773FC0F880BEA8
:102D5000C58B773FC07D82BE3A58773F700284BEF4
:102D60001724773FCE8685BE5BEF763FDA0A87BEB3
:102D700007BA763F938E88BE1B84763FF8118ABED1
:102D8000974D763F07958BBE7A16763FC0178DBE5E
:102D9000C6DE753F229A8EBE7BA6753F2C1C90BE68
:102DA000976D753FDD9D91BE1D34753F351F93BEF8
:102DB0000BFA743F31A094BE62BF743FD22096BE1E
:102DC0002284743F17A197BE4B48743FFE2099BEE2
:102DD000DD0B743F86A09ABED9CE733FAF1F9CBE59
:102DE0003F91733F789E9DBE0E53733FDF1C9FBE85
:102DF0004714733FE59AA0BEEBD4723F8718A2BE7A
:102E0000F894723FC595A3BE7054723F9F12A5BE41
:102E10005213723F128FA6BE9FD1713F1F0BA8BEE7
:102E2000578F713FC486A9BE7A4C713F0102ABBE79
:102E30000809713FD47CACBE02C5703F3CF7ADBE03
:102E40006680703F3A71AFBE373B703FCBEAB0BE91
:102E500073F56F3FEF63B2BE1BAF6F3FA5DCB3BE30
:102E600030686F3FEC54B5BEB0206F3FC3CCB6BEE8
:102E70009ED86E3F2A44B8BEF88F6E3F1EBBB9BEC7
:102E8000BE466E3FA031BBBEF2FC6D3FAFA7BCBEDD
:102E900093B26D3F4A1DBEBEA1676D3F6F92BFBE2C
:102EA0001D1C6D3F1E07C1BE07D06C3F557BC2BEC7
:102EB0005E836C3F15EFC3BE24366C3F5C62C5BEBB
:102EC00058E86B3F29D5C6BEFB996B3F7C47C8BE0F
:102ED0000C4B6B3F53B9C9BE8CFB6A3FAE2ACBBECD
:102EE0007BAB6A3F8B9BCCBED95A6A3FEA0BCEBE06
:102EF000A7096A3FCA7BCFBEE4B7693F2AEBD0BEC1
:102F00009165693F095AD2BEAE12693F67C8D3BE08
:102F10003CBF683F4136D5BE396B683F99A3D6BEEA
:102F2000A816683F6B10D8BE87C1673FB97CD9BE71
:102F3000D86B673F80E8DABE9915673FC153DCBEA6
:102F4000CCBE663F79BEDDBE7167663FA928DFBE95
:102F5000880F663F4F92E0BE10B7653F6AFBE1BE47
:102F60000B5E653FFA63E3BE7904653FFECBE4BECA
:102F700059AA643F7533E6BEAC4F643F5D9AE7BE25
:102F800073F4633FB700E9BEAC98633F8166EABE65
:102F90005A3C633FBBCBEBBE7BDF623F6330EDBE91
:102FA0001082623F7994EEBE1A24623FFBF7EFBEB7
:102FB00098C5613FEA5AF1BE8A66613F43BDF2BEE1
:102FC000F206613F071FF4BECFA6603F3580F5BE15
:102FD0002146603FCBE0F6BEE9E45F3FC840F8BE63
:102FE00027835F3F2DA0F9BEDB205F3FF7FEFABECF
:102FF00005BE5E3F275DFCBEA65A5E3FBBBAFDBE66
:10300000BEF65D3FB217FFBE4D925D3F063A00BF70
:10301000532D5D3FE4E700BFD1C75C3F739501BF0F
:10302000C7615C3FB14202BF34FB5B3F9FEF02BF11
:103030001A945B3F3D9C03BF792C5B3F894804BFDA
:1030400050C45A3F84F404BFA05B5A3F2CA005BF74
:103050006AF2593F824B06BFAD88593F86F606BFDC
:103060006A1E593F36A107BFA1B3583F924B08BF14
:103070005348583F9BF508BF7FDC573F4E9F09BF21
:103080002670573FAD480ABF4803573FB7F10ABF04
:10309000E595563F6B9A0BBFFE27563FC9420CBFC2
:1030A00093B9553FD0EA0CBFA44A553F81920DBF5A
:1030B00031DB543FDA390EBF3B6B543FDBE00EBFD0
:1030C000C3FA533F84870FBFC789533FD52D10BF25
:1030D0004918533FCDD310BF49A6523F6B7911BF5A
:1030E000C633523FB01E12BFC2C0513F9AC312BF77
:1030F0003D4D513F2A6813BF37D9503F5F0C14BF75
:10310000AF64503F39B014BFA8EF4F3FB75315BF5E
:103110001F7A4F3FD9F615BF17044F3F9F9916BF2F
:10312000908D4E3F073C17BF89164E3F12DE17BFEA
:10313000029F4D3FC07F18BFFD264D3F0F2119BF95
:1031400079AE4C3F00C219BF78354C3F93621ABF2D
:10315000F8BB4B3FC6021BBFFA414B3F99A21BBFB6
:103160007FC74A3F0C421CBF874C4A3F1FE11CBF30
:1031700012D1493FD17F1DBF2155493F221E1EBF9D
:10318000B3D8483F12BC1EBFCA5B483F9F591FBF00
:1031900065DE473FCBF61FBF8560473F939320BF57
:1031A0002AE2463FF92F21BF5463463FFBCB21BFA4
:1031B00003E4453F996722BF3964453FD30223BFEB
:1031C000F5E3443FA99D23BF3763443F1A3824BF2A
:1031D00000E2433F25D224BF5160433FCB6B25BF64
:1031E00029DE423F0A0526BF895B423FE39D26BF99
:1031F00070D8413F563627BFE154413F61CE27BFCB
:10320000DAD0403F056628BF5C4C403F41FD28BFF7
:1032100067C73F3F159429BFFC413F3F802A2ABF23
:103220001BBC3E3F82C02ABFC5353E3F1B562BBF4D
:10323000F9AE3D3F4AEB2BBFB8273D3F0F802CBF77
:1032400003A03C3F69142DBFD9173C3F59A82DBF9F
:103250003B8F3B3FDE3B2EBF29063B3FF7CE2EBFC9
:10326000A47C3A3FA5612FBFACF2393FE6F32FBFF4
:103270004268393FBB8530BF65DD383F221731BF1B
:103280001652383F1DA831BF55C6373FAA3832BF46
:10329000233A373FC9C832BF7FAD363F7A5833BF74
:1032A0006C20363FBCE733BFE792353F8F7634BFA3
:1032B000F304353FF30435BF8F76343FE79235BFD3
:1032C000BCE7333F6C2036BF7A58333F7FAD36BF03
:1032D000C9C8323F233A37BFAA38323F55C637BF35
:1032E0001DA8313F165238BF2217313F65DD38BF68
:1032F000BB85303F426839BFE6F32F3FACF239BFA0
:10330000A5612F3FA47C3ABFF7CE2E3F29063BBFD5
:10331000DE3B2E3F3B8F3BBF59A82D3FD9173CBF0B
:1033200069142D3F03A03CBF0F802C3FB8273DBF41
:103330004AEB2B3FF9AE3DBF1B562B3FC5353EBF79
:1033400082C02A3F1BBC3EBF802A2A3FFC413FBFB0
:103350001594293F67C73FBF41FD283F5C4C40BFE4
:103360000566283FDAD040BF61CE273FE15441BF18
:103370005636273F70D841BFE39D263F895B42BF49
:103380000A05263F29DE42BFCB6B253F516043BF74
:1033900025D2243F00E243BF1A38243F376344BF9D
:1033A000A99D233FF5E344BFD302233F396445BFC2
:1033B0009967223F03E445BFFBCB213F546346BFDF
:1033C000F92F213F2AE246BF9393203F856047BFF4
:1033D000CBF61F3F65DE47BF9F591F3FCA5B48BF03
:1033E00012BC1E3FB3D848BF221E1E3F215549BF05
:1033F000D17F1D3F12D149BF1FE11C3F874C4ABFFF
:103400000C421C3F7FC74ABF99A21B3FFA414BBFEA
:10341000C6021B3FF8BB4BBF93621A3F78354CBFC7
:1034200000C2193F79AE4CBF0F21193FFD264DBF99
:10343000C07F183F029F4DBF12DE173F89164EBF57
:10344000073C173F908D4EBF9F99163F17044FBF03
:10345000D9F6153F1F7A4FBFB753153FA8EF4FBF9F
:1034600039B0143FAF6450BF5F0C143F37D950BF21
:103470002A68133F3D4D51BF9AC3123FC2C051BF8E
:10348000B01E123FC63352BF6B79113F49A652BFDF
:10349000CDD3103F491853BFD52D103FC78953BF17
:1034A00084870F3FC3FA53BFDBE00E3F3B6B54BF33
:1034B000DA390E3F31DB54BF81920D3FA44A55BF2C
:1034C000D0EA0C3F93B955BFC9420C3FFE2756BF07
:1034D0006B9A0B3FE59556BFB7F10A3F480357BFBC
:1034E000AD480A3F267057BF4E9F093F7FDC57BF4C
:1034F0009BF5083F534858BF924B083FA1B358BFB4
:1035000036A1073F6A1E59BF86F6063FAD8859BFF0
:10351000824B063F6AF259BF2CA0053FA05B5ABF01
:1035200084F4043F50C45ABF8948043F792C5BBFE0
:103530003D9C033F1A945BBF9FEF023F34FB5BBF90
:10354000B142023FC7615CBF7395013FD1C75CBF09
:10355000E4E7003F532D5DBF063A003F4D925DBF4B
:10356000B217FF3EBEF65DBFBBBAFD3EA65A5EBFB8
:10357000275DFC3E05BE5EBFF7FEFA3EDB205FBF67
:103580002DA0F93E27835FBFC840F83EE9E45FBF46
:10359000CBE0F63E214660BF3580F53ECFA660BF4A
:1035A000071FF43EF20661BF43BDF23E8A6661BF6B
:1035B000EA5AF13E98C561BFFBF7EF3E1A2462BF9D
:1035C0007994EE3E108262BF6330ED3E7BDF62BFD6
:1035D000BBCBEB3E5A3C63BF8166EA3EAC9863BF0F
:1035E000B700E93E73F463BF5D9AE73EAC4F64BF3A
:1035F0007533E63E59AA64BFFECBE43E790465BF4D
:10360000FA63E33E0B5E65BF6AFBE13E10B765BF40
:103610004F92E03E880F66BFA928DF3E716766BF04
:1036200079BEDD3ECCBE66BFC153DC3E991567BF97
:1036300080E8DA3ED86B67BFB97CD93E87C167BFE7
:103640006B10D83EA81668BF99A3D63E396B68BFE9
:103650004136D53E3CBF68BF67C8D33EAE1269BF96
:10366000095AD23E916569BF2AEBD03EE4B769BFE3
:10367000CA7BCF3EA7096ABFEA0BCE3ED95A6ABFC2
:103680008B9BCC3E7BAB6ABFAE2ACB3E8CFB6ABF2A
:1036900053B9C93E0C4B6BBF7C47C83EFB996BBF0F
:1036A00029D5C63E58E86BBF5C62C53E24366CBF68
:1036B00015EFC33E5E836CBF557BC23E07D06CBF27
:1036C0001E07C13E1D1C6DBF6F92BF3EA1676DBF3F
:1036D0004A1DBE3E93B26DBFAFA7BC3EF2FC6DBFAC
:1036E000A031BB3EBE466EBF1EBBB93EF88F6EBF5B
:1036F0002A44B83E9ED86EBFC3CCB63EB0206FBF42
:10370000EC54B53E30686FBFA5DCB33E1BAF6FBF56
:10371000EF63B23E73F56FBFCBEAB03E373B70BF8D
:103720003A71AF3E668070BF3CF7AD3E02C570BFD8
:10373000D47CAC3E080971BF0102AB3E7A4C71BF2C
:10374000C486A93E578F71BF1F0BA83E9FD171BF82
:10375000128FA63E521372BF9F12A53E705472BFC5
:10376000C595A33EF89472BF8718A23EEBD472BFF2
:10377000E59AA03E471473BFDF1C9F3E0E5373BFF4
:10378000789E9D3E3F9173BFAF1F9C3ED9CE73BFC5
:1037900086A09A3EDD0B74BFFE20993E4B4874BF55
:1037A00017A1973E228474BFD220963E62BF74BF99
:1037B00031A0943E0BFA74BF351F933E1D3475BF84
:1037C000DD9D913E976D75BF2C1C903E7BA675BF0D
:1037D000229A8E3EC6DE75BFC0178D3E7A1676BF22
:1037E00007958B3E974D76BFF8118A3E1B8476BFB6
:1037F000938E883E07BA76BFDA0A873E5BEF76BFC4
:10380000CE86853E172477BF7002843E3A5877BF34
:10381000C07D823EC58B77BFC0F8803EB7BE77BF04
:10382000E1E67E3E10F177BFA4DB7B3ED12278BF7C
:10383000CCCF783EF85378BF5AC3753E868478BFA4
:1038400051B6723E7BB478BFB2A86F3ED6E378BF64
:103850007F9A6C3E981279BFBA8B693EC04079BF9F
:10386000667C663E4E6E79BF836C633E439B79BF38
:10387000135C603E9DC779BF1A4B5D3E5EF379BF16
:1038800097395A3E841E7ABF8F27573E10497ABF18
:103890000115543E02737ABFF101513E599C7ABF23
:1038A00060EE4D3E16C57ABF4FDA4A3E37ED7ABF1D
:1038B000C2C5473EBE147BBFB9B0443EAB3B7BBFE5
:1038C000379B413EFC617BBF3E853E3EB2877BBF5E
:1038D000CF6E3B3ECDAC7BBFEC57383E4DD17BBF6E
:1038E0009840353E31F57BBFD428323E7A187CBFF4
:1038F000A2102F3E283B7CBF04F82B3E3A5D7CBFD4
:10390000FCDE283EB07E7CBF8CC5253E8A9F7CBFF6
:10391000B6AB223EC9BF7CBF7B911F3E6CDF7CBF34
:10392000DE761C3E73FE7CBFE05B193EDD1C7DBF76
:103930008340163EAC3A7DBFCA24133EDE577DBF9E
:10394000B708103E74747DBF4AEC0C3E6E907DBF8C
:1039500086CF093ECCAB7DBF6EB2063E8CC67DBF26
:103960000295033EB1E07DBF4577003E38FA7DBF4A
:1039700073B2FA3D24137EBFC075F43D722B7EBF37
:103980007638EE3D23437EBF9AFAE73D385A7EBF34
:103990002EBCE13DB0707EBF377DDB3D8B867EBFA8
:1039A000B93DD53DC99B7EBFB7FDCE3D69B07EBF59
:1039B00036BDC83D6DC47EBF397CC23DD4D77EBF05
:1039C000C33ABC3D9DEA7EBFDAF8B53DC9FC7EBF77
:1039D00080B6AF3D580E7FBFBA73A93D491F7FBF68
:1039E0008C30A33D9D2F7FBFF9EC9C3D543F7FBFA2
:1039F00005A9963D6D4E7FBFB464903DE95C7FBFE5
:103A00000A208A3DC76A7FBF0ADB833D08787FBFF3
:103A1000742B7B3DAB847FBF38A06E3DB1907FBFE0
:103A20006814623D189C7FBF0E88553DE3A67FBF9A
:103A30002FFB483D0FB17FBFD56D3C3D9EBA7FBF88
:103A400007E02F3D8FC37FBFCC51233DE2CB7FBF2B
:103A50002CC3163D98D37FBF2F340A3DAFDA7FBF0A
:103A6000B949FB3C29E17FBF7B2AE23C05E77FBFE8
:103A7000B00AC93C43EC7FBF69EAAF3CE3F07FBFCB
:103A8000B6C9963CE6F47FBF4B517B3C4AF87FBFFA
:103A9000900E493C11FB7FBF59CB163C39FD7FBFCF
:103AA000890FC93BC4FE7FBFC70F493BB1FF7FBF32
:103AB000000000000000803FD40FC93AECFF7F3FB8
:103AC000C70F493BB1FF7F3FC1CB963B4EFF7F3FC6
:103AD000890FC93BC4FE7F3F3053FB3B13FE7F3F42
:103AE00059CB163C39FD7F3F02ED2F3C39FC7F3F1F
:103AF000900E493C11FB7F3F0030623CC1F97F3F93
:103B00004B517B3C4AF87F3F38398A3CACF67F3FCB
:103B1000B6C9963CE6F47F3F1C5AA33CF8F27F3FBF
:103B200069EAAF3CE3F07F3F9B7ABC3CA7EE7F3F66
:103B3000B00AC93C43EC7F3FA69AD53CB8E97F3F29
:103B40007B2AE23C05E77F3F2DBAEE3C2BE47F3F2A
:103B5000B949FB3C29E17F3F90EC033D00DE7F3F0C
:103B60002F340A3DAFDA7F3FB87B103D37D77F3F18
:103B70002CC3163D98D37F3F880A1D3DD1CF7F3F90
:103B8000CC51233DE2CB7F3FF698293DCCC77F3F08
:103B900007E02F3D8FC37F3FFC26363D2ABF7F3F86
:103BA000D56D3C3D9EBA7F3F91B4423DEAB57F3F23
:103BB0002FFB483D0FB17F3FAF414F3D0DAC7F3FE5
:103BC0000E88553DE3A67F3F4CCE5B3D91A17F3FE4
:103BD0006814623D189C7F3F625A683D78967F3F2B
:103BE00038A06E3DB1907F3FE9E5743DC28A7F3FCA
:103BF000742B7B3DAB847F3F6CB8803D6D7E7F3FF7
:103C00000ADB833D08787F3F94FD863D7B717F3FD3
:103C10000A208A3DC76A7F3F6A428D3DEC637F3F41
:103C2000B464903DE95C7F3FE786933DBF557F3F9D
:103C300005A9963D6D4E7F3F0ACB993DF4467F3FE7
:103C4000F9EC9C3D543F7F3FCF0EA03D8D377F3F29
:103C50008C30A33D9D2F7F3F3052A63D87277F3F6D
:103C6000BA73A93D491F7F3F2B95AC3DE4167F3FBA
:103C700080B6AF3D580E7F3FBBD7B23DA4057F3F16
:103C8000DAF8B53DC9FC7E3FDD19B93DC7F37E3F8B
:103C9000C33ABC3D9DEA7E3F8D5BBF3D4CE17E3F1C
:103CA000397CC23DD4D77E3FC69CC53D34CE7E3FD5
:103CB00036BDC83D6DC47E3F86DDCB3D7FBA7E3FBD
:103CC000B7FDCE3D69B07E3FC81DD23D2DA67E3FDB
:103CD000B93DD53DC99B7E3F895DD83D3D917E3F35
:103CE000377DDB3D8B867E3FC49CDE3DB17B7E3FD6
:103CF0002EBCE13DB0707E3F76DBE43D88657E3FC3
:103D00009AFAE73D385A7E3F9A19EB3DC14E7E3F05
:103D10007638EE3D23437E3F2E57F13D5E377E3FA2
:103D2000C075F43D722B7E3F2C94F73D5E1F7E3FA5
:103D300073B2FA3D24137E3F92D0FD3DC2067E3F12
:103D40004577003E38FA7D3F2E06023E88ED7D3FE6
:103D50000295033EB1E07D3FC223053EB2D37D3FD5
:103D60006EB2063E8CC67D3F0541083E40B97D3FA0
:103D700086CF093ECCAB7D3FF35D0B3E309E7D3F51
:103D80004AEC0C3E6E907D3F8B7A0E3E85827D3FE5
:103D9000B708103E74747D3FCC96113E3D667D3F62
:103DA000CA24133EDE577D3FB2B2143E59497D3FCF
:103DB0008340163EAC3A7D3F3DCE173ED82B7D3F2B
:103DC000E05B193EDD1C7D3F6BE91A3EBC0D7D3F7B
:103DD000DE761C3E73FE7C3F38041E3E03EF7C3FC4
:103DE0007B911F3E6CDF7C3FA51E213EAECF7C3F0A
:103DF000B6AB223EC9BF7C3FAD38243EBDAF7C3F51
:103E00008CC5253E8A9F7C3F5152273E318F7C3F97
:103E1000FCDE283EB07E7C3F8D6B2A3E086E7C3FE8
:103E200004F82B3E3A5D7C3F61842D3E444C7C3F40
:103E3000A2102F3E283B7C3FC99C303EE5297C3FA9
:103E4000D428323E7A187C3FC4B4333EE9067C3F26
:103E50009840353E31F57B3F50CC363E53E37B3FB7
:103E6000EC57383E4DD17B3F6CE3393E20BF7B3F62
:103E7000CF6E3B3ECDAC7B3F15FA3C3E539A7B3F29
:103E80003E853E3EB2877B3F4910403EEA747B3F11
:103E9000379B413EFC617B3F0726433EE74E7B3F1D
:103EA000B9B0443EAB3B7B3F4D3B463E48287B3F51
:103EB000C2C5473EBE147B3F1850493E0E017B3FB2
:103EC0004FDA4A3E37ED7A3F67644C3E3AD97A3F43
:103ED00060EE4D3E16C57A3F38784F3ECBB07A3F04
:103EE000F101513E599C7A3F898B523EC1877A3FFE
:103EF0000115543E02737A3F589E553E1C5E7A3F30
:103F00008F27573E10497A3FA4B0583EDD337A3FA1
:103F100097395A3E841E7A3F6AC25B3E04097A3F53
:103F20001A4B5D3E5EF3793FA8D35E3E91DD793F4B
:103F3000135C603E9DC7793F5CE4613E83B1793F8D
:103F4000836C633E439B793F86F4643EDC84793F17
:103F5000667C663E4E6E793F2204683E9A57793FF2
:103F6000BA8B693EC040793F2F136B3EBF29793F22
:103F70007F9A6C3E9812793FAB216E3E4AFB783FA8
:103F8000B2A86F3ED6E3783F942F713E3BCC783F8A
:103F900051B6723E7BB4783FE83C743E939C783FC8
:103FA0005AC3753E8684783FA649773E526C783F67
:103FB000CCCF783EF853783FCB557A3E773B783F6D
:103FC000A4DB7B3ED122783F56617D3E040A783FD8
:103FD000E1E67E3E10F1773F2236803EF7D7773F0D
:103FE000C0F8803EB7BE773F4ABB813E51A5773FC0
:103FF000C07D823EC58B773F2240833E1372773F60
:104000007002843E3A58773FAAC4843E3C3E773FD4
:10401000CE86853E1724773FDF48863ECC09773F22
:10402000DA0A873E5BEF763FC1CC873EC4D4763F49
:10403000938E883E07BA763F5050893E249F763F44
:10404000F8118A3E1B84763F8AD38A3EEC68763F1D
:1040500007958B3E974D763F6E568C3E1B32763FD2
:10406000C0178D3E7A16763FFCD88D3EB3FA753F69
:10407000229A8E3EC6DE753F325B8F3EB3C2753FDD
:104080002C1C903E7BA6753F10DD903E1C8A753F30
:10409000DD9D913E976D753F945E923EED50753F6C
:1040A000351F933E1D34753FBFDF933E2717753F85
:1040B00031A0943E0BFA743F8D60953EC9DC743F8D
:1040C000D220963E62BF743F00E1963ED5A1743F78
:1040D00017A1973E2284743F1661983E4966743F4B
:1040E000FE20993E4B48743FCEE0993E272A743F0C
:1040F00086A09A3EDD0B743F27609B3E6EED733FBA
:10410000AF1F9C3ED9CE733F20DF9C3E1FB0733F54
:10411000789E9D3E3F91733FB85D9E3E3972733FDE
:10412000DF1C9F3E0E53733FEEDB9F3EBE33733F5B
:10413000E59AA03E4714733FC259A13EACF4723FCA
:104140008718A23EEBD4723F33D7A23E04B5723F2C
:10415000C595A33EF894723F3F54A43EC774723F86
:104160009F12A53E7054723FE5D0A53EF433723FD6
:10417000128FA63E5213723F254DA73E8CF2713F1F
:104180001F0BA83E9FD1713FFEC8A83E8EB0713F65
:10419000C486A93E578F713F6F44AA3EFB6D713FA5
:1041A0000102AB3E7A4C713F77BFAB3ED42A713FE0
:1041B000D47CAC3E0809713F153AAD3E17E7703F1D
:1041C0003CF7AD3E02C5703F49B4AE3EC6A2703F5B
:1041D0003A71AF3E6680703F102EB03EE15D703F99
:1041E000CBEAB03E373B703F6BA7B13E6718703FDC
:1041F000EF63B23E73F56F3F5820B33E5AD26F3F24
:10420000A5DCB33E1BAF6F3FD698B43EB88B6F3F73
:10421000EC54B53E30686F3FE610B63E83446F3FC6
:10422000C3CCB63EB0206F3F8488B73EBAFC6E3F29
:104230002A44B83E9ED86E3FB2FFB83E5DB46E3F92
:104240001EBBB93EF88F6E3F6E76BA3E6D6B6E3F09
:10425000A031BB3EBE466E3FB6ECBB3EEB216E3F8F
:10426000AFA7BC3EF2FC6D3F8B62BD3ED5D76D3F24
:104270004A1DBE3E93B26D3FEBD7BE3E2D8D6D3FC6
:104280006F92BF3EA1676D3FD54CC03EF2416D3F7E
:104290001E07C13E1D1C6D3F48C1C13E24F66C3F48
:1042A000557BC23E07D06C3F4435C33EC5A96C3F29
:1042B00015EFC33E5E836C3FC8A8C43ED45C6C3F20
:1042C0005C62C53E24366C3FD21BC63E500F6C3F2D
:1042D00029D5C63E58E86B3F628EC73E3BC16B3F57
:1042E0007C47C83EFB996B3F7700C93E95726B3F98
:1042F00053B9C93E0C4B6B3F1072CA3E5E236B3FF5
:10430000AE2ACB3E8CFB6A3F2CE3CB3E95D36A3F73
:104310008B9BCC3E7BAB6A3FCA53CD3E3C836A3F0E
:10432000EA0BCE3ED95A6A3FEAC3CE3E52326A3FCA
:10433000CA7BCF3EA7096A3F8A33D03ED7E0693FA8
:104340002AEBD03EE4B7693FAAA2D13ECC8E693FAA
:10435000095AD23E9165693F4811D33E323C693FCC
:1043600067C8D33EAE12693F647FD43E07E9683F19
:104370004136D53E3CBF683FFDECD53E4C95683F8D
:1043800099A3D63E396B683F135AD73E0341683F25
:104390006B10D83EA816683FA3C6D83E2AEC673FEC
:1043A000B97CD93E87C1673FAD32DA3EC196673FDF
:1043B00080E8DA3ED86B673F319EDB3ECA40673FFC
:1043C000C153DC3E9915673F2E09DD3E45EA663F45
:1043D00079BEDD3ECCBE663FA273DE3E3093663FC3
:1043E000A928DF3E7167663F8DDDDF3E8E3B663F6D
:1043F0004F92E03E880F663FEE46E13E5EE3653F4A
:104400006AFBE13E10B7653FC4AFE23EA08A653F5C
:10441000FA63E33E0B5E653F0E18E43E5431653FA0
:10442000FECBE43E7904653FCB7FE53E7BD7643F1E
:104430007533E63E59AA643FFBE6E63E147D643FD1
:104440005D9AE73EAC4F643F9C4DE83E2122643FBD
:10445000B700E93E73F4633FAEB3E93EA1C6633FE4
:104460008166EA3EAC98633F3019EB3E956A633F44
:10447000BBCBEB3E5A3C633F217EEC3EFC0D633FE1
:104480006330ED3E7BDF623F80E2ED3ED7B0623FBE
:104490007994EE3E1082623F4C46EF3E2653623FD7
:1044A000FBF7EF3E1A24623F85A9F03EEAF4613F34
:1044B000EA5AF13E98C5613F290CF23E2296613FCF
:1044C00043BDF23E8A66613F386EF33ED036613FAF
:1044D000071FF43EF206613FB1CFF43EF2D6603FD3
:1044E0003580F53ECFA6603F9330F63E8976603F3B
:1044F000CBE0F63E2146603FDC90F73E9615603FEC
:10450000C840F83EE9E45F3F8EF0F83E19B45F3FE3
:104510002DA0F93E27835F3FA54FFA3E12525F3F21
:10452000F7FEFA3EDB205F3F22AEFB3E81EF5E3FAF
:10453000275DFC3E05BE5E3F040CFD3E678C5E3F82
:10454000BBBAFD3EA65A5E3F4A69FE3EC3285E3FA7
:10455000B217FF3EBEF65D3FF3C5FF3E97C45D3F19
:10456000063A003F4D925D3FFF90003FE15F5D3FA7
:10457000E4E7003F532D5D3FB53E013FA3FA5C3FAA
:104580007395013FD1C75C3F1CEC013FDD945C3F5C
:10459000B142023FC7615C3F3299023F8E2E5C3FC1
:1045A0009FEF023F34FB5B3FF845033FB8C75B3FDB
:1045B0003D9C033F1A945B3F6DF2033F5A605B3FA3
:1045C0008948043F792C5B3F919E043F75F85A3F20
:1045D00084F4043F50C45A3F624A053F09905A3F51
:1045E0002CA0053FA05B5A3FE2F5053F16275A3F36
:1045F000824B063F6AF2593F0EA1063F9CBD593FD0
:1046000086F6063FAD88593FE84B073F9C53593F1C
:1046100036A1073F6A1E593F6FF6073F17E9583F1B
:10462000924B083FA1B3583FA1A0083F0B7E583FD3
:104630009BF5083F5348583F7F4A093F7912583F3E
:104640004E9F093F7FDC573F09F4093F63A6573F60
:10465000AD480A3F2670573F3D9D0A3FC739573F37
:10466000B7F10A3F4803573F1C460B3FA7CC563FC4
:104670006B9A0B3FE595563FA5EE0B3F025F563F09
:10468000C9420C3FFE27563FD7960C3FD9F0553F05
:10469000D0EA0C3F93B9553FB33E0D3F2C82553FB6
:1046A00081920D3FA44A553F38E60D3FFB12553F1E
:1046B000DA390E3F31DB543F658D0E3F47A3543F3F
:1046C000DBE00E3F3B6B543F3B340F3F0F33543F17
:1046D00084870F3FC3FA533FB8DA0F3F55C2533FA9
:1046E000D52D103FC789533FDC80103F1851533FF1
:1046F000CDD3103F4918533FA726113F59DF523FF2
:104700006B79113F49A6523F19CC113F186D523FAA
:10471000B01E123FC633523F3071123F54FA513F20
:104720009AC3123FC2C0513FEE15133F1087513F4D
:104730002A68133F3D4D513F50BA133F4A13513F32
:104740005F0C143F37D9503F585E143F039F503FD2
:1047500039B0143FAF64503F0402153F3B2A503F2D
:10476000B753153FA8EF4F3F54A5153FF4B44F3F43
:10477000D9F6153F1F7A4F3F4748163F2B3F4F3F13
:104780009F99163F17044F3FDFEA163FE4C84E3F9C
:10479000073C173F908D4E3F188D173F1C524E3FE0
:1047A00012DE173F89164E3FF52E183FD5DA4D3FE2
:1047B000C07F183F029F4D3F73D0183F10634D3F9D
:1047C0000F21193FFD264D3F9471193FCBEA4C3F15
:1047D00000C2193F79AE4C3F55121A3F08724C3F48
:1047E00093621A3F78354C3FB8B21A3FC7F84B3F37
:1047F000C6021B3FF8BB4B3FBB521B3F097F4B3FE1
:1048000099A21B3FFA414B3F5FF21B3FCC044B3F49
:104810000C421C3F7FC74A3FA2911C3F138A4A3F6C
:104820001FE11C3F874C4A3F84301D3FDC0E4A3F4E
:10483000D17F1D3F12D1493F06CF1D3F2993493FEC
:10484000221E1E3F2155493F266D1E3FFA16493F45
:1048500012BC1E3FB3D8483FE50A1F3F4E9A483F5F
:104860009F591F3FCA5B483F41A81F3F271D483F34
:10487000CBF61F3F65DE473F3B45203F849F473FC8
:104880009393203F8560473FD2E1203F6721473F18
:10489000F92F213F2AE2463F067E213FCEA2463F26
:1048A000FBCB213F5463463FD719223FBB23463FF2
:1048B0009967223F03E4453F43B5223F2DA4453F7E
:1048C000D302233F3964453F4B50233F2624453FC5
:1048D000A99D233FF5E3443FEEEA233FA5A3443FD0
:1048E0001A38243F3763443F2C85243FAB22443F92
:1048F00025D2243F00E2433F041F253F38A1433F18
:10490000CB6B253F5160433F77B8253F4C1F433F5A
:104910000A05263F29DE423F8451263FE89C423F5C
:10492000E39D263F895B423F2AEA263F0B1A423F1E
:104930005636273F70D8413F6882273FB796413FA0
:1049400061CE273FE154413F401A283FEC12413FDE
:104950000566283FDAD0403FB0B1283FA98E403FDE
:1049600041FD283F5C4C403FB848293FF009403F9B
:104970001594293F67C73F3F57DF293FC0843F3F1A
:10498000802A2A3FFC413F3F8E752A3F1BFF3E3F56
:1049900082C02A3F1BBC3E3F5B0B2B3FFF783E3F54
:1049A0001B562B3FC5353E3FBFA02B3F6EF23D3F10
:1049B0004AEB2B3FF9AE3D3FB9352C3F676B3D3F8E
:1049C0000F802C3FB8273D3F49CA2C3FECE33C3FCA
:1049D00069142D3F03A03C3F6F5E2D3FFC5B3C3FC5
:1049E00059A82D3FD9173C3F29F22D3F98D33B3F83
:1049F000DE3B2E3F3B8F3B3F78852E3FC14A3B3FFE
:104A0000F7CE2E3F29063B3F5B182F3F75C13A3F3B
:104A1000A5612F3FA47C3A3FD3AA2F3FB7373A3F37
:104A2000E6F32F3FACF2393FDE3C303F85AD393FF6
:104A3000BB85303F4268393F7CCE303FE122393F71
:104A40002217313F65DD383FAD5F313FCB97383FAF
:104A50001DA8313F1652383F71F0313F430C383FAB
:104A6000AA38323F55C6373FC780323F4A80373F6A
:104A7000C9C8323F233A373FAF10333FDFF3363FE9
:104A80007A58333F7FAD363F29A0333F0467363F26
:104A9000BCE7333F6C20363F342F343FB8D9353F25
:104AA0008F76343FE792353FCFBD343FFB4B353FE8
:104AB000F304353FF304353FFB4B353FCFBD343F67
:104AC000E792353F8F76343FB8D9353F342F343FA6
:104AD0006C20363FBCE7333F0467363F29A0333FA5
:104AE0007FAD363F7A58333FDFF3363FAF10333F69
:104AF000233A373FC9C8323F4A80373FC780323FE9
:104B000055C6373FAA38323F430C383F71F0313F2A
:104B10001652383F1DA8313FCB97383FAD5F313F2C
:104B200065DD383F2217313FE122393F7CCE303FEF
:104B30004268393FBB85303F85AD393FDE3C303F71
:104B4000ACF2393FE6F32F3FB7373A3FD3AA2F3FB6
:104B5000A47C3A3FA5612F3F75C13A3F5B182F3FB8
:104B600029063B3FF7CE2E3FC14A3B3F78852E3F7B
:104B70003B8F3B3FDE3B2E3F98D33B3F29F22D3FFF
:104B8000D9173C3F59A82D3FFC5B3C3F6F5E2D3F42
:104B900003A03C3F69142D3FECE33C3F49CA2C3F46
:104BA000B8273D3F0F802C3F676B3D3FB9352C3F09
:104BB000F9AE3D3F4AEB2B3F6EF23D3FBFA02B3F8E
:104BC000C5353E3F1B562B3FFF783E3F5B0B2B3FCF
:104BD0001BBC3E3F82C02A3F1BFF3E3F8E752A3FD3
:104BE000FC413F3F802A2A3FC0843F3F57DF293F97
:104BF00067C73F3F1594293FF009403FB848293F18
:104C00005C4C403F41FD283FA98E403FB0B1283F5A
:104C1000DAD0403F0566283FEC12413F401A283F5A
:104C2000E154413F61CE273FB796413F6882273F1D
:104C300070D8413F5636273F0B1A423F2AEA263F9B
:104C4000895B423FE39D263FE89C423F8451263FDB
:104C500029DE423F0A05263F4C1F433F77B8253FD8
:104C60005160433FCB6B253F38A1433F041F253F95
:104C700000E2433F25D2243FAB22443F2C85243F12
:104C80003763443F1A38243FA5A3443FEEEA233F4D
:104C9000F5E3443FA99D233F2624453F4B50233F46
:104CA0003964453FD302233F2DA4453F43B5223FFE
:104CB00003E4453F9967223FBB23463FD719223F74
:104CC0005463463FFBCB213FCEA2463F067E213FA9
:104CD0002AE2463FF92F213F6721473FD2E1203F9B
:104CE0008560473F9393203F849F473F3B45203F4C
:104CF00065DE473FCBF61F3F271D483F41A81F3FBA
:104D0000CA5B483F9F591F3F4E9A483FE50A1F3FE5
:104D1000B3D8483F12BC1E3FFA16493F266D1E3FCE
:104D20002155493F221E1E3F2993493F06CF1D3F73
:104D300012D1493FD17F1D3FDC0E4A3F84301D3FD9
:104D4000874C4A3F1FE11C3F138A4A3FA2911C3FF8
:104D50007FC74A3F0C421C3FCC044B3F5FF21B3FD6
:104D6000FA414B3F99A21B3F097F4B3FBB521B3F70
:104D7000F8BB4B3FC6021B3FC7F84B3FB8B21A3FC8
:104D800078354C3F93621A3F08724C3F55121A3FD8
:104D900079AE4C3F00C2193FCBEA4C3F9471193FAA
:104DA000FD264D3F0F21193F10634D3F73D0183F33
:104DB000029F4D3FC07F183FD5DA4D3FF52E183F7B
:104DC00089164E3F12DE173F1C524E3F188D173F7B
:104DD000908D4E3F073C173FE4C84E3FDFEA163F39
:104DE00017044F3F9F99163F2B3F4F3F4748163FB1
:104DF0001F7A4F3FD9F6153FF4B44F3F54A5153FE6
:104E0000A8EF4F3FB753153F3B2A503F0402153FD1
:104E1000AF64503F39B0143F039F503F585E143F7A
:104E200037D9503F5F0C143F4A13513F50BA133FDC
:104E30003D4D513F2A68133F1087513FEE15133FF8
:104E4000C2C0513F9AC3123F54FA513F3071123FD2
:104E5000C633523FB01E123F186D523F19CC113F5E
:104E600049A6523F6B79113F59DF523FA726113FA8
:104E70004918533FCDD3103F1851533FDC80103FAA
:104E8000C789533FD52D103F55C2533FB8DA0F3F66
:104E9000C3FA533F84870F3F0F33543F3B340F3FD8
:104EA0003B6B543FDBE00E3F47A3543F658D0E3F05
:104EB00031DB543FDA390E3FFB12553F38E60D3FE8
:104EC000A44A553F81920D3F2C82553FB33E0D3F82
:104ED00093B9553FD0EA0C3FD9F0553FD7960C3FD8
:104EE000FE27563FC9420C3F025F563FA5EE0B3FDF
:104EF000E595563F6B9A0B3FA7CC563F1C460B3FA0
:104F00004803573FB7F10A3FC739573F3D9D0A3F16
:104F10002670573FAD480A3F63A6573F09F4093F43
:104F20007FDC573F4E9F093F7912583F7F4A093F28
:104F30005348583F9BF5083F0B7E583FA1A0083FC0
:104F4000A1B3583F924B083F17E9583F6FF6073F10
:104F50006A1E593F36A1073F9C53593FE84B073F14
:104F6000AD88593F86F6063F9CBD593F0EA1063FCE
:104F70006AF2593F824B063F16275A3FE2F5053F3A
:104F8000A05B5A3F2CA0053F09905A3F624A053F5B
:104F900050C45A3F84F4043F75F85A3F919E043F31
:104FA000792C5B3F8948043F5A605B3F6DF2033FB9
:104FB0001A945B3F3D9C033FB8C75B3FF845033FF6
:104FC00034FB5B3F9FEF023F8E2E5C3F3299023FE6
:104FD000C7615C3FB142023FDD945C3F1CEC013F86
:104FE000D1C75C3F7395013FA3FA5C3FB53E013FDB
:104FF000532D5D3FE4E7003FE15F5D3FFF90003FE1
:105000004D925D3F063A003F97C45D3FF3C5FF3EBA
:10501000BEF65D3FB217FF3EC3285E3F4A69FE3EC3
:10502000A65A5E3FBBBAFD3E678C5E3F040CFD3E58
:1050300005BE5E3F275DFC3E81EF5E3F22AEFB3E3C
:10504000DB205F3FF7FEFA3E12525F3FA54FFA3E6C
:1050500027835F3F2DA0F93E19B45F3F8EF0F83EE5
:10506000E9E45F3FC840F83E9615603FDC90F73EAC
:105070002146603FCBE0F63E8976603F9330F63EB6
:10508000CFA6603F3580F53EF2D6603FB1CFF43E0B
:10509000F206613F071FF43ED036613F386EF33EA3
:1050A0008A66613F43BDF23E2296613F290CF23E83
:1050B00098C5613FEA5AF13EEAF4613F85A9F03EA6
:1050C0001A24623FFBF7EF3E2653623F4C46EF3E09
:1050D0001082623F7994EE3ED7B0623F80E2ED3EAF
:1050E0007BDF623F6330ED3EFC0D633F217EEC3E93
:1050F0005A3C633FBBCBEB3E956A633F3019EB3EB6
:10510000AC98633F8166EA3EA1C6633FAEB3E93E19
:1051100073F4633FB700E93E2122643F9C4DE83EB3
:10512000AC4F643F5D9AE73E147D643FFBE6E63E8C
:1051300059AA643F7533E63E7BD7643FCB7FE53E9B
:105140007904653FFECBE43E5431653F0E18E43EE2
:105150000B5E653FFA63E33EA08A653FC4AFE23E63
:1051600010B7653F6AFBE13E5EE3653FEE46E13E18
:10517000880F663F4F92E03E8E3B663F8DDDDF3EFF
:105180007167663FA928DF3E3093663FA273DE3E1B
:10519000CCBE663F79BEDD3E45EA663F2E09DD3E68
:1051A0009915673FC153DC3ECA40673F319EDB3EE5
:1051B000D86B673F80E8DA3EC196673FAD32DA3E92
:1051C00087C1673FB97CD93E2AEC673FA3C6D83E6A
:1051D000A816683F6B10D83E0341683F135AD73E6C
:1051E000396B683F99A3D63E4C95683FFDECD53EA0
:1051F0003CBF683F4136D53E07E9683F647FD43EF7
:10520000AE12693F67C8D33E323C693F4811D33E76
:105210009165693F095AD23ECC8E693FAAA2D13E20
:10522000E4B7693F2AEBD03ED7E0693F8A33D03EEE
:10523000A7096A3FCA7BCF3E52326A3FEAC3CE3EDD
:10524000D95A6A3FEA0BCE3E3C836A3FCA53CD3EF1
:105250007BAB6A3F8B9BCC3E95D36A3F2CE3CB3E26
:105260008CFB6A3FAE2ACB3E5E236B3F1072CA3E78
:105270000C4B6B3F53B9C93E95726B3F7700C93EEB
:10528000FB996B3F7C47C83E3BC16B3F628EC73E7C
:1052900058E86B3F29D5C63E500F6C3FD21BC63E27
:1052A00024366C3F5C62C53ED45C6C3FC8A8C43EEB
:1052B0005E836C3F15EFC33EC5A96C3F4435C33ECA
:1052C00007D06C3F557BC23E24F66C3F48C1C13EBF
:1052D0001D1C6D3F1E07C13EF2416D3FD54CC03EC7
:1052E000A1676D3F6F92BF3E2D8D6D3FEBD7BE3EE8
:1052F00093B26D3F4A1DBE3ED5D76D3F8B62BD3E1A
:10530000F2FC6D3FAFA7BC3EEB216E3FB6ECBB3E5F
:10531000BE466E3FA031BB3E6D6B6E3F6E76BA3EB1
:10532000F88F6E3F1EBBB93E5DB46E3FB2FFB83E14
:105330009ED86E3F2A44B83EBAFC6E3F8488B73E82
:10534000B0206F3FC3CCB63E83446F3FE610B63EFD
:1053500030686F3FEC54B53EB88B6F3FD698B43E83
:105360001BAF6F3FA5DCB33E5AD26F3F5820B33E10
:1053700073F56F3FEF63B23E6718703F6BA7B13EA6
:10538000373B703FCBEAB03EE15D703F102EB03E40
:105390006680703F3A71AF3EC6A2703F49B4AE3EE0
:1053A00002C5703F3CF7AD3E17E7703F153AAD3E82
:1053B0000809713FD47CAC3ED42A713F77BFAB3E25
:1053C0007A4C713F0102AB3EFB6D713F6F44AA3EC8
:1053D000578F713FC486A93E8EB0713FFEC8A83E6C
:1053E0009FD1713F1F0BA83E8CF2713F254DA73E08
:1053F0005213723F128FA63EF433723FE5D0A53EA2
:105400007054723F9F12A53EC774723F3F54A43E32
:10541000F894723FC595A33E04B5723F33D7A23EC0
:10542000EBD4723F8718A23EACF4723FC259A13E42
:105430004714733FE59AA03EBE33733FEEDB9F3EB9
:105440000E53733FDF1C9F3E3972733FB85D9E3E23
:105450003F91733F789E9D3E1FB0733F20DF9C3E7F
:10546000D9CE733FAF1F9C3E6EED733F27609B3ECE
:10547000DD0B743F86A09A3E272A743FCEE0993E0A
:105480004B48743FFE20993E4966743F1661983E32
:105490002284743F17A1973ED5A1743F00E1963E48
:1054A00062BF743FD220963EC9DC743F8D60953E4A
:1054B0000BFA743F31A0943E2717753FBFDF933E30
:1054C0001D34753F351F933EED50753F945E923EFF
:1054D000976D753FDD9D913E1C8A753F10DD903EB6
:1054E0007BA6753F2C1C903EB3C2753F325B8F3E4E
:1054F000C6DE753F229A8E3EB3FA753FFCD88D3ECC
:105500007A16763FC0178D3E1B32763F6E568C3E24
:10551000974D763F07958B3EEC68763F8AD38A3E5F
:105520001B84763FF8118A3E249F763F5050893E77
:1055300007BA763F938E883EC4D4763FC1CC873E6F
:105540005BEF763FDA0A873ECC09773FDF48863E3D
:105550001724773FCE86853E3C3E773FAAC4843EE3
:105560003A58773F7002843E1372773F2240833E61
:10557000C58B773FC07D823E51A5773F4ABB813EB8
:10558000B7BE773FC0F8803EF7D7773F2236803EE0
:1055900010F1773FE1E67E3E040A783F56617D3E9A
:1055A000D122783FA4DB7B3E773B783FCB557A3ED8
:1055B000F853783FCCCF783E526C783FA649773E7F
:1055C0008684783F5AC3753E939C783FE83C743E8E
:1055D0007BB4783F51B6723E3BCC783F942F713EFE
:1055E000D6E3783FB2A86F3E4AFB783FAB216E3ED0
:1055F0009812793F7F9A6C3EBF29793F2F136B3EFB
:10560000C040793FBA8B693E9A57793F2204683E81
:105610004E6E793F667C663EDC84793F86F4643E5C
:10562000439B793F836C633E83B1793F5CE4613E89
:105630009DC7793F135C603E91DD793FA8D35E3E04
:105640005EF3793F1A4B5D3E04097A3F6AC25B3EC6
:10565000841E7A3F97395A3EDD337A3FA4B0583ED4
:1056600010497A3F8F27573E1C5E7A3F589E553E21
:1056700002737A3F0115543EC1877A3F898B523EAF
:10568000599C7A3FF101513ECBB07A3F38784F3E7A
:1056900016C57A3F60EE4D3E3AD97A3F67644C3E7C
:1056A00037ED7A3F4FDA4A3E0E017B3F1850493EB4
:1056B000BE147B3FC2C5473E48287B3F4D3B463E1C
:1056C000AB3B7B3FB9B0443EE74E7B3F0726433EB2
:1056D000FC617B3F379B413EEA747B3F4910403E73
:1056E000B2877B3F3E853E3E539A7B3F15FA3C3E58
:1056F000CDAC7B3FCF6E3B3E20BF7B3F6CE3393E62
:105700004DD17B3FEC57383E53E37B3F50CC363E88
:1057100031F57B3F9840353EE9067C3FC4B4333ECB
:105720007A187C3FD428323EE5297C3FC99C303E24
:10573000283B7C3FA2102F3E444C7C3F61842D3E91
:105740003A5D7C3F04F82B3E086E7C3F8D6B2A3E11
:10575000B07E7C3FFCDE283E318F7C3F5152273E9D
:105760008A9F7C3F8CC5253EBDAF7C3FAD38243E33
:10577000C9BF7C3FB6AB223EAECF7C3FA51E213ECB
:105780006CDF7C3F7B911F3E03EF7C3F38041E3E65
:1057900073FE7C3FDE761C3EBC0D7D3F6BE91A3EFE
:1057A000DD1C7D3FE05B193ED82B7D3F3DCE173E93
:1057B000AC3A7D3F8340163E59497D3FB2B2143E1C
:1057C000DE577D3FCA24133E3D667D3FCC96113E99
:1057D00074747D3FB708103E85827D3F8B7A0E3E04
:1057E0006E907D3F4AEC0C3E309E7D3FF35D0B3E5C
:1057F000CCAB7D3F86CF093E40B97D3F0541083E99
:105800008CC67D3F6EB2063EB2D37D3FC223053EBD
:10581000B1E07D3F0295033E88ED7D3F2E06023EBE
:1058200038FA7D3F4577003EC2067E3F92D0FD3D6F
:1058300024137E3F73B2FA3D5E1F7E3F2C94F73DEA
:10584000722B7E3FC075F43D5E377E3F2E57F13D93
:1058500023437E3F7638EE3DC14E7E3F9A19EB3DA5
:10586000385A7E3F9AFAE73D88657E3F76DBE43D15
:10587000B0707E3F2EBCE13DB17B7E3FC49CDE3DDF
:105880008B867E3F377DDB3D3D917E3F895DD83DF8
:10589000C99B7E3FB93DD53D2DA67E3FC81DD23D5B
:1058A00069B07E3FB7FDCE3D7FBA7E3F86DDCB3D02
:1058B0006DC47E3F36BDC83D34CE7E3FC69CC53DDF
:1058C000D4D77E3F397CC23D4CE17E3F8D5BBF3DEE
:1058D0009DEA7E3FC33ABC3DC7F37E3FDD19B93D2B
:1058E000C9FC7E3FDAF8B53DA4057F3FBBD7B23D8A
:1058F000580E7F3F80B6AF3DE4167F3F2B95AC3D01
:10590000491F7F3FBA73A93D87277F3F3052A63D8D
:105910009D2F7F3F8C30A33D8D377F3FCF0EA03D25
:10592000543F7F3FF9EC9C3DF4467F3F0ACB993DC5
:105930006D4E7F3F05A9963DBF557F3FE786933D5E
:10594000E95C7F3FB464903DEC637F3F6A428D3DEC
:10595000C76A7F3F0A208A3D7B717F3F94FD863D69
:1059600008787F3F0ADB833D6D7E7F3F6CB8803DCA
:10597000AB847F3F742B7B3DC28A7F3FE9E5743D5A
:10598000B1907F3F38A06E3D78967F3F625A683D68
:10599000189C7F3F6814623D91A17F3F4CCE5B3DD8
:1059A000E3A67F3F0E88553D0DAC7F3FAF414F3D95
:1059B0000FB17F3F2FFB483DEAB57F3F91B4423D99
:1059C0009EBA7F3FD56D3C3D2ABF7F3FFC26363DCA
:1059D0008FC37F3F07E02F3DCCC77F3FF698293D1F
:1059E000E2CB7F3FCC51233DD1CF7F3F880A1D3D85
:1059F00098D37F3F2CC3163D37D77F3FB87B103DF0
:105A0000AFDA7F3F2F340A3D00DE7F3F90EC033D4D
:105A100029E17F3FB949FB3C2BE47F3F2DBAEE3CA7
:105A200005E77F3F7B2AE23CB8E97F3FA69AD53C59
:105A300043EC7F3FB00AC93CA7EE7F3F9B7ABC3C5A
:105A4000E3F07F3F69EAAF3CF8F27F3F1C5AA33C8A
:105A5000E6F47F3FB6C9963CACF67F3F38398A3CC6
:105A60004AF87F3F4B517B3CC1F97F3F0030623C9D
:105A700011FB7F3F900E493C39FC7F3F02ED2F3CEC
:105A800039FD7F3F59CB163C13FE7F3F3053FB3B24
:105A9000C4FE7F3F890FC93B4EFF7F3FC1CB963B82
:105AA000B1FF7F3FC70F493BECFF7F3FD40FC93A9F
:105AB0000000803F00000000ECFF7F3FD40FC9BA18
:105AC000B1FF7F3FC70F49BB4EFF7F3FC1CB96BBA6
:105AD000C4FE7F3F890FC9BB13FE7F3F3053FBBB22
:105AE00039FD7F3F59CB16BC39FC7F3F02ED2FBCFF
:105AF00011FB7F3F900E49BCC1F97F3F003062BC73
:105B00004AF87F3F4B517BBCACF67F3F38398ABCAB
:105B1000E6F47F3FB6C996BCF8F27F3F1C5AA3BC9F
:105B2000E3F07F3F69EAAFBCA7EE7F3F9B7ABCBC46
:105B300043EC7F3FB00AC9BCB8E97F3FA69AD5BC09
:105B400005E77F3F7B2AE2BC2BE47F3F2DBAEEBC0A
:105B500029E17F3FB949FBBC00DE7F3F90EC03BDEC
:105B6000AFDA7F3F2F340ABD37D77F3FB87B10BDF8
:105B700098D37F3F2CC316BDD1CF7F3F880A1DBD70
:105B8000E2CB7F3FCC5123BDCCC77F3FF69829BDE8
:105B90008FC37F3F07E02FBD2ABF7F3FFC2636BD66
:105BA0009EBA7F3FD56D3CBDEAB57F3F91B442BD03
:105BB0000FB17F3F2FFB48BD0DAC7F3FAF414FBDC5
:105BC000E3A67F3F0E8855BD91A17F3F4CCE5BBDC4
:105BD000189C7F3F681462BD78967F3F625A68BD0B
:105BE000B1907F3F38A06EBDC28A7F3FE9E574BDAA
:105BF000AB847F3F742B7BBD6D7E7F3F6CB880BDD7
:105C000008787F3F0ADB83BD7B717F3F94FD86BDB3
:105C1000C76A7F3F0A208ABDEC637F3F6A428DBD21
:105C2000E95C7F3FB46490BDBF557F3FE78693BD7D
:105C30006D4E7F3F05A996BDF4467F3F0ACB99BDC7
:105C4000543F7F3FF9EC9CBD8D377F3FCF0EA0BD09
:105C50009D2F7F3F8C30A3BD87277F3F3052A6BD4D
:105C6000491F7F3FBA73A9BDE4167F3F2B95ACBD9A
:105C7000580E7F3F80B6AFBDA4057F3FBBD7B2BDF6
:105C8000C9FC7E3FDAF8B5BDC7F37E3FDD19B9BD6B
:105C90009DEA7E3FC33ABCBD4CE17E3F8D5BBFBDFC
:105CA000D4D77E3F397CC2BD34CE7E3FC69CC5BDB5
:105CB0006DC47E3F36BDC8BD7FBA7E3F86DDCBBD9D
:105CC00069B07E3FB7FDCEBD2DA67E3FC81DD2BDBB
:105CD000C99B7E3FB93DD5BD3D917E3F895DD8BD15
:105CE0008B867E3F377DDBBDB17B7E3FC49CDEBDB6
:105CF000B0707E3F2EBCE1BD88657E3F76DBE4BDA3
:105D0000385A7E3F9AFAE7BDC14E7E3F9A19EBBDE5
:105D100023437E3F7638EEBD5E377E3F2E57F1BD82
:105D2000722B7E3FC075F4BD5E1F7E3F2C94F7BD85
:105D300024137E3F73B2FABDC2067E3F92D0FDBDF2
:105D400038FA7D3F457700BE88ED7D3F2E0602BEC6
:105D5000B1E07D3F029503BEB2D37D3FC22305BEB5
:105D60008CC67D3F6EB206BE40B97D3F054108BE80
:105D7000CCAB7D3F86CF09BE309E7D3FF35D0BBE31
:105D80006E907D3F4AEC0CBE85827D3F8B7A0EBEC5
:105D900074747D3FB70810BE3D667D3FCC9611BE42
:105DA000DE577D3FCA2413BE59497D3FB2B214BEAF
:105DB000AC3A7D3F834016BED82B7D3F3DCE17BE0B
:105DC000DD1C7D3FE05B19BEBC0D7D3F6BE91ABE5B
:105DD00073FE7C3FDE761CBE03EF7C3F38041EBEA4
:105DE0006CDF7C3F7B911FBEAECF7C3FA51E21BEEA
:105DF000C9BF7C3FB6AB22BEBDAF7C3FAD3824BE31
:105E00008A9F7C3F8CC525BE318F7C3F515227BE77
:105E1000B07E7C3FFCDE28BE086E7C3F8D6B2ABEC8
:105E20003A5D7C3F04F82BBE444C7C3F61842DBE20
:105E3000283B7C3FA2102FBEE5297C3FC99C30BE89
:105E40007A187C3FD42832BEE9067C3FC4B433BE06
:105E500031F57B3F984035BE53E37B3F50CC36BE97
:105E60004DD17B3FEC5738BE20BF7B3F6CE339BE42
:105E7000CDAC7B3FCF6E3BBE539A7B3F15FA3CBE09
:105E8000B2877B3F3E853EBEEA747B3F491040BEF1
:105E9000FC617B3F379B41BEE74E7B3F072643BEFD
:105EA000AB3B7B3FB9B044BE48287B3F4D3B46BE31
:105EB000BE147B3FC2C547BE0E017B3F185049BE92
:105EC00037ED7A3F4FDA4ABE3AD97A3F67644CBE23
:105ED00016C57A3F60EE4DBECBB07A3F38784FBEE4
:105EE000599C7A3FF10151BEC1877A3F898B52BEDE
:105EF00002737A3F011554BE1C5E7A3F589E55BE10
:105F000010497A3F8F2757BEDD337A3FA4B058BE81
:105F1000841E7A3F97395ABE04097A3F6AC25BBE33
:105F20005EF3793F1A4B5DBE91DD793FA8D35EBE2B
:105F30009DC7793F135C60BE83B1793F5CE461BE6D
:105F4000439B793F836C63BEDC84793F86F464BEF7
:105F50004E6E793F667C66BE9A57793F220468BED2
:105F6000C040793FBA8B69BEBF29793F2F136BBE02
:105F70009812793F7F9A6CBE4AFB783FAB216EBE88
:105F8000D6E3783FB2A86FBE3BCC783F942F71BE6A
:105F90007BB4783F51B672BE939C783FE83C74BEA8
:105FA0008684783F5AC375BE526C783FA64977BE47
:105FB000F853783FCCCF78BE773B783FCB557ABE4D
:105FC000D122783FA4DB7BBE040A783F56617DBEB8
:105FD00010F1773FE1E67EBEF7D7773F223680BEED
:105FE000B7BE773FC0F880BE51A5773F4ABB81BEA0
:105FF000C58B773FC07D82BE1372773F224083BE40
:106000003A58773F700284BE3C3E773FAAC484BEB4
:106010001724773FCE8685BECC09773FDF4886BE02
:106020005BEF763FDA0A87BEC4D4763FC1CC87BE29
:1060300007BA763F938E88BE249F763F505089BE24
:106040001B84763FF8118ABEEC68763F8AD38ABEFD
:10605000974D763F07958BBE1B32763F6E568CBEB2
:106060007A16763FC0178DBEB3FA753FFCD88DBE49
:10607000C6DE753F229A8EBEB3C2753F325B8FBEBD
:106080007BA6753F2C1C90BE1C8A753F10DD90BE10
:10609000976D753FDD9D91BEED50753F945E92BE4C
:1060A0001D34753F351F93BE2717753FBFDF93BE65
:1060B0000BFA743F31A094BEC9DC743F8D6095BE6D
:1060C00062BF743FD22096BED5A1743F00E196BE58
:1060D0002284743F17A197BE4966743F166198BE2B
:1060E0004B48743FFE2099BE272A743FCEE099BEEC
:1060F000DD0B743F86A09ABE6EED733F27609BBE9A
:10610000D9CE733FAF1F9CBE1FB0733F20DF9CBE34
:106110003F91733F789E9DBE3972733FB85D9EBEBE
:106120000E53733FDF1C9FBEBE33733FEEDB9FBE3B
:106130004714733FE59AA0BEACF4723FC259A1BEAA
:10614000EBD4723F8718A2BE04B5723F33D7A2BE0C
:10615000F894723FC595A3BEC774723F3F54A4BE66
:106160007054723F9F12A5BEF433723FE5D0A5BEB6
:106170005213723F128FA6BE8CF2713F254DA7BEFF
:106180009FD1713F1F0BA8BE8EB0713FFEC8A8BE45
:10619000578F713FC486A9BEFB6D713F6F44AABE85
:1061A0007A4C713F0102ABBED42A713F77BFABBEC0
:1061B0000809713FD47CACBE17E7703F153AADBEFD
:1061C00002C5703F3CF7ADBEC6A2703F49B4AEBE3B
:1061D0006680703F3A71AFBEE15D703F102EB0BE79
:1061E000373B703FCBEAB0BE6718703F6BA7B1BEBC
:1061F00073F56F3FEF63B2BE5AD26F3F5820B3BE04
:106200001BAF6F3FA5DCB3BEB88B6F3FD698B4BE53
:1062100030686F3FEC54B5BE83446F3FE610B6BEA6
:10622000B0206F3FC3CCB6BEBAFC6E3F8488B7BE09
:106230009ED86E3F2A44B8BE5DB46E3FB2FFB8BE72
:10624000F88F6E3F1EBBB9BE6D6B6E3F6E76BABEE9
:10625000BE466E3FA031BBBEEB216E3FB6ECBBBE6F
:10626000F2FC6D3FAFA7BCBED5D76D3F8B62BDBE04
:1062700093B26D3F4A1DBEBE2D8D6D3FEBD7BEBEA6
:10628000A1676D3F6F92BFBEF2416D3FD54CC0BE5E
:106290001D1C6D3F1E07C1BE24F66C3F48C1C1BE28
:1062A00007D06C3F557BC2BEC5A96C3F4435C3BE09
:1062B0005E836C3F15EFC3BED45C6C3FC8A8C4BE00
:1062C00024366C3F5C62C5BE500F6C3FD21BC6BE0D
:1062D00058E86B3F29D5C6BE3BC16B3F628EC7BE37
:1062E000FB996B3F7C47C8BE95726B3F7700C9BE78
:1062F0000C4B6B3F53B9C9BE5E236B3F1072CABED5
:106300008CFB6A3FAE2ACBBE95D36A3F2CE3CBBE53
:106310007BAB6A3F8B9BCCBE3C836A3FCA53CDBEEE
:10632000D95A6A3FEA0BCEBE52326A3FEAC3CEBEAA
:10633000A7096A3FCA7BCFBED7E0693F8A33D0BE88
:10634000E4B7693F2AEBD0BECC8E693FAAA2D1BE8A
:106350009165693F095AD2BE323C693F4811D3BEAC
:10636000AE12693F67C8D3BE07E9683F647FD4BEF9
:106370003CBF683F4136D5BE4C95683FFDECD5BE6D
:10638000396B683F99A3D6BE0341683F135AD7BE05
:10639000A816683F6B10D8BE2AEC673FA3C6D8BECC
:1063A00087C1673FB97CD9BEC196673FAD32DABEBF
:1063B000D86B673F80E8DABECA40673F319EDBBEDC
:1063C0009915673FC153DCBE45EA663F2E09DDBE25
:1063D000CCBE663F79BEDDBE3093663FA273DEBEA3
:1063E0007167663FA928DFBE8E3B663F8DDDDFBE4D
:1063F000880F663F4F92E0BE5EE3653FEE46E1BE2A
:1064000010B7653F6AFBE1BEA08A653FC4AFE2BE3C
:106410000B5E653FFA63E3BE5431653F0E18E4BE80
:106420007904653FFECBE4BE7BD7643FCB7FE5BEFE
:1064300059AA643F7533E6BE147D643FFBE6E6BEB1
:10644000AC4F643F5D9AE7BE2122643F9C4DE8BE9D
:1064500073F4633FB700E9BEA1C6633FAEB3E9BEC4
:10646000AC98633F8166EABE956A633F3019EBBE24
:106470005A3C633FBBCBEBBEFC0D633F217EECBEC1
:106480007BDF623F6330EDBED7B0623F80E2EDBE9E
:106490001082623F7994EEBE2653623F4C46EFBEB7
:1064A0001A24623FFBF7EFBEEAF4613F85A9F0BE14
:1064B00098C5613FEA5AF1BE2296613F290CF2BEAF
:1064C0008A66613F43BDF2BED036613F386EF3BE8F
:1064D000F206613F071FF4BEF2D6603FB1CFF4BEB3
:1064E000CFA6603F3580F5BE8976603F9330F6BE1B
:1064F0002146603FCBE0F6BE9615603FDC90F7BECC
:10650000E9E45F3FC840F8BE19B45F3F8EF0F8BEC3
:1065100027835F3F2DA0F9BE12525F3FA54FFABE01
:10652000DB205F3FF7FEFABE81EF5E3F22AEFBBE8F
:1065300005BE5E3F275DFCBE678C5E3F040CFDBE62
:10654000A65A5E3FBBBAFDBEC3285E3F4A69FEBE87
:10655000BEF65D3FB217FFBE97C45D3FF3C5FFBEF9
:106560004D925D3F063A00BFE15F5D3FFF9000BF87
:10657000532D5D3FE4E700BFA3FA5C3FB53E01BF8A
:10658000D1C75C3F739501BFDD945C3F1CEC01BF3C
:10659000C7615C3FB14202BF8E2E5C3F329902BFA1
:1065A00034FB5B3F9FEF02BFB8C75B3FF84503BFBB
:1065B0001A945B3F3D9C03BF5A605B3F6DF203BF83
:1065C000792C5B3F894804BF75F85A3F919E04BF00
:1065D00050C45A3F84F404BF09905A3F624A05BF31
:1065E000A05B5A3F2CA005BF16275A3FE2F505BF16
:1065F0006AF2593F824B06BF9CBD593F0EA106BFB0
:10660000AD88593F86F606BF9C53593FE84B07BFFC
:106610006A1E593F36A107BF17E9583F6FF607BFFB
:10662000A1B3583F924B08BF0B7E583FA1A008BFB3
:106630005348583F9BF508BF7912583F7F4A09BF1E
:106640007FDC573F4E9F09BF63A6573F09F409BF40
:106650002670573FAD480ABFC739573F3D9D0ABF17
:106660004803573FB7F10ABFA7CC563F1C460BBFA4
:10667000E595563F6B9A0BBF025F563FA5EE0BBFE9
:10668000FE27563FC9420CBFD9F0553FD7960CBFE5
:1066900093B9553FD0EA0CBF2C82553FB33E0DBF96
:1066A000A44A553F81920DBFFB12553F38E60DBFFE
:1066B00031DB543FDA390EBF47A3543F658D0EBF1F
:1066C0003B6B543FDBE00EBF0F33543F3B340FBFF7
:1066D000C3FA533F84870FBF55C2533FB8DA0FBF89
:1066E000C789533FD52D10BF1851533FDC8010BFD1
:1066F0004918533FCDD310BF59DF523FA72611BFD2
:1067000049A6523F6B7911BF186D523F19CC11BF8A
:10671000C633523FB01E12BF54FA513F307112BF00
:10672000C2C0513F9AC312BF1087513FEE1513BF2D
:106730003D4D513F2A6813BF4A13513F50BA13BF12
:1067400037D9503F5F0C14BF039F503F585E14BFB2
:10675000AF64503F39B014BF3B2A503F040215BF0D
:10676000A8EF4F3FB75315BFF4B44F3F54A515BF23
:106770001F7A4F3FD9F615BF2B3F4F3F474816BFF3
:1067800017044F3F9F9916BFE4C84E3FDFEA16BF7C
:10679000908D4E3F073C17BF1C524E3F188D17BFC0
:1067A00089164E3F12DE17BFD5DA4D3FF52E18BFC2
:1067B000029F4D3FC07F18BF10634D3F73D018BF7D
:1067C000FD264D3F0F2119BFCBEA4C3F947119BFF5
:1067D00079AE4C3F00C219BF08724C3F55121ABF28
:1067E00078354C3F93621ABFC7F84B3FB8B21ABF17
:1067F000F8BB4B3FC6021BBF097F4B3FBB521BBFC1
:10680000FA414B3F99A21BBFCC044B3F5FF21BBF29
:106810007FC74A3F0C421CBF138A4A3FA2911CBF4C
:10682000874C4A3F1FE11CBFDC0E4A3F84301DBF2E
:1068300012D1493FD17F1DBF2993493F06CF1DBFCC
:106840002155493F221E1EBFFA16493F266D1EBF25
:10685000B3D8483F12BC1EBF4E9A483FE50A1FBF3F
:10686000CA5B483F9F591FBF271D483F41A81FBF14
:1068700065DE473FCBF61FBF849F473F3B4520BFA8
:106880008560473F939320BF6721473FD2E120BFF8
:106890002AE2463FF92F21BFCEA2463F067E21BF06
:1068A0005463463FFBCB21BFBB23463FD71922BFD2
:1068B00003E4453F996722BF2DA4453F43B522BF5E
:1068C0003964453FD30223BF2624453F4B5023BFA5
:1068D000F5E3443FA99D23BFA5A3443FEEEA23BFB0
:1068E0003763443F1A3824BFAB22443F2C8524BF72
:1068F00000E2433F25D224BF38A1433F041F25BFF8
:106900005160433FCB6B25BF4C1F433F77B825BF3A
:1069100029DE423F0A0526BFE89C423F845126BF3C
:10692000895B423FE39D26BF0B1A423F2AEA26BFFE
:1069300070D8413F563627BFB796413F688227BF80
:10694000E154413F61CE27BFEC12413F401A28BFBE
:10695000DAD0403F056628BFA98E403FB0B128BFBE
:106960005C4C403F41FD28BFF009403FB84829BF7B
:1069700067C73F3F159429BFC0843F3F57DF29BFFA
:10698000FC413F3F802A2ABF1BFF3E3F8E752ABF36
:106990001BBC3E3F82C02ABFFF783E3F5B0B2BBF34
:1069A000C5353E3F1B562BBF6EF23D3FBFA02BBFF0
:1069B000F9AE3D3F4AEB2BBF676B3D3FB9352CBF6E
:1069C000B8273D3F0F802CBFECE33C3F49CA2CBFAA
:1069D00003A03C3F69142DBFFC5B3C3F6F5E2DBFA5
:1069E000D9173C3F59A82DBF98D33B3F29F22DBF63
:1069F0003B8F3B3FDE3B2EBFC14A3B3F78852EBFDE
:106A000029063B3FF7CE2EBF75C13A3F5B182FBF1B
:106A1000A47C3A3FA5612FBFB7373A3FD3AA2FBF17
:106A2000ACF2393FE6F32FBF85AD393FDE3C30BFD6
:106A30004268393FBB8530BFE122393F7CCE30BF51
:106A400065DD383F221731BFCB97383FAD5F31BF8F
:106A50001652383F1DA831BF430C383F71F031BF8B
:106A600055C6373FAA3832BF4A80373FC78032BF4A
:106A7000233A373FC9C832BFDFF3363FAF1033BFC9
:106A80007FAD363F7A5833BF0467363F29A033BF06
:106A90006C20363FBCE733BFB8D9353F342F34BF05
:106AA000E792353F8F7634BFFB4B353FCFBD34BFC8
:106AB000F304353FF30435BFCFBD343FFB4B35BF47
:106AC0008F76343FE79235BF342F343FB8D935BF86
:106AD000BCE7333F6C2036BF29A0333F046736BF85
:106AE0007A58333F7FAD36BFAF10333FDFF336BF49
:106AF000C9C8323F233A37BFC780323F4A8037BFC9
:106B0000AA38323F55C637BF71F0313F430C38BF0A
:106B10001DA8313F165238BFAD5F313FCB9738BF0C
:106B20002217313F65DD38BF7CCE303FE12239BFCF
:106B3000BB85303F426839BFDE3C303F85AD39BF51
:106B4000E6F32F3FACF239BFD3AA2F3FB7373ABF96
:106B5000A5612F3FA47C3ABF5B182F3F75C13ABF98
:106B6000F7CE2E3F29063BBF78852E3FC14A3BBF5B
:106B7000DE3B2E3F3B8F3BBF29F22D3F98D33BBFDF
:106B800059A82D3FD9173CBF6F5E2D3FFC5B3CBF22
:106B900069142D3F03A03CBF49CA2C3FECE33CBF26
:106BA0000F802C3FB8273DBFB9352C3F676B3DBFE9
:106BB0004AEB2B3FF9AE3DBFBFA02B3F6EF23DBF6E
:106BC0001B562B3FC5353EBF5B0B2B3FFF783EBFAF
:106BD00082C02A3F1BBC3EBF8E752A3F1BFF3EBFB3
:106BE000802A2A3FFC413FBF57DF293FC0843FBF77
:106BF0001594293F67C73FBFB848293FF00940BFF8
:106C000041FD283F5C4C40BFB0B1283FA98E40BF3A
:106C10000566283FDAD040BF401A283FEC1241BF3A
:106C200061CE273FE15441BF6882273FB79641BFFD
:106C30005636273F70D841BF2AEA263F0B1A42BF7B
:106C4000E39D263F895B42BF8451263FE89C42BFBB
:106C50000A05263F29DE42BF77B8253F4C1F43BFB8
:106C6000CB6B253F516043BF041F253F38A143BF75
:106C700025D2243F00E243BF2C85243FAB2244BFF2
:106C80001A38243F376344BFEEEA233FA5A344BF2D
:106C9000A99D233FF5E344BF4B50233F262445BF26
:106CA000D302233F396445BF43B5223F2DA445BFDE
:106CB0009967223F03E445BFD719223FBB2346BF54
:106CC000FBCB213F546346BF067E213FCEA246BF89
:106CD000F92F213F2AE246BFD2E1203F672147BF7B
:106CE0009393203F856047BF3B45203F849F47BF2C
:106CF000CBF61F3F65DE47BF41A81F3F271D48BF9A
:106D00009F591F3FCA5B48BFE50A1F3F4E9A48BFC5
:106D100012BC1E3FB3D848BF266D1E3FFA1649BFAE
:106D2000221E1E3F215549BF06CF1D3F299349BF53
:106D3000D17F1D3F12D149BF84301D3FDC0E4ABFB9
:106D40001FE11C3F874C4ABFA2911C3F138A4ABFD8
:106D50000C421C3F7FC74ABF5FF21B3FCC044BBFB6
:106D600099A21B3FFA414BBFBB521B3F097F4BBF50
:106D7000C6021B3FF8BB4BBFB8B21A3FC7F84BBFA8
:106D800093621A3F78354CBF55121A3F08724CBFB8
:106D900000C2193F79AE4CBF9471193FCBEA4CBF8A
:106DA0000F21193FFD264DBF73D0183F10634DBF13
:106DB000C07F183F029F4DBFF52E183FD5DA4DBF5B
:106DC00012DE173F89164EBF188D173F1C524EBF5B
:106DD000073C173F908D4EBFDFEA163FE4C84EBF19
:106DE0009F99163F17044FBF4748163F2B3F4FBF91
:106DF000D9F6153F1F7A4FBF54A5153FF4B44FBFC6
:106E0000B753153FA8EF4FBF0402153F3B2A50BFB1
:106E100039B0143FAF6450BF585E143F039F50BF5A
:106E20005F0C143F37D950BF50BA133F4A1351BFBC
:106E30002A68133F3D4D51BFEE15133F108751BFD8
:106E40009AC3123FC2C051BF3071123F54FA51BFB2
:106E5000B01E123FC63352BF19CC113F186D52BF3E
:106E60006B79113F49A652BFA726113F59DF52BF88
:106E7000CDD3103F491853BFDC80103F185153BF8A
:106E8000D52D103FC78953BFB8DA0F3F55C253BF46
:106E900084870F3FC3FA53BF3B340F3F0F3354BFB8
:106EA000DBE00E3F3B6B54BF658D0E3F47A354BFE5
:106EB000DA390E3F31DB54BF38E60D3FFB1255BFC8
:106EC00081920D3FA44A55BFB33E0D3F2C8255BF62
:106ED000D0EA0C3F93B955BFD7960C3FD9F055BFB8
:106EE000C9420C3FFE2756BFA5EE0B3F025F56BFBF
:106EF0006B9A0B3FE59556BF1C460B3FA7CC56BF80
:106F0000B7F10A3F480357BF3D9D0A3FC73957BFF6
:106F1000AD480A3F267057BF09F4093F63A657BF23
:106F20004E9F093F7FDC57BF7F4A093F791258BF08
:106F30009BF5083F534858BFA1A0083F0B7E58BFA0
:106F4000924B083FA1B358BF6FF6073F17E958BFF0
:106F500036A1073F6A1E59BFE84B073F9C5359BFF4
:106F600086F6063FAD8859BF0EA1063F9CBD59BFAE
:106F7000824B063F6AF259BFE2F5053F16275ABF1A
:106F80002CA0053FA05B5ABF624A053F09905ABF3B
:106F900084F4043F50C45ABF919E043F75F85ABF11
:106FA0008948043F792C5BBF6DF2033F5A605BBF99
:106FB0003D9C033F1A945BBFF845033FB8C75BBFD6
:106FC0009FEF023F34FB5BBF3299023F8E2E5CBFC6
:106FD000B142023FC7615CBF1CEC013FDD945CBF66
:106FE0007395013FD1C75CBFB53E013FA3FA5CBFBB
:106FF000E4E7003F532D5DBFFF90003FE15F5DBFC1
:10700000063A003F4D925DBFF3C5FF3E97C45DBF9A
:10701000B217FF3EBEF65DBF4A69FE3EC3285EBFA3
:10702000BBBAFD3EA65A5EBF040CFD3E678C5EBF38
:10703000275DFC3E05BE5EBF22AEFB3E81EF5EBF1C
:10704000F7FEFA3EDB205FBFA54FFA3E12525FBF4C
:107050002DA0F93E27835FBF8EF0F83E19B45FBFC5
:10706000C840F83EE9E45FBFDC90F73E961560BF8C
:10707000CBE0F63E214660BF9330F63E897660BF96
:107080003580F53ECFA660BFB1CFF43EF2D660BFEB
:10709000071FF43EF20661BF386EF33ED03661BF83
:1070A00043BDF23E8A6661BF290CF23E229661BF63
:1070B000EA5AF13E98C561BF85A9F03EEAF461BF86
:1070C000FBF7EF3E1A2462BF4C46EF3E265362BFE9
:1070D0007994EE3E108262BF80E2ED3ED7B062BF8F
:1070E0006330ED3E7BDF62BF217EEC3EFC0D63BF73
:1070F000BBCBEB3E5A3C63BF3019EB3E956A63BF96
:107100008166EA3EAC9863BFAEB3E93EA1C663BFF9
:10711000B700E93E73F463BF9C4DE83E212264BF93
:107120005D9AE73EAC4F64BFFBE6E63E147D64BF6C
:107130007533E63E59AA64BFCB7FE53E7BD764BF7B
:10714000FECBE43E790465BF0E18E43E543165BFC2
:10715000FA63E33E0B5E65BFC4AFE23EA08A65BF43
:107160006AFBE13E10B765BFEE46E13E5EE365BFF8
:107170004F92E03E880F66BF8DDDDF3E8E3B66BFDF
:10718000A928DF3E716766BFA273DE3E309366BFFB
:1071900079BEDD3ECCBE66BF2E09DD3E45EA66BF48
:1071A000C153DC3E991567BF319EDB3ECA4067BFC5
:1071B00080E8DA3ED86B67BFAD32DA3EC19667BF72
:1071C000B97CD93E87C167BFA3C6D83E2AEC67BF4A
:1071D0006B10D83EA81668BF135AD73E034168BF4C
:1071E00099A3D63E396B68BFFDECD53E4C9568BF80
:1071F0004136D53E3CBF68BF647FD43E07E968BFD7
:1072000067C8D33EAE1269BF4811D33E323C69BF56
:10721000095AD23E916569BFAAA2D13ECC8E69BF00
:107220002AEBD03EE4B769BF8A33D03ED7E069BFCE
:10723000CA7BCF3EA7096ABFEAC3CE3E52326ABFBD
:10724000EA0BCE3ED95A6ABFCA53CD3E3C836ABFD1
:107250008B9BCC3E7BAB6ABF2CE3CB3E95D36ABF06
:10726000AE2ACB3E8CFB6ABF1072CA3E5E236BBF58
:1072700053B9C93E0C4B6BBF7700C93E95726BBFCB
:107280007C47C83EFB996BBF628EC73E3BC16BBF5C
:1072900029D5C63E58E86BBFD21BC63E500F6CBF07
:1072A0005C62C53E24366CBFC8A8C43ED45C6CBFCB
:1072B00015EFC33E5E836CBF4435C33EC5A96CBFAA
:1072C000557BC23E07D06CBF48C1C13E24F66CBF9F
:1072D0001E07C13E1D1C6DBFD54CC03EF2416DBFA7
:1072E0006F92BF3EA1676DBFEBD7BE3E2D8D6DBFC8
:1072F0004A1DBE3E93B26DBF8B62BD3ED5D76DBFFA
:10730000AFA7BC3EF2FC6DBFB6ECBB3EEB216EBF3F
:10731000A031BB3EBE466EBF6E76BA3E6D6B6EBF91
:107320001EBBB93EF88F6EBFB2FFB83E5DB46EBFF4
:107330002A44B83E9ED86EBF8488B73EBAFC6EBF62
:10734000C3CCB63EB0206FBFE610B63E83446FBFDD
:10735000EC54B53E30686FBFD698B43EB88B6FBF63
:10736000A5DCB33E1BAF6FBF5820B33E5AD26FBFF0
:10737000EF63B23E73F56FBF6BA7B13E671870BF86
:10738000CBEAB03E373B70BF102EB03EE15D70BF20
:107390003A71AF3E668070BF49B4AE3EC6A270BFC0
:1073A0003CF7AD3E02C570BF153AAD3E17E770BF62
:1073B000D47CAC3E080971BF77BFAB3ED42A71BF05
:1073C0000102AB3E7A4C71BF6F44AA3EFB6D71BFA8
:1073D000C486A93E578F71BFFEC8A83E8EB071BF4C
:1073E0001F0BA83E9FD171BF254DA73E8CF271BFE8
:1073F000128FA63E521372BFE5D0A53EF43372BF82
:107400009F12A53E705472BF3F54A43EC77472BF12
:10741000C595A33EF89472BF33D7A23E04B572BFA0
:107420008718A23EEBD472BFC259A13EACF472BF22
:10743000E59AA03E471473BFEEDB9F3EBE3373BF99
:10744000DF1C9F3E0E5373BFB85D9E3E397273BF03
:10745000789E9D3E3F9173BF20DF9C3E1FB073BF5F
:10746000AF1F9C3ED9CE73BF27609B3E6EED73BFAE
:1074700086A09A3EDD0B74BFCEE0993E272A74BFEA
:10748000FE20993E4B4874BF1661983E496674BF12
:1074900017A1973E228474BF00E1963ED5A174BF28
:1074A000D220963E62BF74BF8D60953EC9DC74BF2A
:1074B00031A0943E0BFA74BFBFDF933E271775BF10
:1074C000351F933E1D3475BF945E923EED5075BFDF
:1074D000DD9D913E976D75BF10DD903E1C8A75BF96
:1074E0002C1C903E7BA675BF325B8F3EB3C275BF2E
:1074F000229A8E3EC6DE75BFFCD88D3EB3FA75BFAC
:10750000C0178D3E7A1676BF6E568C3E1B3276BF04
:1075100007958B3E974D76BF8AD38A3EEC6876BF3F
:10752000F8118A3E1B8476BF5050893E249F76BF57
:10753000938E883E07BA76BFC1CC873EC4D476BF4F
:10754000DA0A873E5BEF76BFDF48863ECC0977BF1D
:10755000CE86853E172477BFAAC4843E3C3E77BFC3
:107560007002843E3A5877BF2240833E137277BF41
:10757000C07D823EC58B77BF4ABB813E51A577BF98
:10758000C0F8803EB7BE77BF2236803EF7D777BFC0
:10759000E1E67E3E10F177BF56617D3E040A78BF7A
:1075A000A4DB7B3ED12278BFCB557A3E773B78BFB8
:1075B000CCCF783EF85378BFA649773E526C78BF5F
:1075C0005AC3753E868478BFE83C743E939C78BF6E
:1075D00051B6723E7BB478BF942F713E3BCC78BFDE
:1075E000B2A86F3ED6E378BFAB216E3E4AFB78BFB0
:1075F0007F9A6C3E981279BF2F136B3EBF2979BFDB
:10760000BA8B693EC04079BF2204683E9A5779BF61
:10761000667C663E4E6E79BF86F4643EDC8479BF3C
:10762000836C633E439B79BF5CE4613E83B179BF69
:10763000135C603E9DC779BFA8D35E3E91DD79BFE4
:107640001A4B5D3E5EF379BF6AC25B3E04097ABFA6
:1076500097395A3E841E7ABFA4B0583EDD337ABFB4
:107660008F27573E10497ABF589E553E1C5E7ABF01
:107670000115543E02737ABF898B523EC1877ABF8F
:10768000F101513E599C7ABF38784F3ECBB07ABF5A
:1076900060EE4D3E16C57ABF67644C3E3AD97ABF5C
:1076A0004FDA4A3E37ED7ABF1850493E0E017BBF94
:1076B000C2C5473EBE147BBF4D3B463E48287BBFFC
:1076C000B9B0443EAB3B7BBF0726433EE74E7BBF92
:1076D000379B413EFC617BBF4910403EEA747BBF53
:1076E0003E853E3EB2877BBF15FA3C3E539A7BBF38
:1076F000CF6E3B3ECDAC7BBF6CE3393E20BF7BBF42
:10770000EC57383E4DD17BBF50CC363E53E37BBF68
:107710009840353E31F57BBFC4B4333EE9067CBFAB
:10772000D428323E7A187CBFC99C303EE5297CBF04
:10773000A2102F3E283B7CBF61842D3E444C7CBF71
:1077400004F82B3E3A5D7CBF8D6B2A3E086E7CBFF1
:10775000FCDE283EB07E7CBF5152273E318F7CBF7D
:107760008CC5253E8A9F7CBFAD38243EBDAF7CBF13
:10777000B6AB223EC9BF7CBFA51E213EAECF7CBFAB
:107780007B911F3E6CDF7CBF38041E3E03EF7CBF45
:10779000DE761C3E73FE7CBF6BE91A3EBC0D7DBFDE
:1077A000E05B193EDD1C7DBF3DCE173ED82B7DBF73
:1077B0008340163EAC3A7DBFB2B2143E59497DBFFC
:1077C000CA24133EDE577DBFCC96113E3D667DBF79
:1077D000B708103E74747DBF8B7A0E3E85827DBFE4
:1077E0004AEC0C3E6E907DBFF35D0B3E309E7DBF3C
:1077F00086CF093ECCAB7DBF0541083E40B97DBF79
:107800006EB2063E8CC67DBFC223053EB2D37DBF9D
:107810000295033EB1E07DBF2E06023E88ED7DBF9E
:107820004577003E38FA7DBF92D0FD3DC2067EBF4F
:1078300073B2FA3D24137EBF2C94F73D5E1F7EBFCA
:10784000C075F43D722B7EBF2E57F13D5E377EBF73
:107850007638EE3D23437EBF9A19EB3DC14E7EBF85
:107860009AFAE73D385A7EBF76DBE43D88657EBFF5
:107870002EBCE13DB0707EBFC49CDE3DB17B7EBFBF
:10788000377DDB3D8B867EBF895DD83D3D917EBFD8
:10789000B93DD53DC99B7EBFC81DD23D2DA67EBF3B
:1078A000B7FDCE3D69B07EBF86DDCB3D7FBA7EBFE2
:1078B00036BDC83D6DC47EBFC69CC53D34CE7EBFBF
:1078C000397CC23DD4D77EBF8D5BBF3D4CE17EBFCE
:1078D000C33ABC3D9DEA7EBFDD19B93DC7F37EBF0B
:1078E000DAF8B53DC9FC7EBFBBD7B23DA4057FBF6A
:1078F00080B6AF3D580E7FBF2B95AC3DE4167FBFE1
:10790000BA73A93D491F7FBF3052A63D87277FBF6D
:107910008C30A33D9D2F7FBFCF0EA03D8D377FBF05
:10792000F9EC9C3D543F7FBF0ACB993DF4467FBFA5
:1079300005A9963D6D4E7FBFE786933DBF557FBF3E
:10794000B464903DE95C7FBF6A428D3DEC637FBFCC
:107950000A208A3DC76A7FBF94FD863D7B717FBF49
:107960000ADB833D08787FBF6CB8803D6D7E7FBFAA
:10797000742B7B3DAB847FBFE9E5743DC28A7FBF3A
:1079800038A06E3DB1907FBF625A683D78967FBF48
:107990006814623D189C7FBF4CCE5B3D91A17FBFB8
:1079A0000E88553DE3A67FBFAF414F3D0DAC7FBF75
:1079B0002FFB483D0FB17FBF91B4423DEAB57FBF79
:1079C000D56D3C3D9EBA7FBFFC26363D2ABF7FBFAA
:1079D00007E02F3D8FC37FBFF698293DCCC77FBFFF
:1079E000CC51233DE2CB7FBF880A1D3DD1CF7FBF65
:1079F0002CC3163D98D37FBFB87B103D37D77FBFD0
:107A00002F340A3DAFDA7FBF90EC033D00DE7FBF2D
:107A1000B949FB3C29E17FBF2DBAEE3C2BE47FBF87
:107A20007B2AE23C05E77FBFA69AD53CB8E97FBF39
:107A3000B00AC93C43EC7FBF9B7ABC3CA7EE7FBF3A
:107A400069EAAF3CE3F07FBF1C5AA33CF8F27FBF6A
:107A5000B6C9963CE6F47FBF38398A3CACF67FBFA6
:107A60004B517B3C4AF87FBF0030623CC1F97FBF7D
:107A7000900E493C11FB7FBF02ED2F3C39FC7FBFCC
:107A800059CB163C39FD7FBF3053FB3B13FE7FBF04
:107A9000890FC93BC4FE7FBFC1CB963B4EFF7FBF62
:107AA000C70F493BB1FF7FBFD40FC93AECFF7FBF7F
:107AB0000000803F0000000043EC7F3FB00AC93C5B
:107AC0000FB17F3F2FFB483D6D4E7F3F05A9963D8F
:107AD0006DC47E3F36BDC83D24137E3F73B2FA3D70
:107AE000AC3A7D3F8340163E283B7C3FA2102F3EA0
:107AF000BE147B3FC2C5473E9DC7793F135C603EC5
:107B0000F853783FCCCF783E07BA763F938E883EC5
:107B10000BFA743F31A0943E4714733FE59AA03EA0
:107B20000809713FD47CAC3E9ED86E3F2A44B83ED3
:107B30005E836C3F15EFC33EA7096A3FCA7BCF3E09
:107B4000D86B673F80E8DA3E59AA643F7533E63E5A
:107B500098C5613FEA5AF13E05BE5E3F275DFC3E97
:107B60001A945B3F3D9C033F5348583F9BF5083FA9
:107B700031DB543FDA390E3F3D4D513F2A68133F08
:107B8000029F4D3FC07F183F12D1493FD17F1D3F1B
:107B900003E4453F9967223F70D8413F5636273F5F
:107BA000F9AE3D3F4AEB2B3F4268393FBB85303F42
:107BB000F304353FF304353FBB85303F4268393F1E
:107BC0004AEB2B3FF9AE3D3F5636273F70D8413F39
:107BD0009967223F03E4453FD17F1D3F12D1493FC2
:107BE000C07F183F029F4D3F2A68133F3D4D513FD4
:107BF000DA390E3F31DB543F9BF5083F5348583F7D
:107C00003D9C033F1A945B3F275DFC3E05BE5E3FF3
:107C1000EA5AF13E98C5613F7533E63E59AA643F82
:107C200080E8DA3ED86B673FCA7BCF3EA7096A3F40
:107C300015EFC33E5E836C3F2A44B83E9ED86E3F2C
:107C4000D47CAC3E0809713FE59AA03E4714733FCF
:107C500031A0943E0BFA743F938E883E07BA763F6C
:107C6000CCCF783EF853783F135C603E9DC7793F98
:107C7000C2C5473EBE147B3FA2102F3E283B7C3F2F
:107C80008340163EAC3A7D3F73B2FA3D24137E3FEB
:107C900036BDC83D6DC47E3F05A9963D6D4E7F3F04
:107CA0002FFB483D0FB17F3FB00AC93C43EC7F3FFB
:107CB000000000000000803FB00AC9BC43EC7F3FD9
:107CC0002FFB48BD0FB17F3F05A996BD6D4E7F3F8D
:107CD00036BDC8BD6DC47E3F73B2FABD24137E3F6E
:107CE000834016BEAC3A7D3FA2102FBE283B7C3F9E
:107CF000C2C547BEBE147B3F135C60BE9DC7793FC3
:107D0000CCCF78BEF853783F938E88BE07BA763FC3
:107D100031A094BE0BFA743FE59AA0BE4714733F9E
:107D2000D47CACBE0809713F2A44B8BE9ED86E3FD1
:107D300015EFC3BE5E836C3FCA7BCFBEA7096A3F07
:107D400080E8DABED86B673F7533E6BE59AA643F58
:107D5000EA5AF1BE98C5613F275DFCBE05BE5E3F95
:107D60003D9C03BF1A945B3F9BF508BF5348583FA7
:107D7000DA390EBF31DB543F2A6813BF3D4D513F06
:107D8000C07F18BF029F4D3FD17F1DBF12D1493F19
:107D9000996722BF03E4453F563627BF70D8413F5D
:107DA0004AEB2BBFF9AE3D3FBB8530BF4268393F40
:107DB000F30435BFF304353F426839BFBB85303F1C
:107DC000F9AE3DBF4AEB2B3F70D841BF5636273F37
:107DD00003E445BF9967223F12D149BFD17F1D3FC0
:107DE000029F4DBFC07F183F3D4D51BF2A68133FD2
:107DF00031DB54BFDA390E3F534858BF9BF5083F7B
:107E00001A945BBF3D9C033F05BE5EBF275DFC3EF1
:107E100098C561BFEA5AF13E59AA64BF7533E63E80
:107E2000D86B67BF80E8DA3EA7096ABFCA7BCF3E3E
:107E30005E836CBF15EFC33E9ED86EBF2A44B83E2A
:107E4000080971BFD47CAC3E471473BFE59AA03ECD
:107E50000BFA74BF31A0943E07BA76BF938E883E6A
:107E6000F85378BFCCCF783E9DC779BF135C603E96
:107E7000BE147BBFC2C5473E283B7CBFA2102F3E2D
:107E8000AC3A7DBF8340163E24137EBF73B2FA3DE9
:107E90006DC47EBF36BDC83D6D4E7FBF05A9963D02
:107EA0000FB17FBF2FFB483D43EC7FBFB00AC93CF9
:107EB000000080BF0000000043EC7FBFB00AC9BCD7
:107EC0000FB17FBF2FFB48BD6D4E7FBF05A996BD8B
:107ED0006DC47EBF36BDC8BD24137EBF73B2FABD6C
:107EE000AC3A7DBF834016BE283B7CBFA2102FBE9C
:107EF000BE147BBFC2C547BE9DC779BF135C60BEC1
:107F0000F85378BFCCCF78BE07BA76BF938E88BEC1
:107F10000BFA74BF31A094BE471473BFE59AA0BE9C
:107F2000080971BFD47CACBE9ED86EBF2A44B8BECF
:107F30005E836CBF15EFC3BEA7096ABFCA7BCFBE05
:107F4000D86B67BF80E8DABE59AA64BF7533E6BE56
:107F500098C561BFEA5AF1BE05BE5EBF275DFCBE93
:107F60001A945BBF3D9C03BF534858BF9BF508BFA5
:107F700031DB54BFDA390EBF3D4D51BF2A6813BF04
:107F8000029F4DBFC07F18BF12D149BFD17F1DBF17
:107F900003E445BF996722BF70D841BF563627BF5B
:107FA000F9AE3DBF4AEB2BBF426839BFBB8530BF3E
:107FB000F30435BFF30435BFBB8530BF426839BF1A
:107FC0004AEB2BBFF9AE3DBF563627BF70D841BF35
:107FD000996722BF03E445BFD17F1DBF12D149BFBE
:107FE000C07F18BF029F4DBF2A6813BF3D4D51BFD0
:107FF000DA390EBF31DB54BF9BF508BF534858BF79
:108000003D9C03BF1A945BBF275DFCBE05BE5EBFEF
:10801000EA5AF1BE98C561BF7533E6BE59AA64BF7E
:1080200080E8DABED86B67BFCA7BCFBEA7096ABF3C
:1080300015EFC3BE5E836CBF2A44B8BE9ED86EBF28
:10804000D47CACBE080971BFE59AA0BE471473BFCB
:1080500031A094BE0BFA74BF938E88BE07BA76BF68
:10806000CCCF78BEF85378BF135C60BE9DC779BF94
:10807000C2C547BEBE147BBFA2102FBE283B7CBF2B
:10808000834016BEAC3A7DBF73B2FABD24137EBFE7
:1080900036BDC8BD6DC47EBF05A996BD6D4E7FBF00
:1080A0002FFB48BD0FB17FBFB00AC9BC43EC7FBFF7
:1080B00000000080000080BFB00AC93C43EC7FBFD5
:1080C0002FFB483D0FB17FBF05A9963D6D4E7FBF89
:1080D00036BDC83D6DC47EBF73B2FA3D24137EBF6A
:1080E0008340163EAC3A7DBFA2102F3E283B7CBF9A
:1080F000C2C5473EBE147BBF135C603E9DC779BFBF
:10810000CCCF783EF85378BF938E883E07BA76BFBF
:1081100031A0943E0BFA74BFE59AA03E471473BF9A
:10812000D47CAC3E080971BF2A44B83E9ED86EBFCD
:1081300015EFC33E5E836CBFCA7BCF3EA7096ABF03
:1081400080E8DA3ED86B67BF7533E63E59AA64BF54
:10815000EA5AF13E98C561BF275DFC3E05BE5EBF91
:108160003D9C033F1A945BBF9BF5083F534858BFA3
:10817000DA390E3F31DB54BF2A68133F3D4D51BF02
:10818000C07F183F029F4DBFD17F1D3F12D149BF15
:108190009967223F03E445BF5636273F70D841BF59
:1081A0004AEB2B3FF9AE3DBFBB85303F426839BF3C
:1081B000F304353FF30435BF4268393FBB8530BF18
:1081C000F9AE3D3F4AEB2BBF70D8413F563627BF33
:1081D00003E4453F996722BF12D1493FD17F1DBFBC
:1081E000029F4D3FC07F18BF3D4D513F2A6813BFCE
:1081F00031DB543FDA390EBF5348583F9BF508BF77
:108200001A945B3F3D9C03BF05BE5E3F275DFCBEED
:1082100098C5613FEA5AF1BE59AA643F7533E6BE7C
:10822000D86B673F80E8DABEA7096A3FCA7BCFBE3A
:108230005E836C3F15EFC3BE9ED86E3F2A44B8BE26
:108240000809713FD47CACBE4714733FE59AA0BEC9
:108250000BFA743F31A094BE07BA763F938E88BE66
:10826000F853783FCCCF78BE9DC7793F135C60BE92
:10827000BE147B3FC2C547BE283B7C3FA2102FBE29
:10828000AC3A7D3F834016BE24137E3F73B2FABDE5
:108290006DC47E3F36BDC8BD6D4E7F3F05A996BDFE
:1082A0000FB17F3F2FFB48BD43EC7F3FB00AC9BCF5
:1082B0000000803F000000005E836C3F15EFC33E6E
:1082C000F304353FF304353F15EFC33E5E836C3F47
:1082D000000000000000803F15EFC3BE5E836C3FCE
:1082E000F30435BFF304353F5E836CBF15EFC33E27
:1082F000000080BF000000005E836CBF15EFC3BEAE
:10830000F30435BFF30435BF15EFC3BE5E836CBF06
:1083100000000080000080BF15EFC33E5E836CBF8D
:10832000F304353FF30435BF5E836C3F15EFC3BEE6
:108330000000803F00000000C4FE7F3F890FC93B62
:1083400011FB7F3F900E493CE6F47F3FB6C9963C57
:1083500043EC7F3FB00AC93C29E17F3FB949FB3C70
:1083600098D37F3F2CC3163D8FC37F3F07E02F3D3F
:108370000FB17F3F2FFB483D189C7F3F6814623D43
:10838000AB847F3F742B7B3DC76A7F3F0A208A3DC9
:108390006D4E7F3F05A9963D9D2F7F3F8C30A33DBD
:1083A000580E7F3F80B6AF3D9DEA7E3FC33ABC3D4D
:1083B0006DC47E3F36BDC83DC99B7E3FB93DD53DAE
:1083C000B0707E3F2EBCE13D23437E3F7638EE3DCC
:1083D00024137E3F73B2FA3DB1E07D3F0295033E28
:1083E000CCAB7D3F86CF093E74747D3FB708103E0D
:1083F000AC3A7D3F8340163E73FE7C3FDE761C3EEA
:10840000C9BF7C3FB6AB223EB07E7C3FFCDE283E3F
:10841000283B7C3FA2102F3E31F57B3F9840353EF4
:10842000CDAC7B3FCF6E3B3EFC617B3F379B413EFB
:10843000BE147B3FC2C5473E16C57A3F60EE4D3E37
:1084400002737A3F0115543E841E7A3F97395A3E93
:108450009DC7793F135C603E4E6E793F667C663EF9
:108460009812793F7F9A6C3E7BB4783F51B6723E4A
:10847000F853783FCCCF783E10F1773FE1E67E3E6F
:10848000C58B773FC07D823E1724773FCE86853EE1
:1084900007BA763F938E883E974D763F07958B3E81
:1084A000C6DE753F229A8E3E976D753FDD9D913EEB
:1084B0000BFA743F31A0943E2284743F17A1973E7B
:1084C000DD0B743F86A09A3E3F91733F789E9D3EA0
:1084D0004714733FE59AA03EF894723FC595A33EBA
:1084E0005213723F128FA63E578F713FC486A93E2A
:1084F0000809713FD47CAC3E6680703F3A71AF3E54
:1085000073F56F3FEF63B23E30686F3FEC54B53E9A
:108510009ED86E3F2A44B83EBE466E3FA031BB3E59
:1085200093B26D3F4A1DBE3E1D1C6D3F1E07C13EEE
:108530005E836C3F15EFC33E58E86B3F29D5C63EBE
:108540000C4B6B3F53B9C93E7BAB6A3F8B9BCC3E18
:10855000A7096A3FCA7BCF3E9165693F095AD23E5F
:108560003CBF683F4136D53EA816683F6B10D83EE9
:10857000D86B673F80E8DA3ECCBE663F79BEDD3E11
:10858000880F663F4F92E03E0B5E653FFA63E33E25
:1085900059AA643F7533E63E73F4633FB700E93E82
:1085A0005A3C633FBBCBEB3E1082623F7994EE3E78
:1085B00098C5613FEA5AF13EF206613F071FF43E5B
:1085C0002146603FCBE0F63E27835F3F2DA0F93E7A
:1085D00005BE5E3F275DFC3EBEF65D3FB217FF3E27
:1085E000532D5D3FE4E7003FC7615C3FB142023F6E
:1085F0001A945B3F3D9C033F50C45A3F84F4043FB0
:108600006AF2593F824B063F6A1E593F36A1073F27
:108610005348583F9BF5083F2670573FAD480A3FE7
:10862000E595563F6B9A0B3F93B9553FD0EA0C3F07
:1086300031DB543FDA390E3FC3FA533F84870F3F93
:108640004918533FCDD3103FC633523FB01E123F9F
:108650003D4D513F2A68133FAF64503F39B0143F3E
:108660001F7A4F3FD9F6153F908D4E3F073C173F7D
:10867000029F4D3FC07F183F79AE4C3F00C2193F6B
:10868000F8BB4B3FC6021B3F7FC74A3F0C421C3F13
:1086900012D1493FD17F1D3FB3D8483F12BC1E3F86
:1086A00065DE473FCBF61F3F2AE2463FF92F213FC9
:1086B00003E4453F9967223FF5E3443FA99D233FEB
:1086C00000E2433F25D2243F29DE423F0A05263FF0
:1086D00070D8413F5636273FDAD0403F0566283FE5
:1086E00067C73F3F1594293F1BBC3E3F82C02A3FCE
:1086F000F9AE3D3F4AEB2B3F03A03C3F69142D3FB1
:108700003B8F3B3FDE3B2E3FA47C3A3FA5612F3F92
:108710004268393FBB85303F1652383F1DA8313F74
:10872000233A373FC9C8323F6C20363FBCE7333F5E
:10873000F304353FF304353FBCE7333F6C20363F4D
:10874000C9C8323F233A373F1DA8313F1652383F40
:10875000BB85303F4268393FA5612F3FA47C3A3F3B
:10876000DE3B2E3F3B8F3B3F69142D3F03A03C3F38
:108770004AEB2B3FF9AE3D3F82C02A3F1BBC3E3F38
:108780001594293F67C73F3F0566283FDAD0403F31
:108790005636273F70D8413F0A05263F29DE423F23
:1087A00025D2243F00E2433FA99D233FF5E3443F08
:1087B0009967223F03E4453FF92F213F2AE2463FD4
:1087C000CBF61F3F65DE473F12BC1E3FB3D8483F84
:1087D000D17F1D3F12D1493F0C421C3F7FC74A3F0A
:1087E000C6021B3FF8BB4B3F00C2193F79AE4C3F5E
:1087F000C07F183F029F4D3F073C173F908D4E3F73
:10880000D9F6153F1F7A4F3F39B0143FAF64503F40
:108810002A68133F3D4D513FB01E123FC633523FB1
:10882000CDD3103F4918533F84870F3FC3FA533FBE
:10883000DA390E3F31DB543FD0EA0C3F93B9553F54
:108840006B9A0B3FE595563FAD480A3F2670573F60
:108850009BF5083F5348583F36A1073F6A1E593FD2
:10886000824B063F6AF2593F84F4043F50C45A3F9A
:108870003D9C033F1A945B3FB142023FC7615C3F9E
:10888000E4E7003F532D5D3FB217FF3EBEF65D3F6C
:10889000275DFC3E05BE5E3F2DA0F93E27835F3F6E
:1088A000CBE0F63E2146603F071FF43EF206613FF3
:1088B000EA5AF13E98C5613F7994EE3E1082623FDC
:1088C000BBCBEB3E5A3C633FB700E93E73F4633FDA
:1088D0007533E63E59AA643FFA63E33E0B5E653F9B
:1088E0004F92E03E880F663F79BEDD3ECCBE663FCC
:1088F00080E8DA3ED86B673F6B10D83EA816683F19
:108900004136D53E3CBF683F095AD23E9165693F2A
:10891000CA7BCF3EA7096A3F8B9BCC3E7BAB6A3FAD
:1089200053B9C93E0C4B6B3F29D5C63E58E86B3F47
:1089300015EFC33E5E836C3F1E07C13E1D1C6D3F9D
:108940004A1DBE3E93B26D3FA031BB3EBE466E3F58
:108950002A44B83E9ED86E3FEC54B53E30686F3F17
:10896000EF63B23E73F56F3F3A71AF3E6680703F82
:10897000D47CAC3E0809713FC486A93E578F713F35
:10898000128FA63E5213723FC595A33EF894723FD4
:10899000E59AA03E4714733F789E9D3E3F91733FFA
:1089A00086A09A3EDD0B743F17A1973E2284743F48
:1089B00031A0943E0BFA743FDD9D913E976D753F5B
:1089C000229A8E3EC6DE753F07958B3E974D763FC9
:1089D000938E883E07BA763FCE86853E1724773F32
:1089E000C07D823EC58B773FE1E67E3E10F1773F4A
:1089F000CCCF783EF853783F51B6723E7BB4783F87
:108A00007F9A6C3E9812793F667C663E4E6E793F47
:108A1000135C603E9DC7793F97395A3E841E7A3F6A
:108A20000115543E02737A3F60EE4D3E16C57A3F03
:108A3000C2C5473EBE147B3F379B413EFC617B3F36
:108A4000CF6E3B3ECDAC7B3F9840353E31F57B3F12
:108A5000A2102F3E283B7C3FFCDE283EB07E7C3FB0
:108A6000B6AB223EC9BF7C3FDE761C3E73FE7C3F28
:108A70008340163EAC3A7D3FB708103E74747D3F8C
:108A800086CF093ECCAB7D3F0295033EB1E07D3FF2
:108A900073B2FA3D24137E3F7638EE3D23437E3F8A
:108AA0002EBCE13DB0707E3FB93DD53DC99B7E3FB8
:108AB00036BDC83D6DC47E3FC33ABC3D9DEA7E3F96
:108AC00080B6AF3D580E7F3F8C30A33D9D2F7F3F3A
:108AD00005A9963D6D4E7F3F0A208A3DC76A7F3FBC
:108AE000742B7B3DAB847F3F6814623D189C7F3FB5
:108AF0002FFB483D0FB17F3F07E02F3D8FC37F3FE6
:108B00002CC3163D98D37F3FB949FB3C29E17F3FF9
:108B1000B00AC93C43EC7F3FB6C9963CE6F47F3FC0
:108B2000900E493C11FB7F3F890FC93BC4FE7F3F3C
:108B3000000000000000803F890FC9BBC4FE7F3FDA
:108B4000900E49BC11FB7F3FB6C996BCE6F47F3F4F
:108B5000B00AC9BC43EC7F3FB949FBBC29E17F3F68
:108B60002CC316BD98D37F3F07E02FBD8FC37F3F37
:108B70002FFB48BD0FB17F3F681462BD189C7F3F3B
:108B8000742B7BBDAB847F3F0A208ABDC76A7F3FC1
:108B900005A996BD6D4E7F3F8C30A3BD9D2F7F3FB5
:108BA00080B6AFBD580E7F3FC33ABCBD9DEA7E3F45
:108BB00036BDC8BD6DC47E3FB93DD5BDC99B7E3FA6
:108BC0002EBCE1BDB0707E3F7638EEBD23437E3FC4
:108BD00073B2FABD24137E3F029503BEB1E07D3F20
:108BE00086CF09BECCAB7D3FB70810BE74747D3F05
:108BF000834016BEAC3A7D3FDE761CBE73FE7C3FE2
:108C0000B6AB22BEC9BF7C3FFCDE28BEB07E7C3F37
:108C1000A2102FBE283B7C3F984035BE31F57B3FEC
:108C2000CF6E3BBECDAC7B3F379B41BEFC617B3FF3
:108C3000C2C547BEBE147B3F60EE4DBE16C57A3F2F
:108C4000011554BE02737A3F97395ABE841E7A3F8B
:108C5000135C60BE9DC7793F667C66BE4E6E793FF1
:108C60007F9A6CBE9812793F51B672BE7BB4783F42
:108C7000CCCF78BEF853783FE1E67EBE10F1773F67
:108C8000C07D82BEC58B773FCE8685BE1724773FD9
:108C9000938E88BE07BA763F07958BBE974D763F79
:108CA000229A8EBEC6DE753FDD9D91BE976D753FE3
:108CB00031A094BE0BFA743F17A197BE2284743F73
:108CC00086A09ABEDD0B743F789E9DBE3F91733F98
:108CD000E59AA0BE4714733FC595A3BEF894723FB2
:108CE000128FA6BE5213723FC486A9BE578F713F22
:108CF000D47CACBE0809713F3A71AFBE6680703F4C
:108D0000EF63B2BE73F56F3FEC54B5BE30686F3F92
:108D10002A44B8BE9ED86E3FA031BBBEBE466E3F51
:108D20004A1DBEBE93B26D3F1E07C1BE1D1C6D3FE6
:108D300015EFC3BE5E836C3F29D5C6BE58E86B3FB6
:108D400053B9C9BE0C4B6B3F8B9BCCBE7BAB6A3F10
:108D5000CA7BCFBEA7096A3F095AD2BE9165693F57
:108D60004136D5BE3CBF683F6B10D8BEA816683FE1
:108D700080E8DABED86B673F79BEDDBECCBE663F09
:108D80004F92E0BE880F663FFA63E3BE0B5E653F1D
:108D90007533E6BE59AA643FB700E9BE73F4633F7A
:108DA000BBCBEBBE5A3C633F7994EEBE1082623F70
:108DB000EA5AF1BE98C5613F071FF4BEF206613F53
:108DC000CBE0F6BE2146603F2DA0F9BE27835F3F72
:108DD000275DFCBE05BE5E3FB217FFBEBEF65D3F1F
:108DE000E4E700BF532D5D3FB14202BFC7615C3F66
:108DF0003D9C03BF1A945B3F84F404BF50C45A3FA8
:108E0000824B06BF6AF2593F36A107BF6A1E593F1F
:108E10009BF508BF5348583FAD480ABF2670573FDF
:108E20006B9A0BBFE595563FD0EA0CBF93B9553FFF
:108E3000DA390EBF31DB543F84870FBFC3FA533F8B
:108E4000CDD310BF4918533FB01E12BFC633523F97
:108E50002A6813BF3D4D513F39B014BFAF64503F36
:108E6000D9F615BF1F7A4F3F073C17BF908D4E3F75
:108E7000C07F18BF029F4D3F00C219BF79AE4C3F63
:108E8000C6021BBFF8BB4B3F0C421CBF7FC74A3F0B
:108E9000D17F1DBF12D1493F12BC1EBFB3D8483F7E
:108EA000CBF61FBF65DE473FF92F21BF2AE2463FC1
:108EB000996722BF03E4453FA99D23BFF5E3443FE3
:108EC00025D224BF00E2433F0A0526BF29DE423FE8
:108ED000563627BF70D8413F056628BFDAD0403FDD
:108EE000159429BF67C73F3F82C02ABF1BBC3E3FC6
:108EF0004AEB2BBFF9AE3D3F69142DBF03A03C3FA9
:108F0000DE3B2EBF3B8F3B3FA5612FBFA47C3A3F8A
:108F1000BB8530BF4268393F1DA831BF1652383F6C
:108F2000C9C832BF233A373FBCE733BF6C20363F56
:108F3000F30435BFF304353F6C2036BFBCE7333F45
:108F4000233A37BFC9C8323F165238BF1DA8313F38
:108F5000426839BFBB85303FA47C3ABFA5612F3F33
:108F60003B8F3BBFDE3B2E3F03A03CBF69142D3F30
:108F7000F9AE3DBF4AEB2B3F1BBC3EBF82C02A3F30
:108F800067C73FBF1594293FDAD040BF0566283F29
:108F900070D841BF5636273F29DE42BF0A05263F1B
:108FA00000E243BF25D2243FF5E344BFA99D233F00
:108FB00003E445BF9967223F2AE246BFF92F213FCC
:108FC00065DE47BFCBF61F3FB3D848BF12BC1E3F7C
:108FD00012D149BFD17F1D3F7FC74ABF0C421C3F02
:108FE000F8BB4BBFC6021B3F79AE4CBF00C2193F56
:108FF000029F4DBFC07F183F908D4EBF073C173F6B
:109000001F7A4FBFD9F6153FAF6450BF39B0143F38
:109010003D4D51BF2A68133FC63352BFB01E123FA9
:10902000491853BFCDD3103FC3FA53BF84870F3FB6
:1090300031DB54BFDA390E3F93B955BFD0EA0C3F4C
:10904000E59556BF6B9A0B3F267057BFAD480A3F58
:10905000534858BF9BF5083F6A1E59BF36A1073FCA
:109060006AF259BF824B063F50C45ABF84F4043F92
:109070001A945BBF3D9C033FC7615CBFB142023F96
:10908000532D5DBFE4E7003FBEF65DBFB217FF3E64
:1090900005BE5EBF275DFC3E27835FBF2DA0F93E66
:1090A000214660BFCBE0F63EF20661BF071FF43EEB
:1090B00098C561BFEA5AF13E108262BF7994EE3ED4
:1090C0005A3C63BFBBCBEB3E73F463BFB700E93ED2
:1090D00059AA64BF7533E63E0B5E65BFFA63E33E93
:1090E000880F66BF4F92E03ECCBE66BF79BEDD3EC4
:1090F000D86B67BF80E8DA3EA81668BF6B10D83E11
:109100003CBF68BF4136D53E916569BF095AD23E22
:10911000A7096ABFCA7BCF3E7BAB6ABF8B9BCC3EA5
:109120000C4B6BBF53B9C93E58E86BBF29D5C63E3F
:109130005E836CBF15EFC33E1D1C6DBF1E07C13E95
:1091400093B26DBF4A1DBE3EBE466EBFA031BB3E50
:109150009ED86EBF2A44B83E30686FBFEC54B53E0F
:1091600073F56FBFEF63B23E668070BF3A71AF3E7A
:10917000080971BFD47CAC3E578F71BFC486A93E2D
:10918000521372BF128FA63EF89472BFC595A33ECC
:10919000471473BFE59AA03E3F9173BF789E9D3EF2
:1091A000DD0B74BF86A09A3E228474BF17A1973E40
:1091B0000BFA74BF31A0943E976D75BFDD9D913E53
:1091C000C6DE75BF229A8E3E974D76BF07958B3EC1
:1091D00007BA76BF938E883E172477BFCE86853E2A
:1091E000C58B77BFC07D823E10F177BFE1E67E3E42
:1091F000F85378BFCCCF783E7BB478BF51B6723E7F
:10920000981279BF7F9A6C3E4E6E79BF667C663E3F
:109210009DC779BF135C603E841E7ABF97395A3E62
:1092200002737ABF0115543E16C57ABF60EE4D3EFB
:10923000BE147BBFC2C5473EFC617BBF379B413E2E
:10924000CDAC7BBFCF6E3B3E31F57BBF9840353E0A
:10925000283B7CBFA2102F3EB07E7CBFFCDE283EA8
:10926000C9BF7CBFB6AB223E73FE7CBFDE761C3E20
:10927000AC3A7DBF8340163E74747DBFB708103E84
:10928000CCAB7DBF86CF093EB1E07DBF0295033EEA
:1092900024137EBF73B2FA3D23437EBF7638EE3D82
:1092A000B0707EBF2EBCE13DC99B7EBFB93DD53DB0
:1092B0006DC47EBF36BDC83D9DEA7EBFC33ABC3D8E
:1092C000580E7FBF80B6AF3D9D2F7FBF8C30A33D32
:1092D0006D4E7FBF05A9963DC76A7FBF0A208A3DB4
:1092E000AB847FBF742B7B3D189C7FBF6814623DAD
:1092F0000FB17FBF2FFB483D8FC37FBF07E02F3DDE
:1093000098D37FBF2CC3163D29E17FBFB949FB3CF1
:1093100043EC7FBFB00AC93CE6F47FBFB6C9963CB8
:1093200011FB7FBF900E493CC4FE7FBF890FC93B34
:10933000000080BF00000000C4FE7FBF890FC9BBD2
:1093400011FB7FBF900E49BCE6F47FBFB6C996BC47
:1093500043EC7FBFB00AC9BC29E17FBFB949FBBC60
:1093600098D37FBF2CC316BD8FC37FBF07E02FBD2F
:109370000FB17FBF2FFB48BD189C7FBF681462BD33
:10938000AB847FBF742B7BBDC76A7FBF0A208ABDB9
:109390006D4E7FBF05A996BD9D2F7FBF8C30A3BDAD
:1093A000580E7FBF80B6AFBD9DEA7EBFC33ABCBD3D
:1093B0006DC47EBF36BDC8BDC99B7EBFB93DD5BD9E
:1093C000B0707EBF2EBCE1BD23437EBF7638EEBDBC
:1093D00024137EBF73B2FABDB1E07DBF029503BE18
:1093E000CCAB7DBF86CF09BE74747DBFB70810BEFD
:1093F000AC3A7DBF834016BE73FE7CBFDE761CBEDA
:10940000C9BF7CBFB6AB22BEB07E7CBFFCDE28BE2F
:10941000283B7CBFA2102FBE31F57BBF984035BEE4
:10942000CDAC7BBFCF6E3BBEFC617BBF379B41BEEB
:10943000BE147BBFC2C547BE16C57ABF60EE4DBE27
:1094400002737ABF011554BE841E7ABF97395ABE83
:109450009DC779BF135C60BE4E6E79BF667C66BEE9
:10946000981279BF7F9A6CBE7BB478BF51B672BE3A
:10947000F85378BFCCCF78BE10F177BFE1E67EBE5F
:10948000C58B77BFC07D82BE172477BFCE8685BED1
:1094900007BA76BF938E88BE974D76BF07958BBE71
:1094A000C6DE75BF229A8EBE976D75BFDD9D91BEDB
:1094B0000BFA74BF31A094BE228474BF17A197BE6B
:1094C000DD0B74BF86A09ABE3F9173BF789E9DBE90
:1094D000471473BFE59AA0BEF89472BFC595A3BEAA
:1094E000521372BF128FA6BE578F71BFC486A9BE1A
:1094F000080971BFD47CACBE668070BF3A71AFBE44
:1095000073F56FBFEF63B2BE30686FBFEC54B5BE8A
:109510009ED86EBF2A44B8BEBE466EBFA031BBBE49
:1095200093B26DBF4A1DBEBE1D1C6DBF1E07C1BEDE
:109530005E836CBF15EFC3BE58E86BBF29D5C6BEAE
:109540000C4B6BBF53B9C9BE7BAB6ABF8B9BCCBE08
:10955000A7096ABFCA7BCFBE916569BF095AD2BE4F
:109560003CBF68BF4136D5BEA81668BF6B10D8BED9
:10957000D86B67BF80E8DABECCBE66BF79BEDDBE01
:10958000880F66BF4F92E0BE0B5E65BFFA63E3BE15
:1095900059AA64BF7533E6BE73F463BFB700E9BE72
:1095A0005A3C63BFBBCBEBBE108262BF7994EEBE68
:1095B00098C561BFEA5AF1BEF20661BF071FF4BE4B
:1095C000214660BFCBE0F6BE27835FBF2DA0F9BE6A
:1095D00005BE5EBF275DFCBEBEF65DBFB217FFBE17
:1095E000532D5DBFE4E700BFC7615CBFB14202BF5E
:1095F0001A945BBF3D9C03BF50C45ABF84F404BFA0
:109600006AF259BF824B06BF6A1E59BF36A107BF17
:10961000534858BF9BF508BF267057BFAD480ABFD7
:10962000E59556BF6B9A0BBF93B955BFD0EA0CBFF7
:1096300031DB54BFDA390EBFC3FA53BF84870FBF83
:10964000491853BFCDD310BFC63352BFB01E12BF8F
:109650003D4D51BF2A6813BFAF6450BF39B014BF2E
:109660001F7A4FBFD9F615BF908D4EBF073C17BF6D
:10967000029F4DBFC07F18BF79AE4CBF00C219BF5B
:10968000F8BB4BBFC6021BBF7FC74ABF0C421CBF03
:1096900012D149BFD17F1DBFB3D848BF12BC1EBF76
:1096A00065DE47BFCBF61FBF2AE246BFF92F21BFB9
:1096B00003E445BF996722BFF5E344BFA99D23BFDB
:1096C00000E243BF25D224BF29DE42BF0A0526BFE0
:1096D00070D841BF563627BFDAD040BF056628BFD5
:1096E00067C73FBF159429BF1BBC3EBF82C02ABFBE
:1096F000F9AE3DBF4AEB2BBF03A03CBF69142DBFA1
:109700003B8F3BBFDE3B2EBFA47C3ABFA5612FBF82
:10971000426839BFBB8530BF165238BF1DA831BF64
:10972000233A37BFC9C832BF6C2036BFBCE733BF4E
:10973000F30435BFF30435BFBCE733BF6C2036BF3D
:10974000C9C832BF233A37BF1DA831BF165238BF30
:10975000BB8530BF426839BFA5612FBFA47C3ABF2B
:10976000DE3B2EBF3B8F3BBF69142DBF03A03CBF28
:109770004AEB2BBFF9AE3DBF82C02ABF1BBC3EBF28
:10978000159429BF67C73FBF056628BFDAD040BF21
:10979000563627BF70D841BF0A0526BF29DE42BF13
:1097A00025D224BF00E243BFA99D23BFF5E344BFF8
:1097B000996722BF03E445BFF92F21BF2AE246BFC4
:1097C000CBF61FBF65DE47BF12BC1EBFB3D848BF74
:1097D000D17F1DBF12D149BF0C421CBF7FC74ABFFA
:1097E000C6021BBFF8BB4BBF00C219BF79AE4CBF4E
:1097F000C07F18BF029F4DBF073C17BF908D4EBF63
:10980000D9F615BF1F7A4FBF39B014BFAF6450BF30
:109810002A6813BF3D4D51BFB01E12BFC63352BFA1
:10982000CDD310BF491853BF84870FBFC3FA53BFAE
:10983000DA390EBF31DB54BFD0EA0CBF93B955BF44
:109840006B9A0BBFE59556BFAD480ABF267057BF50
:109850009BF508BF534858BF36A107BF6A1E59BFC2
:10986000824B06BF6AF259BF84F404BF50C45ABF8A
:109870003D9C03BF1A945BBFB14202BFC7615CBF8E
:10988000E4E700BF532D5DBFB217FFBEBEF65DBF5C
:10989000275DFCBE05BE5EBF2DA0F9BE27835FBF5E
:1098A000CBE0F6BE214660BF071FF4BEF20661BFE3
:1098B000EA5AF1BE98C561BF7994EEBE108262BFCC
:1098C000BBCBEBBE5A3C63BFB700E9BE73F463BFCA
:1098D0007533E6BE59AA64BFFA63E3BE0B5E65BF8B
:1098E0004F92E0BE880F66BF79BEDDBECCBE66BFBC
:1098F00080E8DABED86B67BF6B10D8BEA81668BF09
:109900004136D5BE3CBF68BF095AD2BE916569BF1A
:10991000CA7BCFBEA7096ABF8B9BCCBE7BAB6ABF9D
:1099200053B9C9BE0C4B6BBF29D5C6BE58E86BBF37
:1099300015EFC3BE5E836CBF1E07C1BE1D1C6DBF8D
:109940004A1DBEBE93B26DBFA031BBBEBE466EBF48
:109950002A44B8BE9ED86EBFEC54B5BE30686FBF07
:10996000EF63B2BE73F56FBF3A71AFBE668070BF72
:10997000D47CACBE080971BFC486A9BE578F71BF25
:10998000128FA6BE521372BFC595A3BEF89472BFC4
:10999000E59AA0BE471473BF789E9DBE3F9173BFEA
:1099A00086A09ABEDD0B74BF17A197BE228474BF38
:1099B00031A094BE0BFA74BFDD9D91BE976D75BF4B
:1099C000229A8EBEC6DE75BF07958BBE974D76BFB9
:1099D000938E88BE07BA76BFCE8685BE172477BF22
:1099E000C07D82BEC58B77BFE1E67EBE10F177BF3A
:1099F000CCCF78BEF85378BF51B672BE7BB478BF77
:109A00007F9A6CBE981279BF667C66BE4E6E79BF37
:109A1000135C60BE9DC779BF97395ABE841E7ABF5A
:109A2000011554BE02737ABF60EE4DBE16C57ABFF3
:109A3000C2C547BEBE147BBF379B41BEFC617BBF26
:109A4000CF6E3BBECDAC7BBF984035BE31F57BBF02
:109A5000A2102FBE283B7CBFFCDE28BEB07E7CBFA0
:109A6000B6AB22BEC9BF7CBFDE761CBE73FE7CBF18
:109A7000834016BEAC3A7DBFB70810BE74747DBF7C
:109A800086CF09BECCAB7DBF029503BEB1E07DBFE2
:109A900073B2FABD24137EBF7638EEBD23437EBF7A
:109AA0002EBCE1BDB0707EBFB93DD5BDC99B7EBFA8
:109AB00036BDC8BD6DC47EBFC33ABCBD9DEA7EBF86
:109AC00080B6AFBD580E7FBF8C30A3BD9D2F7FBF2A
:109AD00005A996BD6D4E7FBF0A208ABDC76A7FBFAC
:109AE000742B7BBDAB847FBF681462BD189C7FBFA5
:109AF0002FFB48BD0FB17FBF07E02FBD8FC37FBFD6
:109B00002CC316BD98D37FBFB949FBBC29E17FBFE9
:109B1000B00AC9BC43EC7FBFB6C996BCE6F47FBFB0
:109B2000900E49BC11FB7FBF890FC9BBC4FE7FBF2C
:109B300000000080000080BF890FC93BC4FE7FBFCA
:109B4000900E493C11FB7FBFB6C9963CE6F47FBF3F
:109B5000B00AC93C43EC7FBFB949FB3C29E17FBF58
:109B60002CC3163D98D37FBF07E02F3D8FC37FBF27
:109B70002FFB483D0FB17FBF6814623D189C7FBF2B
:109B8000742B7B3DAB847FBF0A208A3DC76A7FBFB1
:109B900005A9963D6D4E7FBF8C30A33D9D2F7FBFA5
:109BA00080B6AF3D580E7FBFC33ABC3D9DEA7EBF35
:109BB00036BDC83D6DC47EBFB93DD53DC99B7EBF96
:109BC0002EBCE13DB0707EBF7638EE3D23437EBFB4
:109BD00073B2FA3D24137EBF0295033EB1E07DBF10
:109BE00086CF093ECCAB7DBFB708103E74747DBFF5
:109BF0008340163EAC3A7DBFDE761C3E73FE7CBFD2
:109C0000B6AB223EC9BF7CBFFCDE283EB07E7CBF27
:109C1000A2102F3E283B7CBF9840353E31F57BBFDC
:109C2000CF6E3B3ECDAC7BBF379B413EFC617BBFE3
:109C3000C2C5473EBE147BBF60EE4D3E16C57ABF1F
:109C40000115543E02737ABF97395A3E841E7ABF7B
:109C5000135C603E9DC779BF667C663E4E6E79BFE1
:109C60007F9A6C3E981279BF51B6723E7BB478BF32
:109C7000CCCF783EF85378BFE1E67E3E10F177BF57
:109C8000C07D823EC58B77BFCE86853E172477BFC9
:109C9000938E883E07BA76BF07958B3E974D76BF69
:109CA000229A8E3EC6DE75BFDD9D913E976D75BFD3
:109CB00031A0943E0BFA74BF17A1973E228474BF63
:109CC00086A09A3EDD0B74BF789E9D3E3F9173BF88
:109CD000E59AA03E471473BFC595A33EF89472BFA2
:109CE000128FA63E521372BFC486A93E578F71BF12
:109CF000D47CAC3E080971BF3A71AF3E668070BF3C
:109D0000EF63B23E73F56FBFEC54B53E30686FBF82
:109D10002A44B83E9ED86EBFA031BB3EBE466EBF41
:109D20004A1DBE3E93B26DBF1E07C13E1D1C6DBFD6
:109D300015EFC33E5E836CBF29D5C63E58E86BBFA6
:109D400053B9C93E0C4B6BBF8B9BCC3E7BAB6ABF00
:109D5000CA7BCF3EA7096ABF095AD23E916569BF47
:109D60004136D53E3CBF68BF6B10D83EA81668BFD1
:109D700080E8DA3ED86B67BF79BEDD3ECCBE66BFF9
:109D80004F92E03E880F66BFFA63E33E0B5E65BF0D
:109D90007533E63E59AA64BFB700E93E73F463BF6A
:109DA000BBCBEB3E5A3C63BF7994EE3E108262BF60
:109DB000EA5AF13E98C561BF071FF43EF20661BF43
:109DC000CBE0F63E214660BF2DA0F93E27835FBF62
:109DD000275DFC3E05BE5EBFB217FF3EBEF65DBF0F
:109DE000E4E7003F532D5DBFB142023FC7615CBF56
:109DF0003D9C033F1A945BBF84F4043F50C45ABF98
:109E0000824B063F6AF259BF36A1073F6A1E59BF0F
:109E10009BF5083F534858BFAD480A3F267057BFCF
:109E20006B9A0B3FE59556BFD0EA0C3F93B955BFEF
:109E3000DA390E3F31DB54BF84870F3FC3FA53BF7B
:109E4000CDD3103F491853BFB01E123FC63352BF87
:109E50002A68133F3D4D51BF39B0143FAF6450BF26
:109E6000D9F6153F1F7A4FBF073C173F908D4EBF65
:109E7000C07F183F029F4DBF00C2193F79AE4CBF53
:109E8000C6021B3FF8BB4BBF0C421C3F7FC74ABFFB
:109E9000D17F1D3F12D149BF12BC1E3FB3D848BF6E
:109EA000CBF61F3F65DE47BFF92F213F2AE246BFB1
:109EB0009967223F03E445BFA99D233FF5E344BFD3
:109EC00025D2243F00E243BF0A05263F29DE42BFD8
:109ED0005636273F70D841BF0566283FDAD040BFCD
:109EE0001594293F67C73FBF82C02A3F1BBC3EBFB6
:109EF0004AEB2B3FF9AE3DBF69142D3F03A03CBF99
:109F0000DE3B2E3F3B8F3BBFA5612F3FA47C3ABF7A
:109F1000BB85303F426839BF1DA8313F165238BF5C
:109F2000C9C8323F233A37BFBCE7333F6C2036BF46
:109F3000F304353FF30435BF6C20363FBCE733BF35
:109F4000233A373FC9C832BF1652383F1DA831BF28
:109F50004268393FBB8530BFA47C3A3FA5612FBF23
:109F60003B8F3B3FDE3B2EBF03A03C3F69142DBF20
:109F7000F9AE3D3F4AEB2BBF1BBC3E3F82C02ABF20
:109F800067C73F3F159429BFDAD0403F056628BF19
:109F900070D8413F563627BF29DE423F0A0526BF0B
:109FA00000E2433F25D224BFF5E3443FA99D23BFF0
:109FB00003E4453F996722BF2AE2463FF92F21BFBC
:109FC00065DE473FCBF61FBFB3D8483F12BC1EBF6C
:109FD00012D1493FD17F1DBF7FC74A3F0C421CBFF2
:109FE000F8BB4B3FC6021BBF79AE4C3F00C219BF46
:109FF000029F4D3FC07F18BF908D4E3F073C17BF5B
:10A000001F7A4F3FD9F615BFAF64503F39B014BF28
:10A010003D4D513F2A6813BFC633523FB01E12BF99
:10A020004918533FCDD310BFC3FA533F84870FBFA6
:10A0300031DB543FDA390EBF93B9553FD0EA0CBF3C
:10A04000E595563F6B9A0BBF2670573FAD480ABF48
:10A050005348583F9BF508BF6A1E593F36A107BFBA
:10A060006AF2593F824B06BF50C45A3F84F404BF82
:10A070001A945B3F3D9C03BFC7615C3FB14202BF86
:10A08000532D5D3FE4E700BFBEF65D3FB217FFBE54
:10A0900005BE5E3F275DFCBE27835F3F2DA0F9BE56
:10A0A0002146603FCBE0F6BEF206613F071FF4BEDB
:10A0B00098C5613FEA5AF1BE1082623F7994EEBEC4
:10A0C0005A3C633FBBCBEBBE73F4633FB700E9BEC2
:10A0D00059AA643F7533E6BE0B5E653FFA63E3BE83
:10A0E000880F663F4F92E0BECCBE663F79BEDDBEB4
:10A0F000D86B673F80E8DABEA816683F6B10D8BE01
:10A100003CBF683F4136D5BE9165693F095AD2BE12
:10A11000A7096A3FCA7BCFBE7BAB6A3F8B9BCCBE95
:10A120000C4B6B3F53B9C9BE58E86B3F29D5C6BE2F
:10A130005E836C3F15EFC3BE1D1C6D3F1E07C1BE85
:10A1400093B26D3F4A1DBEBEBE466E3FA031BBBE40
:10A150009ED86E3F2A44B8BE30686F3FEC54B5BEFF
:10A1600073F56F3FEF63B2BE6680703F3A71AFBE6A
:10A170000809713FD47CACBE578F713FC486A9BE1D
:10A180005213723F128FA6BEF894723FC595A3BEBC
:10A190004714733FE59AA0BE3F91733F789E9DBEE2
:10A1A000DD0B743F86A09ABE2284743F17A197BE30
:10A1B0000BFA743F31A094BE976D753FDD9D91BE43
:10A1C000C6DE753F229A8EBE974D763F07958BBEB1
:10A1D00007BA763F938E88BE1724773FCE8685BE1A
:10A1E000C58B773FC07D82BE10F1773FE1E67EBE32
:10A1F000F853783FCCCF78BE7BB4783F51B672BE6F
:10A200009812793F7F9A6CBE4E6E793F667C66BE2F
:10A210009DC7793F135C60BE841E7A3F97395ABE52
:10A2200002737A3F011554BE16C57A3F60EE4DBEEB
:10A23000BE147B3FC2C547BEFC617B3F379B41BE1E
:10A24000CDAC7B3FCF6E3BBE31F57B3F984035BEFA
:10A25000283B7C3FA2102FBEB07E7C3FFCDE28BE98
:10A26000C9BF7C3FB6AB22BE73FE7C3FDE761CBE10
:10A27000AC3A7D3F834016BE74747D3FB70810BE74
:10A28000CCAB7D3F86CF09BEB1E07D3F029503BEDA
:10A2900024137E3F73B2FABD23437E3F7638EEBD72
:10A2A000B0707E3F2EBCE1BDC99B7E3FB93DD5BDA0
:10A2B0006DC47E3F36BDC8BD9DEA7E3FC33ABCBD7E
:10A2C000580E7F3F80B6AFBD9D2F7F3F8C30A3BD22
:10A2D0006D4E7F3F05A996BDC76A7F3F0A208ABDA4
:10A2E000AB847F3F742B7BBD189C7F3F681462BD9D
:10A2F0000FB17F3F2FFB48BD8FC37F3F07E02FBDCE
:10A3000098D37F3F2CC316BD29E17F3FB949FBBCE1
:10A3100043EC7F3FB00AC9BCE6F47F3FB6C996BCA8
:10A3200011FB7F3F900E49BCC4FE7F3F890FC9BB24
:10A330000000803F00000000BE147B3FC2C5473EC6
:10A340005E836C3F15EFC33E31DB543FDA390E3F7D
:10A35000F304353FF304353FDA390E3F31DB543F28
:10A3600015EFC33E5E836C3FC2C5473EBE147B3FC4
:10A37000000000000000803FC2C547BEBE147B3F06
:10A3800015EFC3BE5E836C3FDA390EBF31DB543F3D
:10A39000F30435BFF304353F31DB54BFDA390E3FE8
:10A3A0005E836CBF15EFC33EBE147BBFC2C5473E84
:10A3B000000080BF00000000BE147BBFC2C547BEC6
:10A3C0005E836CBF15EFC3BE31DB54BFDA390EBFFD
:10A3D000F30435BFF30435BFDA390EBF31DB54BFA8
:10A3E00015EFC3BE5E836CBFC2C547BEBE147BBF44
:10A3F00000000080000080BFC2C5473EBE147BBF86
:10A4000015EFC33E5E836CBFDA390E3F31DB54BFBC
:10A41000F304353FF30435BF31DB543FDA390EBF67
:10A420005E836C3F15EFC3BEBE147B3FC2C547BE03
:10A4300008000010100000021800001220000004A4
:10A440002800001430000006380000164000000804
:10A45000480000185000000A5800001A6000000C64
:10A460006800001C7000000E7800001E80000008CC
:10A47000880040109000400298004012A000400464
:10A48000A8004014B0004006B8004016C0004008C4
:10A49000C8004018D000400AD800401AE000400C24
:10A4A000E800401CF000400EF800401E00010008CB
:10A4B0000801801010018002180180122001800420
:10A4C0002801801430018006380180164001800880
:10A4D000480180185001800A5801801A6001800CE0
:10A4E0006801801C7001800E7801801E8001400888
:10A4F0008801C0109001C0029801C012A001C004E0
:10A50000A801C014B001C006B801C016C001C0083F
:10A51000C801C018D001C00AD801C01AE001C00C9F
:10A52000E801C01CF001C00EF801C01E00020008C6
:10A530000802001110020003180200132002000597
:10A5400028020015300200073802001740020009F7
:10A55000480200195002000B5802001B6002000D57
:10A560006802001D7002000F7802001F8002800840
:10A57000880240119002400398024013A002400557
:10A58000A8024015B0024007B8024017C0024009B7
:10A59000C8024019D002400BD802401BE002400D17
:10A5A000E802401DF002400FF802401F000340087F
:10A5B0000803801110038003180380132003800513
:10A5C0002803801530038007380380174003800973
:10A5D000480380195003800B5803801B6003800DD3
:10A5E0006803801D7003800F7803801F8003C008FC
:10A5F0008803C0119003C0039803C013A003C005D3
:10A60000A803C015B003C007B803C017C003C00932
:10A61000C803C019D003C00BD803C01BE003C00D92
:10A62000E803C01DF003C00FF803C01F00040010B2
:10A63000080408101004001118040812200408105F
:10A6400028040814300408063804081640040808D2
:10A65000480408185004080A5804081A6004080C32
:10A660006804081C7004080E7804081E8004001892
:10A67000880448109004001998044812A00408188F
:10A68000A8044814B0044806B8044816C004480892
:10A69000C8044818D004480AD804481AE004480CF2
:10A6A000E804481CF004480EF804481E0005401059
:10A6B000080588101005401118058812200548105B
:10A6C000280588143005880638058816400588084E
:10A6D000480588185005880A5805881A6005880CAE
:10A6E0006805881C7005880E7805881E800540184E
:10A6F0008805C810900540199805C812A00548188B
:10A70000A805C814B005C806B805C816C005C8080D
:10A71000C805C818D005C80AD805C81AE005C80C6D
:10A72000E805C81CF005C80EF805C81E0006801014
:10A730000806081110068011180608132006881054
:10A7400028060815300608073806081740060809C5
:10A75000480608195006080B5806081B6006080D25
:10A760006806081D7006080F7806081F8006801806
:10A77000880648119006801998064813A006881884
:10A78000A8064815B0064807B8064817C006480985
:10A79000C8064819D006480BD806481BE006480DE5
:10A7A000E806481DF006480FF806481F0007C010CD
:10A7B000080788111007C011180788132007C81050
:10A7C0002807881530078807380788174007880941
:10A7D000480788195007880B5807881B6007880DA1
:10A7E0006807881D7007880F7807881F8007C018C2
:10A7F0008807C8119007C0199807C813A007C81880
:10A80000A807C815B007C807B807C817C007C80900
:10A81000C807C819D007C80BD807C81BE007C80D60
:10A82000E807C81DF007C80FF807C81F0808101070
:10A8300010084008180810122008001128081014E9
:10A840003008801138081016480810185008100AEF
:10A850005808101A6008100C6808101C7008100EB8
:10A860007808101E8008000A880850109008000B15
:10A8700098085012A008080AA8085014B008080B3D
:10A88000B8085016C008100AC8085018D008500A56
:10A89000D808501AE008500CE808501CF008500E78
:10A8A000F808501E08099010100980091809901224
:10A8B00020090019280990143009801938099016C8
:10A8C0004009000B480990185009900A5809901A3D
:10A8D0006009900C6809901C7009900E7809901E10
:10A8E0008009400A8809D0109009400B9809D012BD
:10A8F000A009480AA809D014B009480BB809D01615
:10A90000C009500AC809D018D009D00AD809D01AED
:10A91000E009D00CE809D01CF009D00EF809D01ECF
:10A92000080A1011180A1013200A4011280A1015DD
:10A93000300AC011380A1017480A1019500A100BB3
:10A94000580A101B600A100D680A101D700A100FBB
:10A95000780A101F880A5011900A800B980A501329
:10A96000A00A5011A80A5015B00A880BB80A50174F
:10A97000C00A800BC80A5019D00A500BD80A501BC5
:10A98000E00A500DE80A501DF00A500FF80A501F57
:10A99000080B9011180B9013200B4019280B9015E1
:10A9A000300BC019380B9017480B9019500B900BB7
:10A9B000580B901B600B900D680B901D700B900F47
:10A9C000780B901F880BD011900BC00B980BD013F5
:10A9D000A00B5019A80BD015B00BC80BB80BD01793
:10A9E000C80BD019D80BD01BE00BD00DE80BD01D35
:10A9F000F00BD00FF80BD01F000C0012080C181031
:10AA0000100C0013180C1812200C0812280C181423
:10AA1000300C0813380C1816400C1012480C18187B
:10AA2000500C1013580C181A600C1812680C181CD3
:10AA3000700C180E780C181E800C001A880C581018
:10AA4000900C001B980C5812A00C081AA80C581453
:10AA5000B00C081BB80C5816C00C101AC80C5818AB
:10AA6000D00C101BD80C581AE00C181AE80C581C03
:10AA7000F00C580EF80C581E000D4012080D9810DE
:10AA8000100D4013180D9812200D4812280D98141F
:10AA9000300D4813380D9816400D5012480D981877
:10AAA000500D5013580D981A600D5812680D981CCF
:10AAB000700D980E780D981E800D401A880DD810D4
:10AAC000900D401B980DD812A00D481AA80DD8144F
:10AAD000B00D481BB80DD816C00D501AC80DD818A7
:10AAE000D00D501BD80DD81AE00D581AE80DD81CFF
:10AAF000F00DD80EF80DD81E000E8012080E181199
:10AB0000100E8013180E1813200E8812280E181518
:10AB1000300E8813380E1817400E9012480E181970
:10AB2000500E9013580E181B600E9812680E181DC8
:10AB3000700E180F780E181F800E801A880E58118C
:10AB4000900E801B980E5813A00E881AA80E581548
:10AB5000B00E881BB80E5817C00E901AC80E5819A0
:10AB6000D00E901BD80E581BE00E981AE80E581DF8
:10AB7000F00E580FF80E581F000FC012080F981152
:10AB8000100FC013180F9813200FC812280F981514
:10AB9000300FC813380F9817400FD012480F98196C
:10ABA000500FD013580F981B600FD812680F981DC4
:10ABB000700F980F780F981F800FC01A880FD81148
:10ABC000900FC01B980FD813A00FC81AA80FD81544
:10ABD000B00FC81BB80FD817C00FD01AC80FD8199C
:10ABE000D00FD01BD80FD81BE00FD81AE80FD81DF4
:10ABF000F00FD81BF80FD81F0810201010104010AD
:10AC00001810201228102014301088103810201628
:10AC10004010001148102018501040115810201AF0
:10AC2000601008126810201C701088127810201E06
:10AC300080100012881008129010401298106012B4
:10AC4000A0102012A8106014B0106012B810601686
:10AC5000C0100013C8106018D0104013D810601A2C
:10AC6000E0101812E810601CF0109812F810601E26
:10AC700008112012101140111811A01220110818EB
:10AC80002811A014301188183811A0164811A018E6
:10AC90005811A01A6011081A6811A01C7011881AA6
:10ACA0007811A01E801110128811181290115012E4
:10ACB0009811E012A0111818A811E014B0119818FA
:10ACC000B811E016C0111013C811E018D0115013BC
:10ACD000D811E01AE011181AE811E01CF011981AC6
:10ACE000F811E01E0012001808120818101240187F
:10ACF0001812201320122018281220153012601864
:10AD00003812201740120019481220195012401909
:10AD10005812201B601220196812201D7012C812D0
:10AD20007812201F8012001A8812081A9012401AF6
:10AD300098126013A012201AA8126015B012601A9F
:10AD4000B8126017C012001BC8126019D012401B45
:10AD5000D812601BE012201BE812601DF012601B6D
:10AD6000F812601F00131018081318181013501849
:10AD70001813A013201348182813A0153013C8184F
:10AD80003813A017401310194813A0195013501965
:10AD90005813A01B6013481A6813A01D7013C81A1B
:10ADA0007813A01F8013101A8813181A9013501AC2
:10ADB0009813E013A0135818A813E015B013D8186F
:10ADC000B813E017C013101BC813E019D013501BA1
:10ADD000D813E01BE013581AE813E01DF013D81A3B
:10ADE000F813E01F0814201410140015181420156F
:10ADF0003014081538142816401400154814281863
:10AE0000501410155814281A601420156814281CA2
:10AE1000701418157814281E8014001C8814201C27
:10AE20009014001D9814201DA014081CA814281CA0
:10AE3000B014081DB8146816C014101CC814681883
:10AE4000D014101DD814681AE014181CE814681CDB
:10AE5000F014181DF814681E08152015101540155B
:10AE600018156015201528182815281C30154815A8
:10AE70003815A8164815A8185815A81A6015281AC4
:10AE80006815A81C7015A81A7815A81E8015401CF6
:10AE90008815601C9015401D9815601DA015481C54
:10AEA000A815681CB015481DB815E816C015501C2B
:10AEB000C815E818D015501DD815E81AE015581C0B
:10AEC000E815E81CF015581DF815E81E0016001CC2
:10AED0000816081C1016401C1816481C2016201CAA
:10AEE0002816281C3016601C381628174016001D1E
:10AEF000481628195016401D5816281B6016201D8C
:10AF00006816281D7016601D7816281F8016801C74
:10AF10008816A01C9016801D9816A01DA016881CCF
:10AF2000A816A81CB016881DB8166817C016901C65
:10AF3000C8166819D016901DD816681BE016981C04
:10AF4000E816681DF016981DF816681F0017101CEB
:10AF50000817181C1017501C1817581C20176818B1
:10AF60002817681C3017E8183817A8174017101D45
:10AF70004817A8195017501D5817A81B6017681AB2
:10AF80006817A81D7017E81A7817A81F8017C01C2B
:10AF90008817E01C9017C01D9817E01DA017C81C4B
:10AFA000A817E81CB017C81DB817E817C017D01CA1
:10AFB000C817E819D017D01DD817E81BE017D81C00
:10AFC000E817E81DF017D81DF817E81F18186018C3
:10AFD000301848183818601C5818301A6818301C77
:10AFE0007018181A7818301E8018001A8818081A55
:10AFF0009018001B98186019A018201AA818281A71
:10B00000B018201BB818601DC018101AC818181ADC
:10B01000D018101BD818701AE018301AE818701CD5
:10B02000F018581AF818701E081920191819601A03
:10B030002819081D301988193819881D4819201B2E
:10B040005819B01A6019081B6819B01C7019881BB0
:10B050007819B01E8019401A8819481A9019401B97
:10B060009819601BA019601AA819181DB019601B47
:10B07000B819981DC019501AC819581AD019501B60
:10B08000D819F01AE019181BE819F01CF019981BD0
:10B09000F819F01E381A701C581A301B681A301D27
:10B0A000701A181B781A301F901AC01A981AC81AEA
:10B0B000B01AE01AB81AE81AC01A801BC81A881BFE
:10B0C000D01AC01BD81A701BE01AA01BE81A701DFA
:10B0D000F01AE01BF81A701F281B481D381BC81DEA
:10B0E000481B601B581BB01B681BB01D701BC81B86
:10B0F000781BB01F901BC01B981BC81BA81B581D9A
:10B10000B01BE01BB81BD81DD81BF01BE81BF01DA3
:10B11000F81BF01F081C201C181C301C381C681C55
:10B12000481C601C581C701C781C381E801C001E9B
:10B13000881C201E901C001F981C201FA01C081E8D
:10B14000A81C281EB01C081FB81C281FC01C101EDD
:10B15000C81C301ED01C101FD81C301FE01C181E2D
:10B16000E81C381EF01C181FF81C781E081D201D36
:10B17000181D301D381DA81D481D601D581D701D4F
:10B18000681D281F781DB81E801D401E881D601E6A
:10B19000901D401F981D601FA01D481EA81D681E01
:10B1A000B01D481FB81D681FC01D501EC81D701E51
:10B1B000D01D501FD81D701FE01D581EE81D781EA1
:10B1C000F01D581FF81DF81E081E201E181E301EE8
:10B1D000481E601E581E701E781E381F881EA01E36
:10B1E000901E801F981EA01FB01E881FB81EA81F8B
:10B1F000C01E801FC81E881FD01E901FD81EB01FE3
:10B20000E01EA01FE81EA81FF01E981FF81E781F42
:10B21000081F201F181F301F481F601F581F701F56
:10B22000781FB81F881FA01F901FC01F981FE01F06
:10B23000B01FC81FB81FE81FC81FE01FD81FF01F8E
:10B24000080040001800480010004000280050008E
:10B2500020004000380058003000480058006800C6
:10B260004800600068007000000000000000803F9F
:10B27000C2C5473EBE147B3F15EFC33E5E836C3FA5
:10B28000DA390E3F31DB543FF304353FF304353FE9
:10B2900031DB543FDA390E3F5E836C3F15EFC33E1E
:10B2A000BE147B3FC2C5473E0000803F0000000047
:10B2B000BE147B3FC2C547BE5E836C3F15EFC3BE65
:10B2C00031DB543FDA390EBFF304353FF30435BFA9
:10B2D000DA390E3F31DB54BF15EFC33E5E836CBFDE
:10B2E000C2C5473EBE147BBF08004000100080006E
:10B2F0001800C000200040002800480030008800EE
:10B300003800C80040008000480050005800D000BD
:10B31000500090006000C0006800D00070009800ED
:10B320007800D8008800C0009000A000A800D000DD
:10B330009800E000B000D000B800E800D800F000AD
:10B34000C800E000E800F0000000803F00000000BE
:10B350000FB17F3F2FFB483D6DC47E3F36BDC83DDA
:10B36000AC3A7D3F8340163EBE147B3FC2C5473E8C
:10B37000F853783FCCCF783E0BFA743F31A0943E1F
:10B380000809713FD47CAC3E5E836C3F15EFC33E31
:10B39000D86B673F80E8DA3E98C5613FEA5AF13ED4
:10B3A0001A945B3F3D9C033F31DB543FDA390E3F3B
:10B3B000029F4D3FC07F183F03E4453F9967223FFE
:10B3C000F9AE3D3F4AEB2B3FF304353FF304353FE5
:10B3D0004AEB2B3FF9AE3D3F9967223F03E4453FDF
:10B3E000C07F183F029F4D3FDA390E3F31DB543F9B
:10B3F0003D9C033F1A945B3FEA5AF13E98C5613F7A
:10B4000080E8DA3ED86B673F15EFC33E5E836C3F42
:10B41000D47CAC3E0809713F31A0943E0BFA743FD6
:10B42000CCCF783EF853783FC2C5473EBE147B3F31
:10B430008340163EAC3A7D3F36BDC83D6DC47E3F6D
:10B440002FFB483D0FB17F3F000000000000803F10
:10B450002FFB48BD0FB17F3F36BDC8BD6DC47E3FD9
:10B46000834016BEAC3A7D3FC2C547BEBE147B3F8B
:10B47000CCCF78BEF853783F31A094BE0BFA743F1E
:10B48000D47CACBE0809713F15EFC3BE5E836C3F30
:10B4900080E8DABED86B673FEA5AF1BE98C5613FD3
:10B4A0003D9C03BF1A945B3FDA390EBF31DB543F3A
:10B4B000C07F18BF029F4D3F996722BF03E4453FFD
:10B4C0004AEB2BBFF9AE3D3FF30435BFF304353FE4
:10B4D000F9AE3DBF4AEB2B3F03E445BF9967223FDE
:10B4E000029F4DBFC07F183F31DB54BFDA390E3F9A
:10B4F0001A945BBF3D9C033F98C561BFEA5AF13E79
:10B50000D86B67BF80E8DA3E5E836CBF15EFC33E41
:10B51000080971BFD47CAC3E0BFA74BF31A0943ED5
:10B52000F85378BFCCCF783EBE147BBFC2C5473E30
:10B53000AC3A7DBF8340163E6DC47EBF36BDC83D6C
:10B540000FB17FBF2FFB483D000080BF000000000F
:10B550000FB17FBF2FFB48BD6DC47EBF36BDC8BDD8
:10B56000AC3A7DBF834016BEBE147BBFC2C547BE8A
:10B57000F85378BFCCCF78BE0BFA74BF31A094BE1D
:10B58000080971BFD47CACBE5E836CBF15EFC3BE2F
:10B59000D86B67BF80E8DABE98C561BFEA5AF1BED2
:10B5A0001A945BBF3D9C03BF31DB54BFDA390EBF39
:10B5B000029F4DBFC07F18BF03E445BF996722BFFC
:10B5C000F9AE3DBF4AEB2BBFF30435BFF30435BFE3
:10B5D0004AEB2BBFF9AE3DBF996722BF03E445BFDD
:10B5E000C07F18BF029F4DBFDA390EBF31DB54BF99
:10B5F0003D9C03BF1A945BBFEA5AF1BE98C561BF78
:10B6000080E8DABED86B67BF15EFC3BE5E836CBF40
:10B61000D47CACBE080971BF31A094BE0BFA74BFD4
:10B62000CCCF78BEF85378BFC2C547BEBE147BBF2F
:10B63000834016BEAC3A7DBF36BDC8BD6DC47EBF6B
:10B640002FFB48BD0FB17FBF00000080000080BF0E
:10B650002FFB483D0FB17FBF36BDC83D6DC47EBFD7
:10B660008340163EAC3A7DBFC2C5473EBE147BBF89
:10B67000CCCF783EF85378BF31A0943E0BFA74BF1C
:10B68000D47CAC3E080971BF15EFC33E5E836CBF2E
:10B6900080E8DA3ED86B67BFEA5AF13E98C561BFD1
:10B6A0003D9C033F1A945BBFDA390E3F31DB54BF38
:10B6B000C07F183F029F4DBF9967223F03E445BFFB
:10B6C0004AEB2B3FF9AE3DBFF304353FF30435BFE2
:10B6D000F9AE3D3F4AEB2BBF03E4453F996722BFDC
:10B6E000029F4D3FC07F18BF31DB543FDA390EBF98
:10B6F0001A945B3F3D9C03BF98C5613FEA5AF1BE77
:10B70000D86B673F80E8DABE5E836C3F15EFC3BE3F
:10B710000809713FD47CACBE0BFA743F31A094BED3
:10B72000F853783FCCCF78BEBE147B3FC2C547BE2E
:10B73000AC3A7D3F834016BE6DC47E3F36BDC8BD6A
:10B740000FB17F3F2FFB48BD0000803F000000008D
:10B7500011FB7F3F900E493C43EC7F3FB00AC93C50
:10B7600098D37F3F2CC3163D0FB17F3F2FFB483D41
:10B77000AB847F3F742B7B3D6D4E7F3F05A9963D8B
:10B78000580E7F3F80B6AF3D6DC47E3F36BDC83D8D
:10B79000B0707E3F2EBCE13D24137E3F73B2FA3D74
:10B7A000CCAB7D3F86CF093EAC3A7D3F8340163E11
:10B7B000C9BF7C3FB6AB223E283B7C3FA2102F3E48
:10B7C000CDAC7B3FCF6E3B3EBE147B3FC2C5473EF8
:10B7D00002737A3F0115543E9DC7793F135C603E6A
:10B7E0009812793F7F9A6C3EF853783FCCCF783EE1
:10B7F000C58B773FC07D823E07BA763F938E883EE9
:10B80000C6DE753F229A8E3E0BFA743F31A0943EFD
:10B81000DD0B743F86A09A3E4714733FE59AA03E25
:10B820005213723F128FA63E0809713FD47CAC3E82
:10B8300073F56F3FEF63B23E9ED86E3F2A44B83E29
:10B8400093B26D3F4A1DBE3E5E836C3F15EFC33E13
:10B850000C4B6B3F53B9C93EA7096A3FCA7BCF3E29
:10B860003CBF683F4136D53ED86B673F80E8DA3E43
:10B87000880F663F4F92E03E59AA643F7533E63E1B
:10B880005A3C633FBBCBEB3E98C5613FEA5AF13E61
:10B890002146603FCBE0F63E05BE5E3F275DFC3EA5
:10B8A000532D5D3FE4E7003F1A945B3F3D9C033F0F
:10B8B0006AF2593F824B063F5348583F9BF5083F79
:10B8C000E595563F6B9A0B3F31DB543FDA390E3F1B
:10B8D0004918533FCDD3103F3D4D513F2A68133F88
:10B8E0001F7A4F3FD9F6153F029F4D3FC07F183F4B
:10B8F000F8BB4B3FC6021B3F12D1493FD17F1D3FD2
:10B9000065DE473FCBF61F3F03E4453F9967223F83
:10B9100000E2433F25D2243F70D8413F5636273FAF
:10B9200067C73F3F1594293FF9AE3D3F4AEB2B3F98
:10B930003B8F3B3FDE3B2E3F4268393FBB85303F6C
:10B94000233A373FC9C8323FF304353FF304353F4C
:10B95000C9C8323F233A373FBB85303F4268393F41
:10B96000DE3B2E3F3B8F3B3F4AEB2B3FF9AE3D3F4B
:10B970001594293F67C73F3F5636273F70D8413F50
:10B9800025D2243F00E2433F9967223F03E4453F2D
:10B99000CBF61F3F65DE473FD17F1D3F12D1493FA8
:10B9A000C6021B3FF8BB4B3FC07F183F029F4D3F75
:10B9B000D9F6153F1F7A4F3F2A68133F3D4D513F3F
:10B9C000CDD3103F4918533FDA390E3F31DB543F96
:10B9D0006B9A0B3FE595563F9BF5083F5348583F00
:10B9E000824B063F6AF2593F3D9C033F1A945B3FEE
:10B9F000E4E7003F532D5D3F275DFC3E05BE5E3F03
:10BA0000CBE0F63E2146603FEA5AF13E98C5613FE1
:10BA1000BBCBEB3E5A3C633F7533E63E59AA643FCD
:10BA20004F92E03E880F663F80E8DA3ED86B673F72
:10BA30004136D53E3CBF683FCA7BCF3EA7096A3F2F
:10BA400053B9C93E0C4B6B3F15EFC33E5E836C3F51
:10BA50004A1DBE3E93B26D3F2A44B83E9ED86E3F0B
:10BA6000EF63B23E73F56F3FD47CAC3E0809713F83
:10BA7000128FA63E5213723FE59AA03E4714733FC1
:10BA800086A09A3EDD0B743F31A0943E0BFA743FC2
:10BA9000229A8E3EC6DE753F938E883E07BA763F69
:10BAA000C07D823EC58B773FCCCF783EF853783F40
:10BAB0007F9A6C3E9812793F135C603E9DC7793F38
:10BAC0000115543E02737A3FC2C5473EBE147B3F08
:10BAD000CF6E3B3ECDAC7B3FA2102F3E283B7C3F40
:10BAE000B6AB223EC9BF7C3F8340163EAC3A7D3F99
:10BAF00086CF093ECCAB7D3F73B2FA3D24137E3F27
:10BB00002EBCE13DB0707E3F36BDC83D6DC47E3F6A
:10BB100080B6AF3D580E7F3F05A9963D6D4E7F3FE5
:10BB2000742B7B3DAB847F3F2FFB483D0FB17F3FA4
:10BB30002CC3163D98D37F3FB00AC93C43EC7F3FEE
:10BB4000900E493C11FB7F3F000000000000803F49
:10BB5000900E49BC11FB7F3FB00AC9BC43EC7F3F4C
:10BB60002CC316BD98D37F3F2FFB48BD0FB17F3F3D
:10BB7000742B7BBDAB847F3F05A996BD6D4E7F3F87
:10BB800080B6AFBD580E7F3F36BDC8BD6DC47E3F89
:10BB90002EBCE1BDB0707E3F73B2FABD24137E3F70
:10BBA00086CF09BECCAB7D3F834016BEAC3A7D3F0D
:10BBB000B6AB22BEC9BF7C3FA2102FBE283B7C3F44
:10BBC000CF6E3BBECDAC7B3FC2C547BEBE147B3FF4
:10BBD000011554BE02737A3F135C60BE9DC7793F66
:10BBE0007F9A6CBE9812793FCCCF78BEF853783FDD
:10BBF000C07D82BEC58B773F938E88BE07BA763FE5
:10BC0000229A8EBEC6DE753F31A094BE0BFA743FF9
:10BC100086A09ABEDD0B743FE59AA0BE4714733F21
:10BC2000128FA6BE5213723FD47CACBE0809713F7E
:10BC3000EF63B2BE73F56F3F2A44B8BE9ED86E3F25
:10BC40004A1DBEBE93B26D3F15EFC3BE5E836C3F0F
:10BC500053B9C9BE0C4B6B3FCA7BCFBEA7096A3F25
:10BC60004136D5BE3CBF683F80E8DABED86B673F3F
:10BC70004F92E0BE880F663F7533E6BE59AA643F17
:10BC8000BBCBEBBE5A3C633FEA5AF1BE98C5613F5D
:10BC9000CBE0F6BE2146603F275DFCBE05BE5E3FA1
:10BCA000E4E700BF532D5D3F3D9C03BF1A945B3F0B
:10BCB000824B06BF6AF2593F9BF508BF5348583F75
:10BCC0006B9A0BBFE595563FDA390EBF31DB543F17
:10BCD000CDD310BF4918533F2A6813BF3D4D513F84
:10BCE000D9F615BF1F7A4F3FC07F18BF029F4D3F47
:10BCF000C6021BBFF8BB4B3FD17F1DBF12D1493FCE
:10BD0000CBF61FBF65DE473F996722BF03E4453F7F
:10BD100025D224BF00E2433F563627BF70D8413FAB
:10BD2000159429BF67C73F3F4AEB2BBFF9AE3D3F94
:10BD3000DE3B2EBF3B8F3B3FBB8530BF4268393F68
:10BD4000C9C832BF233A373FF30435BFF304353F48
:10BD5000233A37BFC9C8323F426839BFBB85303F3D
:10BD60003B8F3BBFDE3B2E3FF9AE3DBF4AEB2B3F47
:10BD700067C73FBF1594293F70D841BF5636273F4C
:10BD800000E243BF25D2243F03E445BF9967223F29
:10BD900065DE47BFCBF61F3F12D149BFD17F1D3FA4
:10BDA000F8BB4BBFC6021B3F029F4DBFC07F183F71
:10BDB0001F7A4FBFD9F6153F3D4D51BF2A68133F3B
:10BDC000491853BFCDD3103F31DB54BFDA390E3F92
:10BDD000E59556BF6B9A0B3F534858BF9BF5083FFC
:10BDE0006AF259BF824B063F1A945BBF3D9C033FEA
:10BDF000532D5DBFE4E7003F05BE5EBF275DFC3EFF
:10BE0000214660BFCBE0F63E98C561BFEA5AF13EDD
:10BE10005A3C63BFBBCBEB3E59AA64BF7533E63EC9
:10BE2000880F66BF4F92E03ED86B67BF80E8DA3E6E
:10BE30003CBF68BF4136D53EA7096ABFCA7BCF3E2B
:10BE40000C4B6BBF53B9C93E5E836CBF15EFC33E4D
:10BE500093B26DBF4A1DBE3E9ED86EBF2A44B83E07
:10BE600073F56FBFEF63B23E080971BFD47CAC3E7F
:10BE7000521372BF128FA63E471473BFE59AA03EBD
:10BE8000DD0B74BF86A09A3E0BFA74BF31A0943EBE
:10BE9000C6DE75BF229A8E3E07BA76BF938E883E65
:10BEA000C58B77BFC07D823EF85378BFCCCF783E3C
:10BEB000981279BF7F9A6C3E9DC779BF135C603E34
:10BEC00002737ABF0115543EBE147BBFC2C5473E04
:10BED000CDAC7BBFCF6E3B3E283B7CBFA2102F3E3C
:10BEE000C9BF7CBFB6AB223EAC3A7DBF8340163E95
:10BEF000CCAB7DBF86CF093E24137EBF73B2FA3D23
:10BF0000B0707EBF2EBCE13D6DC47EBF36BDC83D66
:10BF1000580E7FBF80B6AF3D6D4E7FBF05A9963DE1
:10BF2000AB847FBF742B7B3D0FB17FBF2FFB483DA0
:10BF300098D37FBF2CC3163D43EC7FBFB00AC93CEA
:10BF400011FB7FBF900E493C000080BF0000000045
:10BF500011FB7FBF900E49BC43EC7FBFB00AC9BC48
:10BF600098D37FBF2CC316BD0FB17FBF2FFB48BD39
:10BF7000AB847FBF742B7BBD6D4E7FBF05A996BD83
:10BF8000580E7FBF80B6AFBD6DC47EBF36BDC8BD85
:10BF9000B0707EBF2EBCE1BD24137EBF73B2FABD6C
:10BFA000CCAB7DBF86CF09BEAC3A7DBF834016BE09
:10BFB000C9BF7CBFB6AB22BE283B7CBFA2102FBE40
:10BFC000CDAC7BBFCF6E3BBEBE147BBFC2C547BEF0
:10BFD00002737ABF011554BE9DC779BF135C60BE62
:10BFE000981279BF7F9A6CBEF85378BFCCCF78BED9
:10BFF000C58B77BFC07D82BE07BA76BF938E88BEE1
:10C00000C6DE75BF229A8EBE0BFA74BF31A094BEF5
:10C01000DD0B74BF86A09ABE471473BFE59AA0BE1D
:10C02000521372BF128FA6BE080971BFD47CACBE7A
:10C0300073F56FBFEF63B2BE9ED86EBF2A44B8BE21
:10C0400093B26DBF4A1DBEBE5E836CBF15EFC3BE0B
:10C050000C4B6BBF53B9C9BEA7096ABFCA7BCFBE21
:10C060003CBF68BF4136D5BED86B67BF80E8DABE3B
:10C07000880F66BF4F92E0BE59AA64BF7533E6BE13
:10C080005A3C63BFBBCBEBBE98C561BFEA5AF1BE59
:10C09000214660BFCBE0F6BE05BE5EBF275DFCBE9D
:10C0A000532D5DBFE4E700BF1A945BBF3D9C03BF07
:10C0B0006AF259BF824B06BF534858BF9BF508BF71
:10C0C000E59556BF6B9A0BBF31DB54BFDA390EBF13
:10C0D000491853BFCDD310BF3D4D51BF2A6813BF80
:10C0E0001F7A4FBFD9F615BF029F4DBFC07F18BF43
:10C0F000F8BB4BBFC6021BBF12D149BFD17F1DBFCA
:10C1000065DE47BFCBF61FBF03E445BF996722BF7B
:10C1100000E243BF25D224BF70D841BF563627BFA7
:10C1200067C73FBF159429BFF9AE3DBF4AEB2BBF90
:10C130003B8F3BBFDE3B2EBF426839BFBB8530BF64
:10C14000233A37BFC9C832BFF30435BFF30435BF44
:10C15000C9C832BF233A37BFBB8530BF426839BF39
:10C16000DE3B2EBF3B8F3BBF4AEB2BBFF9AE3DBF43
:10C17000159429BF67C73FBF563627BF70D841BF48
:10C1800025D224BF00E243BF996722BF03E445BF25
:10C19000CBF61FBF65DE47BFD17F1DBF12D149BFA0
:10C1A000C6021BBFF8BB4BBFC07F18BF029F4DBF6D
:10C1B000D9F615BF1F7A4FBF2A6813BF3D4D51BF37
:10C1C000CDD310BF491853BFDA390EBF31DB54BF8E
:10C1D0006B9A0BBFE59556BF9BF508BF534858BFF8
:10C1E000824B06BF6AF259BF3D9C03BF1A945BBFE6
:10C1F000E4E700BF532D5DBF275DFCBE05BE5EBFFB
:10C20000CBE0F6BE214660BFEA5AF1BE98C561BFD9
:10C21000BBCBEBBE5A3C63BF7533E6BE59AA64BFC5
:10C220004F92E0BE880F66BF80E8DABED86B67BF6A
:10C230004136D5BE3CBF68BFCA7BCFBEA7096ABF27
:10C2400053B9C9BE0C4B6BBF15EFC3BE5E836CBF49
:10C250004A1DBEBE93B26DBF2A44B8BE9ED86EBF03
:10C26000EF63B2BE73F56FBFD47CACBE080971BF7B
:10C27000128FA6BE521372BFE59AA0BE471473BFB9
:10C2800086A09ABEDD0B74BF31A094BE0BFA74BFBA
:10C29000229A8EBEC6DE75BF938E88BE07BA76BF61
:10C2A000C07D82BEC58B77BFCCCF78BEF85378BF38
:10C2B0007F9A6CBE981279BF135C60BE9DC779BF30
:10C2C000011554BE02737ABFC2C547BEBE147BBF00
:10C2D000CF6E3BBECDAC7BBFA2102FBE283B7CBF38
:10C2E000B6AB22BEC9BF7CBF834016BEAC3A7DBF91
:10C2F00086CF09BECCAB7DBF73B2FABD24137EBF1F
:10C300002EBCE1BDB0707EBF36BDC8BD6DC47EBF62
:10C3100080B6AFBD580E7FBF05A996BD6D4E7FBFDD
:10C32000742B7BBDAB847FBF2FFB48BD0FB17FBF9C
:10C330002CC316BD98D37FBFB00AC9BC43EC7FBFE6
:10C34000900E49BC11FB7FBF00000080000080BF41
:10C35000900E493C11FB7FBFB00AC93C43EC7FBF44
:10C360002CC3163D98D37FBF2FFB483D0FB17FBF35
:10C37000742B7B3DAB847FBF05A9963D6D4E7FBF7F
:10C3800080B6AF3D580E7FBF36BDC83D6DC47EBF81
:10C390002EBCE13DB0707EBF73B2FA3D24137EBF68
:10C3A00086CF093ECCAB7DBF8340163EAC3A7DBF05
:10C3B000B6AB223EC9BF7CBFA2102F3E283B7CBF3C
:10C3C000CF6E3B3ECDAC7BBFC2C5473EBE147BBFEC
:10C3D0000115543E02737ABF135C603E9DC779BF5E
:10C3E0007F9A6C3E981279BFCCCF783EF85378BFD5
:10C3F000C07D823EC58B77BF938E883E07BA76BFDD
:10C40000229A8E3EC6DE75BF31A0943E0BFA74BFF1
:10C4100086A09A3EDD0B74BFE59AA03E471473BF19
:10C42000128FA63E521372BFD47CAC3E080971BF76
:10C43000EF63B23E73F56FBF2A44B83E9ED86EBF1D
:10C440004A1DBE3E93B26DBF15EFC33E5E836CBF07
:10C4500053B9C93E0C4B6BBFCA7BCF3EA7096ABF1D
:10C460004136D53E3CBF68BF80E8DA3ED86B67BF37
:10C470004F92E03E880F66BF7533E63E59AA64BF0F
:10C48000BBCBEB3E5A3C63BFEA5AF13E98C561BF55
:10C49000CBE0F63E214660BF275DFC3E05BE5EBF99
:10C4A000E4E7003F532D5DBF3D9C033F1A945BBF03
:10C4B000824B063F6AF259BF9BF5083F534858BF6D
:10C4C0006B9A0B3FE59556BFDA390E3F31DB54BF0F
:10C4D000CDD3103F491853BF2A68133F3D4D51BF7C
:10C4E000D9F6153F1F7A4FBFC07F183F029F4DBF3F
:10C4F000C6021B3FF8BB4BBFD17F1D3F12D149BFC6
:10C50000CBF61F3F65DE47BF9967223F03E445BF77
:10C5100025D2243F00E243BF5636273F70D841BFA3
:10C520001594293F67C73FBF4AEB2B3FF9AE3DBF8C
:10C53000DE3B2E3F3B8F3BBFBB85303F426839BF60
:10C54000C9C8323F233A37BFF304353FF30435BF40
:10C55000233A373FC9C832BF4268393FBB8530BF35
:10C560003B8F3B3FDE3B2EBFF9AE3D3F4AEB2BBF3F
:10C5700067C73F3F159429BF70D8413F563627BF44
:10C5800000E2433F25D224BF03E4453F996722BF21
:10C5900065DE473FCBF61FBF12D1493FD17F1DBF9C
:10C5A000F8BB4B3FC6021BBF029F4D3FC07F18BF69
:10C5B0001F7A4F3FD9F615BF3D4D513F2A6813BF33
:10C5C0004918533FCDD310BF31DB543FDA390EBF8A
:10C5D000E595563F6B9A0BBF5348583F9BF508BFF4
:10C5E0006AF2593F824B06BF1A945B3F3D9C03BFE2
:10C5F000532D5D3FE4E700BF05BE5E3F275DFCBEF7
:10C600002146603FCBE0F6BE98C5613FEA5AF1BED5
:10C610005A3C633FBBCBEBBE59AA643F7533E6BEC1
:10C62000880F663F4F92E0BED86B673F80E8DABE66
:10C630003CBF683F4136D5BEA7096A3FCA7BCFBE23
:10C640000C4B6B3F53B9C9BE5E836C3F15EFC3BE45
:10C6500093B26D3F4A1DBEBE9ED86E3F2A44B8BEFF
:10C6600073F56F3FEF63B2BE0809713FD47CACBE77
:10C670005213723F128FA6BE4714733FE59AA0BEB5
:10C68000DD0B743F86A09ABE0BFA743F31A094BEB6
:10C69000C6DE753F229A8EBE07BA763F938E88BE5D
:10C6A000C58B773FC07D82BEF853783FCCCF78BE34
:10C6B0009812793F7F9A6CBE9DC7793F135C60BE2C
:10C6C00002737A3F011554BEBE147B3FC2C547BEFC
:10C6D000CDAC7B3FCF6E3BBE283B7C3FA2102FBE34
:10C6E000C9BF7C3FB6AB22BEAC3A7D3F834016BE8D
:10C6F000CCAB7D3F86CF09BE24137E3F73B2FABD1B
:10C70000B0707E3F2EBCE1BD6DC47E3F36BDC8BD5E
:10C71000580E7F3F80B6AFBD6D4E7F3F05A996BDD9
:10C72000AB847F3F742B7BBD0FB17F3F2FFB48BD98
:10C7300098D37F3F2CC316BD43EC7F3FB00AC9BCE2
:10C7400011FB7F3F900E49BC080000101000002034
:10C7500018000030200000022800001230000022E3
:10C76000380000324000000448000014500000244B
:10C7700058000034600000066800001670000026B3
:10C78000780000368000000888000018900000281B
:10C7900098000038A000000AA800001AB000002A83
:10C7A000B800003AC000000CC800001CD000002CEB
:10C7B000D800003CE000000EE800001EF000002E53
:10C7C000F800003E00010004080140101001402064
:10C7D000180140302001400228014012300140225F
:10C7E00038014032400140044801401450014024C7
:10C7F000580140346001400668014016700140262F
:10C800007801403680014008880140189001402896
:10C8100098014038A001400AA801401AB001402AFE
:10C82000B801403AC001400CC801401CD001402C66
:10C83000D801403CE001400EE801401EF001402ECE
:10C84000F801403E0002000808028010100280201B
:10C8500018028030200280022802801230028022DA
:10C860003802803240028004480280145002802442
:10C8700058028034600280066802801670028026AA
:10C880007802803680028008880280189002802812
:10C8900098028038A002800AA802801AB002802A7A
:10C8A000B802803AC002800CC802801CD002802CE2
:10C8B000D802803CE002800EE802801EF002802E4A
:10C8C000F802803E0003000C0803C0101003C020D3
:10C8D0001803C0302003800C2803C0123003C0228C
:10C8E0003803C0324003C0044803C0145003C024BE
:10C8F0005803C0346003C0066803C0167003C02626
:10C900007803C0368003C0088803C0189003C0288D
:10C910009803C038A003C00AA803C01AB003C02AF5
:10C92000B803C03AC003C00CC803C01CD003C02C5D
:10C93000D803C03CE003C00EE803C01EF003C02EC5
:10C94000F803C03E0804001110040021180400314F
:10C950002004000C280400133004002338040033A2
:10C960004004000548040015500400255804003513
:10C97000600400076804001770040027780400377B
:10C9800080040009880400199004002998040039E3
:10C99000A004000BA804001BB004002BB804003B4B
:10C9A000C004000DC804001DD004002DD804003DB3
:10C9B000E004000FE804001FF004002FF804003F1B
:10C9C0000805401110054021180540312005000DD3
:10C9D00028054013300540233805403348054015ED
:10C9E000500540255805403560054007680540174B
:10C9F00070054027780540378005400988054019B3
:10CA00009005402998054039A005400BA805401B1A
:10CA1000B005402BB805403BC005400DC805401D82
:10CA2000D005402DD805403DE005400FE805401FEA
:10CA3000F005402FF805403F000640080806801129
:10CA400010068021180680312006C00828068013B1
:10CA5000300680233806803340064009480680159A
:10CA600050068025580680356006800768068017C6
:10CA7000700680277806803780068009880680192E
:10CA80009006802998068039A006800BA806801B96
:10CA9000B006802BB806803BC006800DC806801DFE
:10CAA000D006802DD806803DE006800FE806801F66
:10CAB000F006802FF806803F0007400C0807C011E1
:10CAC0001007C0211807C0312007C00C2807C01369
:10CAD0003007C0233807C0334007400D4807C01552
:10CAE0005007C0255807C0356007C0076807C01742
:10CAF0007007C0277807C0378007C0098807C019AA
:10CB00009007C0299807C039A007C00BA807C01B11
:10CB1000B007C02BB807C03BC007C00DC807C01D79
:10CB2000D007C02DD807C03DE007C00FE807C01FE1
:10CB3000F007C02FF807C03F0008001008080810D1
:10CB4000100808201808083020088010280808124B
:10CB50003008082238080832400800114808081434
:10CB6000500808245808083460088011680808161E
:10CB70007008082678080836800808108808081801
:10CB80009008082898080838A008080AA808081A71
:10CB9000B008082AB808083AC008080CC808081CD9
:10CBA000D008082CD808083CE008080EE808081E41
:10CBB000F008082EF808083E00090014080948107B
:10CBC0001009482018094830200980142809481203
:10CBD00030094822380948324009001548094814EC
:10CBE00050094824580948346009801568094816D6
:10CBF00070094826780948368009081488094818B9
:10CC00009009482898094838A009480AA809481AEC
:10CC1000B009482AB809483AC009480CC809481C54
:10CC2000D009482CD809483CE009480EE809481EBC
:10CC3000F009482EF809483E000A0018080A881032
:10CC4000100A8820180A8830200A8018280A8812BA
:10CC5000300A8822380A8832400A0019480A8814A3
:10CC6000500A8824580A8834600A8019680A88168D
:10CC7000700A8826780A8836800A0818880A881870
:10CC8000900A8828980A8838A00A8818A80A881A5A
:10CC9000B00A882AB80A883AC00A880CC80A881CD0
:10CCA000D00A882CD80A883CE00A880EE80A881E38
:10CCB000F00A882EF80A883E000B001C080BC810EA
:10CCC000100BC820180BC830200B801C280BC81272
:10CCD000300BC822380BC832400B001D480BC8145B
:10CCE000500BC824580BC834600B801D680BC81645
:10CCF000700BC826780BC836800B081C880BC81828
:10CD0000900BC828980BC838A00B881CA80BC81A11
:10CD1000B00BC82AB80BC83AC00BC80CC80BC81C4B
:10CD2000D00BC82CD80BC83CE00BC80EE80BC81EB3
:10CD3000F00BC82EF80BC83E000C4010080C081170
:10CD4000100C0821180C0831200CC010280C0813F6
:10CD5000300C0823380C0833400C4011480C0815DF
:10CD6000500C0825580C0835600CC011680C0817C9
:10CD7000700C0827780C0837800C4810880C0819AC
:10CD8000900C0829980C0839A00CC810A80C081B96
:10CD9000B00C082BB80C083BC00C080DC80C081DC3
:10CDA000D00C082DD80C083DE00C080FE80C081F2B
:10CDB000F00C082FF80C083F000D4014080D481126
:10CDC000100D4821180D4831200DC014280D4813AE
:10CDD000300D4823380D4833400D4015480D481597
:10CDE000500D4825580D4835600DC015680D481781
:10CDF000700D4827780D4837800D4814880D481964
:10CE0000900D4829980D4839A00DC814A80D481B4D
:10CE1000B00D482BB80D483BC00D4815C80D481D36
:10CE2000D00D482DD80D483DE00D480FE80D481FA6
:10CE3000F00D482FF80D483F000E4018080E8811DD
:10CE4000100E8821180E8831200EC018280E881365
:10CE5000300E8823380E8833400E4019480E88154E
:10CE6000500E8825580E8835600EC019680E881738
:10CE7000700E8827780E8837800E4818880E88191B
:10CE8000900E8829980E8839A00EC818A80E881B05
:10CE9000B00E882BB80E883BC00E4819C80E881DEE
:10CEA000D00E882DD80E883DE00E880FE80E881F22
:10CEB000F00E882FF80E883F000F401C080FC81195
:10CEC000100FC821180FC831200FC01C280FC8131D
:10CED000300FC823380FC833400F401D480FC81506
:10CEE000500FC825580FC835600FC01D680FC817F0
:10CEF000700FC827780FC837800F481C880FC819D3
:10CF0000900FC829980FC839A00FC81CA80FC81BBC
:10CF1000B00FC82BB80FC83BC00F481DC80FC81DA5
:10CF2000D00FC82DD80FC83DE00FC81DE80FC81F8F
:10CF3000F00FC82FF80FC83F001000200810101085
:10CF400010101020181010302010802028101012FF
:10CF500030101022381010324010002148101014E8
:10CF600050101024581010346010802168101016D2
:10CF700070101026781010368010082088101018B5
:10CF80009010102898101038A0108820A810101A9F
:10CF9000B010102AB810103AC0100821C810101C88
:10CFA000D010102CD810103CE0108821E810101E72
:10CFB000F010102EF810103E00110024081110245B
:10CFC00010115020181150302011802428115012B7
:10CFD00030115022381150324011002548115014A0
:10CFE000501150245811503460118025681150168A
:10CFF000701150267811503680110824881150186D
:10D000009011502898115038A0118824A811501A56
:10D01000B011502AB811503AC0110825C811501C3F
:10D02000D011502CD811503CE0118825E811501E29
:10D03000F011502EF811503E00120028081210284E
:10D04000101290201812903020128028281290126E
:10D050003012902238129032401200294812901457
:10D060005012902458129034601280296812901641
:10D070007012902678129036801208288812901824
:10D080009012902898129038A0128828A812901A0E
:10D09000B012902AB812903AC0120829C812901CF7
:10D0A000D012902CD812903CE0128829E812901EE1
:10D0B000F012902EF812903E0013002C0813102C42
:10D0C0001013D0201813D0302013802C2813902C4C
:10D0D0003013D0223813D0324013002D4813D0140F
:10D0E0005013D0245813D0346013802D6813D016F9
:10D0F0007013D0267813D0368013082C8813D018DC
:10D100009013D0289813D038A013882CA813D01AC5
:10D11000B013D02AB813D03AC013082DC813D01CAE
:10D12000D013D02CD813D03CE013882DE813D01E98
:10D13000F013D02EF813D03E0014402008145020D5
:10D1400010141021181410312014C0202814D020DD
:10D150003014102338141033401440214814101593
:10D1600050141025581410356014C021681410177D
:10D170007014102778141037801448208814101960
:10D180009014102998141039A014C820A814101B4A
:10D19000B014102BB814103BC0144821C814101D33
:10D1A000D014102DD814103DE014C821E814101F1D
:10D1B000F014102FF814103F0015402408155024C7
:10D1C00010155021181550312015C0242815D024D1
:10D1D000301550233815503340154025481550154B
:10D1E00050155025581550356015C0256815501735
:10D1F0007015502778155037801548248815501918
:10D200009015502998155039A015C824A815501B01
:10D21000B015502BB815503BC0154825C815501DEA
:10D22000D015502DD815503DE015C825E815501FD4
:10D23000F015502FF815503F0016402808165028BA
:10D2400010169021181690312016C0282816D028C4
:10D25000301690233816903340164029481650292E
:10D2600050169025581690356016C02968169017EC
:10D2700070169027781690378016482888169019CF
:10D280009016902998169039A016C828A816901BB9
:10D29000B016902BB816903BC0164829C816901DA2
:10D2A000D016902DD816903DE016C829E816901F8C
:10D2B000F016902FF816903F0017402C0817502CAE
:10D2C0001017D0211817D0312017C02C2817D02CB8
:10D2D0003017D0233817D0334017402D4817502D22
:10D2E0005017D0255817D0356017C02D6817D017A4
:10D2F0007017D0277817D0378017482C8817D01987
:10D300009017D0299817D039A017C82CA817D01B70
:10D31000B017D02BB817D03BC017482DC817D01D59
:10D32000D017D02DD817D03DE017C82DE817D01F43
:10D33000F017D02FF817D03F001800300818103021
:10D34000101818201818183020188030281890301D
:10D350003018182238181832401800314818103187
:10D3600050181824581818346018803168189031F3
:10D370007018182678181836801808308818183051
:10D380009018182898181838A0188830A818181A53
:10D39000B018182AB818183AC0180831C818181C3C
:10D3A000D018182CD818183CE0188831E818181E26
:10D3B000F018182EF818183E001900340819103407
:10D3C0001019582018195830201980342819903411
:10D3D000301958223819583240190035481910357B
:10D3E00050195824581958346019803568199035E7
:10D3F0007019582678195836801908348819183445
:10D400009019582898195838A0198834A819581A0A
:10D41000B019582AB819583AC0190835C819581CF3
:10D42000D019582CD819583CE0198835E819581EDD
:10D43000F019582EF819583E001A0038081A1038FA
:10D44000101A9820181A9830201A8038281A903804
:10D45000301A9822381A9832401A0039481A10396E
:10D46000501A9824581A9834601A8039681A9039DA
:10D47000701A9826781A9836801A0838881A183838
:10D48000901A9828981A9838A01A8838A81A9838A4
:10D49000B01A982AB81A983AC01A0839C81A981CAB
:10D4A000D01A982CD81A983CE01A8839E81A981E95
:10D4B000F01A982EF81A983E001B003C081B103CEE
:10D4C000101BD820181BD830201B803C281B903CF8
:10D4D000301BD822381BD832401B003D481B103D62
:10D4E000501BD824581BD834601B803D681B903DCE
:10D4F000701BD826781BD836801B083C881B183C2C
:10D50000901BD828981BD838A01B883CA81B983C97
:10D51000B01BD82AB81BD83AC01B083DC81BD81C62
:10D52000D01BD82CD81BD83CE01B883DE81BD81E4C
:10D53000F01BD82EF81BD83E001C4030081C503081
:10D54000101C1821181C1831201CC030281CD03089
:10D55000301C1823381C1833401C4031481C5031F3
:10D56000501C1825581C1835601CC031681CD0315F
:10D57000701C1827781C1837801C4830881C5830BD
:10D58000901C1829981C1839A01CC830A81CD83029
:10D59000B01C182BB81C183BC01C4831C81C181DE7
:10D5A000D01C182DD81C183DE01CC831E81C181FD1
:10D5B000F01C182FF81C183F001D4034081D503473
:10D5C000101D5821181D5831201DC034281DD0347D
:10D5D000301D5823381D5833401D4035481D5035E7
:10D5E000501D5825581D5835601DC035681DD03553
:10D5F000701D5827781D5837801D4834881D5834B1
:10D60000901D5829981D5839A01DC834A81DD8341C
:10D61000B01D582BB81D583BC01D4835C81D583586
:10D62000D01D582DD81D583DE01DC835E81D581F88
:10D63000F01D582FF81D583F001E4038081E503866
:10D64000101E9821181E9831201EC038281ED03870
:10D65000301E9823381E9833401E4039481E5039DA
:10D66000501E9825581E9835601EC039681ED03946
:10D67000701E9827781E9837801E4838881E5838A4
:10D68000901E9829981E9839A01EC838A81ED83810
:10D69000B01E982BB81E983BC01E4839C81E58397A
:10D6A000D01E982DD81E983DE01EC839E81E981F40
:10D6B000F01E982FF81E983F001F403C081F503C5A
:10D6C000101FD821181FD831201FC03C281FD03C64
:10D6D000301FD823381FD833401F403D481F503DCE
:10D6E000501FD825581FD835601FC03D681FD03D3A
:10D6F000701FD827781FD837801F483C881F583C98
:10D70000901FD829981FD839A01FC83CA81FD83C03
:10D71000B01FD82BB81FD83BC01F483DC81F583D6D
:10D72000D01FD82DD81FD83DE01FC83DE81FD83DD9
:10D73000F01FD82FF81FD83F08208020102020206D
:10D740001820203028208028302020223820203225
:10D75000402000214820C020502020245820203480
:10D76000602010246820C0287020202678202036D1
:10D77000882080309020202898202038A020083051
:10D78000A8208038B020202AB820203AC0200821C4
:10D79000C820C030D020202CD820203CE0200831E8
:10D7A000E820C038F020202EF820203E0021002460
:10D7B00008218021102110241821603020212024EC
:10D7C0002821802930216022382160324021002523
:10D7D0004821C02150216024582160346021502408
:10D7E0006821C029702160267821603680210824B4
:10D7F000882180319021602898216038A021083448
:10D80000A8218039B021602AB821603AC0210825BA
:10D81000C821C031D021602CD821603CE0210835DE
:10D82000E821C039F021602EF821603E002200304E
:10D8300008228030102208301822A0302022103018
:10D84000282288283022A0223822A03240224030CC
:10D850004822C0305022A0245822A03460225030E8
:10D860006822C8287022A0267822A0368022203084
:10D87000882288309022A0289822A038A022183030
:10D88000A8228838B022A02AB822A03AC02260304C
:10D89000C822C830D022A02CD822A03CE0221831C7
:10D8A000E822C838F022A02EF822A03E0023003142
:10D8B00008238031102308311823E0302023103151
:10D8C00028238829302318313823E032402340317F
:10D8D0004823C0315023E0245823E03460235031E2
:10D8E0006823C8297023E0267823E0368023182493
:10D8F000882388319023E0289823E038A023183427
:10D90000A8238839B023E02AB823E03AC023182599
:10D91000C823C831D023E02CD823E03CE0231835BD
:10D92000E823C839F023E02EF823E03E08248024C1
:10D9300010242024182420312824802C3024103155
:10D9400038242033402400254824C0245024202596
:10D9500058242035602410256824C02C70242027EA
:10D960007824203788248034902420299824203952
:10D97000A0244830A824803CB024202BB824203B8D
:10D98000C0240825C824C034D024202DD824203D0C
:10D99000E0244831E824C03CF024202FF824203F24
:10D9A0000825802510252025182560312825802D63
:10D9B00030255031382560334825C0255025602555
:10D9C000582560356825C02D70256027782560377B
:10D9D000882580359025602998256039A025483410
:10D9E000A825803DB025602BB825603BC825C035F3
:10D9F000D025602DD825603DE0254835E825C03D7F
:10DA0000F025602FF825603F00260034082680347A
:10DA1000102608341826A031202610342826882CF9
:10DA2000302618343826A033402640344826C034E7
:10DA3000502648345826A035602650346826C82C15
:10DA40007026A0277826A0378026203488268834A0
:10DA50009026A0299826A039A0265830A826883CD0
:10DA6000B026A02BB826A03BC0266034C826C834F8
:10DA7000D026A02DD826A03DE0265831E826C83C67
:10DA8000F026A02FF826A03F002700350827803574
:10DA9000102708351827E031202710352827882D32
:10DAA000302718353827E033402740354827C03520
:10DAB000502748355827E035602750356827C82D4E
:10DAC0007027E0277827E03780272035882788359A
:10DAD0009027E0299827E039A0275834A827883DC7
:10DAE000B027E02BB827E03BC0276035C827C835F2
:10DAF000D027E02DD827E03DE0275835E827C83D5E
:10DB0000F027E02FF827E03F082820281028802859
:10DB100018282830282890283028882838282832A3
:10DB20004028002C4828202C5028802C58282834A5
:10DB30006028082C6828D0287028882C7828283657
:10DB40008828903098282838A0282830A82890388D
:10DB5000B028282AB828283AC028102CC828D03045
:10DB6000D028282CD828283CE028182CE828D038A1
:10DB7000F028282EF828283E0029002C0829082CF7
:10DB80001029102C182968302029202C28299029A8
:10DB90003029D030382968324029402C4829602C5F
:10DBA0005029C02C582968346029482C6829D0296C
:10DBB0007029C82C782968368029802C88299031D2
:10DBC0009029282C98296838A0292834A829903928
:10DBD000B029682AB829683AC029502CC829D03100
:10DBE000D029682CD829683CE029582CE829D0395C
:10DBF000F029682EF829683E002A0038082A2038C3
:10DC0000102A8038182AA830202A0838282A2838CC
:10DC1000302A8838382AA832402A003C482A203C3A
:10DC2000502A803C582AA834602A083C682A283C9C
:10DC3000702A883C782AA836802A1038882A98309A
:10DC4000902A9038982AA838A02A1838A82A9838F4
:10DC5000B02A9838B82AA83AC02A103CC82AD83026
:10DC6000D02AA82CD82AA83CE02A183CE82AD83880
:10DC7000F02AA82EF82AA83E002B4038082B60383E
:10DC8000102BC038182BE830202B4838282B683848
:10DC9000302BC838382BE832402B403C482B603CB6
:10DCA000502BC03C582BE834602B483C682B683C18
:10DCB000702BC83C782BE836802B5038882B983155
:10DCC000902BD038982BE838A02B5838A82B9839AF
:10DCD000B02BD838B82BE83AC02B503CC82BD831E1
:10DCE000D02BE82CD82BE83CE02B583CE82BD8393B
:10DCF000F02BE82EF82BE83E082C202C102C802C42
:10DD0000182C2831282C902C302C9031382C28338A
:10DD1000402C002D482C202D502C802D582C28359F
:10DD2000602C082D682CD02C702C882D782C28374E
:10DD3000882C9034982C2839A02C6830A82C903C42
:10DD4000B02C6838B82C283BC02C102DC82CD034EF
:10DD5000D02C282DD82C283DE02C182DE82CD03C98
:10DD6000F02C282FF82C283F082D202D102D802D49
:10DD7000182D6831282D902D302DD031382D683355
:10DD8000482D602D502DC02D582D6835682DD02D73
:10DD9000702DC82D782D6837882D9035982D6839CD
:10DDA000A02D6834A82D903DB02D683CB82D683B5F
:10DDB000C82DD035D82D683DE02D6835E82DD03DF3
:10DDC000F02D682FF82D683F002E0039082E2039DD
:10DDD000102E8039182EA831202E0839282E2839E7
:10DDE000302E8839382EA833402E003D482E203D55
:10DDF000502E803D582EA835602E083D682E283DB7
:10DE0000702E883D782EA837802E1039882E9834B1
:10DE1000902E9039982EA839A02E1839A82E983C0B
:10DE2000B02E9839B82EA83BC02E103DC82ED8343D
:10DE3000D02E903DD82EA83DE02E183DE82ED83C9F
:10DE4000F02EA82FF82EA83F002F4039082F603958
:10DE5000102FC039182FE831202F4839282F683962
:10DE6000302FC839382FE833402F403D482F603DD0
:10DE7000502FC03D582FE835602F483D682F683D32
:10DE8000702FC83D782FE837802F5039882F98356C
:10DE9000902FD039982FE839A02F5839A82F983DC6
:10DEA000B02FD839B82FE83BC02F503DC82FD835F8
:10DEB000D02FD03DD82FE83DE02F583DE82FD83D5A
:10DEC000F02FD83DF82FE83F18303030383030325E
:10DED0004030003148300831503010315830303443
:10DEE0006030203168302831703018347830303666
:10DEF0008830A03098303038A830A038B03088381A
:10DF0000B830303AC0308031C830E030D030903155
:10DF1000D830303CE0308831E830E038F0308839B3
:10DF2000F830303E003100340831083410311034FC
:10DF3000183118342031203428312834303130342D
:10DF400038317032403100354831083550311035A4
:10DF5000583170346031203568312835703158348B
:10DF600078317036803180348831A03190319034EE
:10DF700098317038A0318834A831A039B031883C4C
:10DF8000B831703AC0318035C831E031D031903588
:10DF9000D831703CE0318835E831E039F031883DE6
:10DFA000F831703E003200380832803810320838BC
:10DFB00018328838203210382832903830321838E9
:10DFC0003832B032403240384832C03850324838A7
:10DFD0005832B034603250386832D03870325838E5
:10DFE0007832B036803220388832A03890322838E3
:10DFF0009832B038A0323038A832A838B0329838C9
:10E00000B832B03AC0326038C832E038D0326838FE
:10E01000D832B03CE0327038E832E838F032983923
:10E02000F832B03E003300390833803910330839F4
:10E030001833883920331039283390393033183960
:10E0400038339839403340394833C0395033483930
:10E050005833F034603350396833D039703358391D
:10E060007833F036803320398833A039903328391B
:10E070009833F038A0339834A833A839B033983C9B
:10E08000B833F03AC0336039C833E039D033683937
:10E09000D833F03CE0339835E833E839F033983D35
:10E0A000F833F03E18343034383418394034003501
:10E0B0004834083550341035583430356034203504
:10E0C0006834283570341835783430378834A034C3
:10E0D00098343039A834A03CB034C838B834303B18
:10E0E000C0348035C834E034D0349035D834303D35
:10E0F000E0348835E834E03CF034C839F834303F57
:10E1000018353035383558395835703578357037D9
:10E110008835A03598357039A835A03DB035C83C54
:10E12000B835703BC835E035D835703DE835E03D51
:10E13000F035C83DF835703F0036003C0836803C6D
:10E140001036083C1836883C2036103C2836903C67
:10E150003036183C3836983C4036403C4836C03C57
:10E160005036483C5836C83C6036503C6836D03C47
:10E170007036583C7836B0378036203C8836A03C24
:10E180009036283C9836B039A036303CA836A83CAA
:10E19000B036D838B836B03BC036603CC836E03C04
:10E1A000D036683CD836B03DE036703CE836E83CC6
:10E1B000F036D839F836B03F0037003D0837803D9B
:10E1C0001037083D1837883D2037103D2837903DDF
:10E1D0003037183D3837983D4037403D4837C03DCF
:10E1E0005037483D5837C83D6037503D6837D03DBF
:10E1F0007037583D7837F0378037203D8837A03D5D
:10E200009037283D9837F039A037303DA837A83DE2
:10E21000B037D83CB837F03BC037603DC837E03D39
:10E22000D037683DD837F03DE037703DE837E83DFE
:10E23000F037D83DF837F03F383898384038003953
:10E24000483808395038103958381839603820396A
:10E2500068382839703830397838983CA838B03860
:10E26000B838383AC0388039C8388839D038903909
:10E27000D838383CE038A039E838F038F838383E3B
:10E28000F038A8390039003C0839083C1039103CF6
:10E290001839183C2039203C2839283C3039303C8A
:10E2A0003839383C4039003D4839083D5039103D37
:10E2B0005839183D6039203D6839283D7039303D66
:10E2C0007839D83C8039803C8839883C9039903CFA
:10E2D0009839983CA039A03CA839B039B839783A77
:10E2E000B039A83CC039803DC839883DD039903D0F
:10E2F000D839783CE039A03DE839F039F839783E32
:10E30000F039A83D083A103A103A203A183A303A13
:10E31000203A803A283A903A303AA03A383AB03A1D
:10E32000403A003B483A103B503A203B583A303B89
:10E33000603A803B683A903B703AA03B783AB03BF9
:10E34000883AA03A983AB03AA83AB03AC03A083B6C
:10E35000C83A183BD03A283BD83AB83CE03A883B18
:10E36000E83A983BF03AA83BF83AB83E003B003E0A
:10E37000083B103E103B203E183B303E203B803E89
:10E38000283B903E303BA03E383BB03E403B003FF8
:10E39000483B103F503B203F583B303F603B803F65
:10E3A000683B903F703BA03F783BB03F803B083ECE
:10E3B000883B183E903B283E983B383EA03B883E29
:10E3C000A83B983EB03BA83EB83BB83EC03B083F98
:10E3D000C83B183FD03B283FD83BF83CE03B883F48
:10E3E000E83B983FF03BA83FF83BF83E383C983C70
:10E3F000403C003D483C083D503C103D583C183DD9
:10E40000603C203D683C283D703C303D783C983D68
:10E41000A83CB03CB83CB03EC03C803DC83C883DC8
:10E42000D03C903DD83C383DE03CA03DE83CF03C41
:10E43000F03CA83DF83C383F383D983D783DD83D0C
:10E44000A83DB03DB83DB03FE83DF03D083E803EC0
:10E45000F83D783F103E803E183E883E203E803E8C
:10E46000283E903E303E883E383E983E403E003F3B
:10E47000483E203F503E803F583EA03F603E083F10
:10E48000683E283F703E883F783EA83F883EA03EC9
:10E49000983EA83EC03E103FA83EB03EC83E303F2A
:10E4A000D03E903FD83EB03FE03E183FE83E383F78
:10E4B000F03E983F083F803FF83EB83F103F803F16
:10E4C000183F883F203F803F283F903F303F883FA4
:10E4D000383F983F483F503F503F603F583F703F64
:10E4E000603FC03F683FD03F703FE03F783FF03F24
:10E4F000883FA03F983FA83FA83FB03FD83FF03F9C
:10E50000C83FE03FE83FF03F0000803F00000000D0
:10E510006DC47E3F36BDC83DBE147B3FC2C5473E7D
:10E520000BFA743F31A0943E5E836C3F15EFC33EFF
:10E5300098C5613FEA5AF13E31DB543FDA390E3F6C
:10E5400003E4453F9967223FF304353FF304353F29
:10E550009967223F03E4453FDA390E3F31DB543FF0
:10E56000EA5AF13E98C5613F15EFC33E5E836C3FAA
:10E5700031A0943E0BFA743FC2C5473EBE147B3FA8
:10E5800036BDC83D6DC47E3F000000000000803FE6
:10E5900036BDC8BD6DC47E3FC2C547BEBE147B3FFD
:10E5A00031A094BE0BFA743F15EFC3BE5E836C3F7F
:10E5B000EA5AF1BE98C5613FDA390EBF31DB543FEC
:10E5C000996722BF03E4453FF30435BFF304353FA9
:10E5D00003E445BF9967223F31DB54BFDA390E3F70
:10E5E00098C561BFEA5AF13E5E836CBF15EFC33E2A
:10E5F0000BFA74BF31A0943EBE147BBFC2C5473E28
:10E600006DC47EBF36BDC83D000080BF0000000065
:10E610006DC47EBF36BDC8BDBE147BBFC2C547BE7C
:10E620000BFA74BF31A094BE5E836CBF15EFC3BEFE
:10E6300098C561BFEA5AF1BE31DB54BFDA390EBF6B
:10E6400003E445BF996722BFF30435BFF30435BF28
:10E65000996722BF03E445BFDA390EBF31DB54BFEF
:10E66000EA5AF1BE98C561BF15EFC3BE5E836CBFA9
:10E6700031A094BE0BFA74BFC2C547BEBE147BBFA7
:10E6800036BDC8BD6DC47EBF00000080000080BFE5
:10E6900036BDC83D6DC47EBFC2C5473EBE147BBFFC
:10E6A00031A0943E0BFA74BF15EFC33E5E836CBF7E
:10E6B000EA5AF13E98C561BFDA390E3F31DB54BFEB
:10E6C0009967223F03E445BFF304353FF30435BFA8
:10E6D00003E4453F996722BF31DB543FDA390EBF6F
:10E6E00098C5613FEA5AF1BE5E836C3F15EFC3BE29
:10E6F0000BFA743F31A094BEBE147B3FC2C547BE27
:10E700006DC47E3F36BDC8BD000000000000803FE4
:10E71000900E493C11FB7F3FB00AC93C43EC7F3F60
:10E720002CC3163D98D37F3F2FFB483D0FB17F3F51
:10E73000742B7B3DAB847F3F05A9963D6D4E7F3F9B
:10E7400080B6AF3D580E7F3F36BDC83D6DC47E3F9D
:10E750002EBCE13DB0707E3F73B2FA3D24137E3F84
:10E7600086CF093ECCAB7D3F8340163EAC3A7D3F21
:10E77000B6AB223EC9BF7C3FA2102F3E283B7C3F58
:10E78000CF6E3B3ECDAC7B3FC2C5473EBE147B3F08
:10E790000115543E02737A3F135C603E9DC7793F7A
:10E7A0007F9A6C3E9812793FCCCF783EF853783FF1
:10E7B000C07D823EC58B773F938E883E07BA763FF9
:10E7C000229A8E3EC6DE753F31A0943E0BFA743F0E
:10E7D00086A09A3EDD0B743FE59AA03E4714733F36
:10E7E000128FA63E5213723FD47CAC3E0809713F93
:10E7F000EF63B23E73F56F3F2A44B83E9ED86E3F3A
:10E800004A1DBE3E93B26D3F15EFC33E5E836C3F23
:10E8100053B9C93E0C4B6B3FCA7BCF3EA7096A3F39
:10E820004136D53E3CBF683F80E8DA3ED86B673F53
:10E830004F92E03E880F663F7533E63E59AA643F2B
:10E84000BBCBEB3E5A3C633FEA5AF13E98C5613F71
:10E85000CBE0F63E2146603F275DFC3E05BE5E3FB5
:10E86000E4E7003F532D5D3F3D9C033F1A945B3F1F
:10E87000824B063F6AF2593F9BF5083F5348583F89
:10E880006B9A0B3FE595563FDA390E3F31DB543F2B
:10E89000CDD3103F4918533F2A68133F3D4D513F98
:10E8A000D9F6153F1F7A4F3FC07F183F029F4D3F5B
:10E8B000C6021B3FF8BB4B3FD17F1D3F12D1493FE2
:10E8C000CBF61F3F65DE473F9967223F03E4453F94
:10E8D00025D2243F00E2433F5636273F70D8413FC0
:10E8E0001594293F67C73F3F4AEB2B3FF9AE3D3FA9
:10E8F000DE3B2E3F3B8F3B3FBB85303F4268393F7D
:10E90000C9C8323F233A373FF304353FF304353F5C
:10E91000233A373FC9C8323F4268393FBB85303F51
:10E920003B8F3B3FDE3B2E3FF9AE3D3F4AEB2B3F5B
:10E9300067C73F3F1594293F70D8413F5636273F60
:10E9400000E2433F25D2243F03E4453F9967223F3D
:10E9500065DE473FCBF61F3F12D1493FD17F1D3FB8
:10E96000F8BB4B3FC6021B3F029F4D3FC07F183F85
:10E970001F7A4F3FD9F6153F3D4D513F2A68133F4F
:10E980004918533FCDD3103F31DB543FDA390E3FA6
:10E99000E595563F6B9A0B3F5348583F9BF5083F10
:10E9A0006AF2593F824B063F1A945B3F3D9C033FFE
:10E9B000532D5D3FE4E7003F05BE5E3F275DFC3E13
:10E9C0002146603FCBE0F63E98C5613FEA5AF13EF2
:10E9D0005A3C633FBBCBEB3E59AA643F7533E63EDE
:10E9E000880F663F4F92E03ED86B673F80E8DA3E83
:10E9F0003CBF683F4136D53EA7096A3FCA7BCF3E40
:10EA00000C4B6B3F53B9C93E5E836C3F15EFC33E61
:10EA100093B26D3F4A1DBE3E9ED86E3F2A44B83E1B
:10EA200073F56F3FEF63B23E0809713FD47CAC3E93
:10EA30005213723F128FA63E4714733FE59AA03ED1
:10EA4000DD0B743F86A09A3E0BFA743F31A0943ED2
:10EA5000C6DE753F229A8E3E07BA763F938E883E79
:10EA6000C58B773FC07D823EF853783FCCCF783E50
:10EA70009812793F7F9A6C3E9DC7793F135C603E48
:10EA800002737A3F0115543EBE147B3FC2C5473E18
:10EA9000CDAC7B3FCF6E3B3E283B7C3FA2102F3E50
:10EAA000C9BF7C3FB6AB223EAC3A7D3F8340163EA9
:10EAB000CCAB7D3F86CF093E24137E3F73B2FA3D37
:10EAC000B0707E3F2EBCE13D6DC47E3F36BDC83D7B
:10EAD000580E7F3F80B6AF3D6D4E7F3F05A9963DF6
:10EAE000AB847F3F742B7B3D0FB17F3F2FFB483DB5
:10EAF00098D37F3F2CC3163D43EC7F3FB00AC93CFF
:10EB000011FB7F3F900E493C0000803F0000000059
:10EB100011FB7F3F900E49BC43EC7F3FB00AC9BC5C
:10EB200098D37F3F2CC316BD0FB17F3F2FFB48BD4D
:10EB3000AB847F3F742B7BBD6D4E7F3F05A996BD97
:10EB4000580E7F3F80B6AFBD6DC47E3F36BDC8BD99
:10EB5000B0707E3F2EBCE1BD24137E3F73B2FABD80
:10EB6000CCAB7D3F86CF09BEAC3A7D3F834016BE1D
:10EB7000C9BF7C3FB6AB22BE283B7C3FA2102FBE54
:10EB8000CDAC7B3FCF6E3BBEBE147B3FC2C547BE04
:10EB900002737A3F011554BE9DC7793F135C60BE76
:10EBA0009812793F7F9A6CBEF853783FCCCF78BEED
:10EBB000C58B773FC07D82BE07BA763F938E88BEF5
:10EBC000C6DE753F229A8EBE0BFA743F31A094BE0A
:10EBD000DD0B743F86A09ABE4714733FE59AA0BE32
:10EBE0005213723F128FA6BE0809713FD47CACBE8F
:10EBF00073F56F3FEF63B2BE9ED86E3F2A44B8BE36
:10EC000093B26D3F4A1DBEBE5E836C3F15EFC3BE1F
:10EC10000C4B6B3F53B9C9BEA7096A3FCA7BCFBE35
:10EC20003CBF683F4136D5BED86B673F80E8DABE4F
:10EC3000880F663F4F92E0BE59AA643F7533E6BE27
:10EC40005A3C633FBBCBEBBE98C5613FEA5AF1BE6D
:10EC50002146603FCBE0F6BE05BE5E3F275DFCBEB1
:10EC6000532D5D3FE4E700BF1A945B3F3D9C03BF1B
:10EC70006AF2593F824B06BF5348583F9BF508BF85
:10EC8000E595563F6B9A0BBF31DB543FDA390EBF27
:10EC90004918533FCDD310BF3D4D513F2A6813BF94
:10ECA0001F7A4F3FD9F615BF029F4D3FC07F18BF57
:10ECB000F8BB4B3FC6021BBF12D1493FD17F1DBFDE
:10ECC00065DE473FCBF61FBF03E4453F996722BF90
:10ECD00000E2433F25D224BF70D8413F563627BFBC
:10ECE00067C73F3F159429BFF9AE3D3F4AEB2BBFA5
:10ECF0003B8F3B3FDE3B2EBF4268393FBB8530BF79
:10ED0000233A373FC9C832BFF304353FF30435BF58
:10ED1000C9C8323F233A37BFBB85303F426839BF4D
:10ED2000DE3B2E3F3B8F3BBF4AEB2B3FF9AE3DBF57
:10ED30001594293F67C73FBF5636273F70D841BF5C
:10ED400025D2243F00E243BF9967223F03E445BF39
:10ED5000CBF61F3F65DE47BFD17F1D3F12D149BFB4
:10ED6000C6021B3FF8BB4BBFC07F183F029F4DBF81
:10ED7000D9F6153F1F7A4FBF2A68133F3D4D51BF4B
:10ED8000CDD3103F491853BFDA390E3F31DB54BFA2
:10ED90006B9A0B3FE59556BF9BF5083F534858BF0C
:10EDA000824B063F6AF259BF3D9C033F1A945BBFFA
:10EDB000E4E7003F532D5DBF275DFC3E05BE5EBF0F
:10EDC000CBE0F63E214660BFEA5AF13E98C561BFEE
:10EDD000BBCBEB3E5A3C63BF7533E63E59AA64BFDA
:10EDE0004F92E03E880F66BF80E8DA3ED86B67BF7F
:10EDF0004136D53E3CBF68BFCA7BCF3EA7096ABF3C
:10EE000053B9C93E0C4B6BBF15EFC33E5E836CBF5D
:10EE10004A1DBE3E93B26DBF2A44B83E9ED86EBF17
:10EE2000EF63B23E73F56FBFD47CAC3E080971BF8F
:10EE3000128FA63E521372BFE59AA03E471473BFCD
:10EE400086A09A3EDD0B74BF31A0943E0BFA74BFCE
:10EE5000229A8E3EC6DE75BF938E883E07BA76BF75
:10EE6000C07D823EC58B77BFCCCF783EF85378BF4C
:10EE70007F9A6C3E981279BF135C603E9DC779BF44
:10EE80000115543E02737ABFC2C5473EBE147BBF14
:10EE9000CF6E3B3ECDAC7BBFA2102F3E283B7CBF4C
:10EEA000B6AB223EC9BF7CBF8340163EAC3A7DBFA5
:10EEB00086CF093ECCAB7DBF73B2FA3D24137EBF33
:10EEC0002EBCE13DB0707EBF36BDC83D6DC47EBF77
:10EED00080B6AF3D580E7FBF05A9963D6D4E7FBFF2
:10EEE000742B7B3DAB847FBF2FFB483D0FB17FBFB1
:10EEF0002CC3163D98D37FBFB00AC93C43EC7FBFFB
:10EF0000900E493C11FB7FBF080000021000000476
:10EF100018000006200000082800000A3000000C3D
:10EF20003800000E480040025000400458004006DF
:10EF3000600040086800400A7000400C7800400EF5
:10EF4000880080029000800498008006A00080085D
:10EF5000A800800AB000800CB800800EC800C00273
:10EF6000D000C004D800C006E000C008E800C00A15
:10EF7000F000C00CF800C00E0801000310010005ED
:10EF800018010007200100092801000B3001000DC5
:10EF90003801000F48014003500140055801400767
:10EFA000600140096801400B7001400D7801400F7D
:10EFB000880180039001800598018007A0018009E5
:10EFC000A801800BB001800DB801800FC801C003FB
:10EFD000D001C005D801C007E001C009E801C00B9D
:10EFE000F001C00DF801C00F100208041802080655
:10EFF000200208082802080A3002080C3802080E0D
:10F000005002480458024806600248086802480A4C
:10F010007002480C7802480E900288049802880614
:10F02000A0028808A802880AB002880CB802880EDC
:10F03000D002C804D802C806E002C808E802C80A1C
:10F04000F002C80CF802C80E1003080518030807E0
:10F05000200308092803080B3003080D3803080FA4
:10F060005003480558034807600348096803480BE4
:10F070007003480D7803480F9003880598038807AC
:10F08000A0038809A803880BB003880DB803880F74
:10F09000D003C805D803C807E003C809E803C80BB4
:10F0A000F003C80DF803C80F180410062004100858
:10F0B0002804100A3004100C3804100E58045006AE
:10F0C000600450086804500A7004500C7804500E14
:10F0D00098049006A0049008A804900AB004900C2C
:10F0E000B804900ED804D006E004D008E804D00A92
:10F0F000F004D00CF804D00E1805100720051009F4
:10F100002805100B3005100D3805100F5805500755
:10F11000600550096805500B7005500D7805500FBB
:10F1200098059007A0059009A805900BB005900DD3
:10F13000B805900FD805D007E005D009E805D00B39
:10F14000F005D00DF805D00F200618082806180A7B
:10F150003006180C3806180E600658086806580A5B
:10F160007006580C7806580EA0069808A806980A4B
:10F17000B006980CB806980EE006D808E806D80A3B
:10F18000F006D80CF806D80E200718092807180B27
:10F190003007180D3807180F600758096807580B13
:10F1A0007007580D7807580FA0079809A807980B03
:10F1B000B007980DB807980FE007D809E807D80BF3
:10F1C000F007D80DF807D80F2808200A3008200CBF
:10F1D0003808200E6808600A7008600C7808600E15
:10F1E000A808A00AB008A00CB808A00EE808E00A19
:10F1F000F008E00CF808E00E2809200B3009200D7B
:10F200003809200F6809600B7009600D7809600FDC
:10F21000A809A00BB009A00DB809A00FE809E00BE0
:10F22000F009E00DF809E00F300A280C380A280E22
:10F23000700A680C780A680EB00AA80CB80AA80E02
:10F24000F00AE80CF80AE80E300B280D380B280FEE
:10F25000700B680D780B680FB00BA80DB80BA80FDA
:10F26000F00BE80DF80BE80F380C300E780C700E30
:10F27000B80CB00EF80CF00E380D300F780D700F82
:10F28000B80DB00FF80DF00F000000000000803F37
:10F29000890FC93BC4FE7F3F900E493C11FB7F3F65
:10F2A000B6C9963CE6F47F3FB00AC93C43EC7F3FC9
:10F2B000B949FB3C29E17F3F2CC3163D98D37F3FE2
:10F2C00007E02F3D8FC37F3F2FFB483D0FB17F3FAE
:10F2D0006814623D189C7F3F742B7B3DAB847F3F5D
:10F2E0000A208A3DC76A7F3F05A9963D6D4E7F3F44
:10F2F0008C30A33D9D2F7F3F80B6AF3D580E7F3FA2
:10F30000C33ABC3D9DEA7E3F36BDC83D6DC47E3FDD
:10F31000B93DD53DC99B7E3F2EBCE13DB0707E3FDF
:10F320007638EE3D23437E3F73B2FA3D24137E3F91
:10F330000295033EB1E07D3F86CF093ECCAB7D3FD9
:10F34000B708103E74747D3F8340163EAC3A7D3F53
:10F35000DE761C3E73FE7C3FB6AB223EC9BF7C3FCF
:10F36000FCDE283EB07E7C3FA2102F3E283B7C3F37
:10F370009840353E31F57B3FCF6E3B3ECDAC7B3F79
:10F38000379B413EFC617B3FC2C5473EBE147B3F7D
:10F3900060EE4D3E16C57A3F0115543E02737A3F2A
:10F3A00097395A3E841E7A3F135C603E9DC7793F71
:10F3B000667C663E4E6E793F7F9A6C3E9812793F2E
:10F3C00051B6723E7BB4783FCCCF783EF853783F4D
:10F3D000E1E67E3E10F1773FC07D823EC58B773FF0
:10F3E000CE86853E1724773F938E883E07BA763FB8
:10F3F00007958B3E974D763F229A8E3EC6DE753F2F
:10F40000DD9D913E976D753F31A0943E0BFA743FA0
:10F4100017A1973E2284743F86A09A3EDD0B743F6D
:10F42000789E9D3E3F91733FE59AA03E4714733FFF
:10F43000C595A33EF894723F128FA63E5213723FB9
:10F44000C486A93E578F713FD47CAC3E0809713FFA
:10F450003A71AF3E6680703FEF63B23E73F56F3F27
:10F46000EC54B53E30686F3F2A44B83E9ED86E3F9C
:10F47000A031BB3EBE466E3F4A1DBE3E93B26D3FBD
:10F480001E07C13E1D1C6D3F15EFC33E5E836C3FE2
:10F4900029D5C63E58E86B3F53B9C93E0C4B6B3F6C
:10F4A0008B9BCC3E7BAB6A3FCA7BCF3EA7096A3FB2
:10F4B000095AD23E9165693F4136D53E3CBF683F0F
:10F4C0006B10D83EA816683F80E8DA3ED86B673FDD
:10F4D00079BEDD3ECCBE663F4F92E03E880F663F70
:10F4E000FA63E33E0B5E653F7533E63E59AA643F1F
:10F4F000B700E93E73F4633FBBCBEB3E5A3C633F3E
:10F500007994EE3E1082623FEA5AF13E98C5613F1F
:10F51000071FF43EF206613FCBE0F63E2146603F16
:10F520002DA0F93E27835F3F275DFC3E05BE5E3F71
:10F53000B217FF3EBEF65D3FE4E7003F532D5D3F4F
:10F54000B142023FC7615C3F3D9C033F1A945B3F61
:10F5500084F4043F50C45A3F824B063F6AF2593F3D
:10F5600036A1073F6A1E593F9BF5083F5348583F55
:10F57000AD480A3F2670573F6B9A0B3FE595563FC3
:10F58000D0EA0C3F93B9553FDA390E3F31DB543F97
:10F5900084870F3FC3FA533FCDD3103F4918533FE1
:10F5A000B01E123FC633523F2A68133F3D4D513FB4
:10F5B00039B0143FAF64503FD9F6153F1F7A4F3F23
:10F5C000073C173F908D4E3FC07F183F029F4D3F35
:10F5D00000C2193F79AE4C3FC6021B3FF8BB4B3F00
:10F5E0000C421C3F7FC74A3FD17F1D3F12D1493F8C
:10F5F00012BC1E3FB3D8483FCBF61F3F65DE473FE6
:10F60000F92F213F2AE2463F9967223F03E4453F15
:10F61000A99D233FF5E3443F25D2243F00E2433F29
:10F620000A05263F29DE423F5636273F70D8413F24
:10F630000566283FDAD0403F1594293F67C73F3F12
:10F6400082C02A3F1BBC3E3F4AEB2B3FF9AE3D3FF9
:10F6500069142D3F03A03C3FDE3B2E3F3B8F3B3FD9
:10F66000A5612F3FA47C3A3FBB85303F4268393FBC
:10F670001DA8313F1652383FC9C8323F233A373FA1
:10F68000BCE7333F6C20363FF304353FF304353F8E
:10F690006C20363FBCE7333F233A373FC9C8323F7F
:10F6A0001652383F1DA8313F4268393FBB85303F75
:10F6B000A47C3A3FA5612F3F3B8F3B3FDE3B2E3F73
:10F6C00003A03C3F69142D3FF9AE3D3F4AEB2B3F71
:10F6D0001BBC3E3F82C02A3F67C73F3F1594293F6E
:10F6E000DAD0403F0566283F70D8413F5636273F65
:10F6F00029DE423F0A05263F00E2433F25D2243F50
:10F70000F5E3443FA99D233F03E4453F9967223F2A
:10F710002AE2463FF92F213F65DE473FCBF61F3FE8
:10F72000B3D8483F12BC1E3F12D1493FD17F1D3F85
:10F730007FC74A3F0C421C3FF8BB4B3FC6021B3FF2
:10F7400079AE4C3F00C2193F029F4D3FC07F183F2A
:10F75000908D4E3F073C173F1F7A4F3FD9F6153F1C
:10F76000AF64503F39B0143F3D4D513F2A68133FBD
:10F77000C633523FB01E123F4918533FCDD3103FFE
:10F78000C3FA533F84870F3F31DB543FDA390E3FD2
:10F7900093B9553FD0EA0C3FE595563F6B9A0B3F26
:10F7A0002670573FAD480A3F5348583F9BF5083FE6
:10F7B0006A1E593F36A1073F6AF2593F824B063F06
:10F7C00050C45A3F84F4043F1A945B3F3D9C033F6E
:10F7D000C7615C3FB142023F532D5D3FE4E7003F0C
:10F7E000BEF65D3FB217FF3E05BE5E3F275DFC3EA5
:10F7F00027835F3F2DA0F93E2146603FCBE0F63ED8
:10F80000F206613F071FF43E98C5613FEA5AF13E98
:10F810001082623F7994EE3E5A3C633FBBCBEB3E95
:10F8200073F4633FB700E93E59AA643F7533E63E7F
:10F830000B5E653FFA63E33E880F663F4F92E03E02
:10F84000CCBE663F79BEDD3ED86B673F80E8DA3ECE
:10F85000A816683F6B10D83E3CBF683F4136D53E86
:10F860009165693F095AD23EA7096A3FCA7BCF3EDC
:10F870007BAB6A3F8B9BCC3E0C4B6B3F53B9C93E75
:10F8800058E86B3F29D5C63E5E836C3F15EFC33EFB
:10F890001D1C6D3F1E07C13E93B26D3F4A1DBE3E0B
:10F8A000BE466E3FA031BB3E9ED86E3F2A44B83E56
:10F8B00030686F3FEC54B53E73F56F3FEF63B23E77
:10F8C0006680703F3A71AF3E0809713FD47CAC3E10
:10F8D000578F713FC486A93E5213723F128FA63EC6
:10F8E000F894723FC595A33E4714733FE59AA03E36
:10F8F0003F91733F789E9D3EDD0B743F86A09A3EFC
:10F900002284743F17A1973E0BFA743F31A0943EB6
:10F91000976D753FDD9D913EC6DE753F229A8E3E06
:10F92000974D763F07958B3E07BA763F938E883E7C
:10F930001724773FCE86853EC58B773FC07D823EBC
:10F9400010F1773FE1E67E3EF853783FCCCF783E2A
:10F950007BB4783F51B6723E9812793F7F9A6C3EE5
:10F960004E6E793F667C663E9DC7793F135C603E74
:10F97000841E7A3F97395A3E02737A3F0115543EEE
:10F9800016C57A3F60EE4D3EBE147B3FC2C5473E72
:10F99000FC617B3F379B413ECDAC7B3FCF6E3B3E16
:10F9A00031F57B3F9840353E283B7C3FA2102F3EEF
:10F9B000B07E7C3FFCDE283EC9BF7C3FB6AB223E1A
:10F9C00073FE7C3FDE761C3EAC3A7D3F8340163EA4
:10F9D00074747D3FB708103ECCAB7D3F86CF093EA7
:10F9E000B1E07D3F0295033E24137E3F73B2FA3DA2
:10F9F00023437E3F7638EE3DB0707E3F2EBCE13D26
:10FA0000C99B7E3FB93DD53D6DC47E3F36BDC83DE7
:10FA10009DEA7E3FC33ABC3D580E7F3F80B6AF3D66
:10FA20009D2F7F3F8C30A33D6D4E7F3F05A9963DB6
:10FA3000C76A7F3F0A208A3DAB847F3F742B7B3DA2
:10FA4000189C7F3F6814623D0FB17F3F2FFB483DFC
:10FA50008FC37F3F07E02F3D98D37F3F2CC3163DD8
:10FA600029E17F3FB949FB3C43EC7F3FB00AC93CE9
:10FA7000E6F47F3FB6C9963C11FB7F3F900E493CB0
:10FA8000C4FE7F3F890FC93B0000803F000000009B
:10FA9000C4FE7F3F890FC9BB11FB7F3F900E49BC5D
:10FAA000E6F47F3FB6C996BC43EC7F3FB00AC9BCC1
:10FAB00029E17F3FB949FBBC98D37F3F2CC316BDDA
:10FAC0008FC37F3F07E02FBD0FB17F3F2FFB48BDA6
:10FAD000189C7F3F681462BDAB847F3F742B7BBD55
:10FAE000C76A7F3F0A208ABD6D4E7F3F05A996BD3C
:10FAF0009D2F7F3F8C30A3BD580E7F3F80B6AFBD9A
:10FB00009DEA7E3FC33ABCBD6DC47E3F36BDC8BDD5
:10FB1000C99B7E3FB93DD5BDB0707E3F2EBCE1BDD7
:10FB200023437E3F7638EEBD24137E3F73B2FABD89
:10FB3000B1E07D3F029503BECCAB7D3F86CF09BED1
:10FB400074747D3FB70810BEAC3A7D3F834016BE4B
:10FB500073FE7C3FDE761CBEC9BF7C3FB6AB22BEC7
:10FB6000B07E7C3FFCDE28BE283B7C3FA2102FBE2F
:10FB700031F57B3F984035BECDAC7B3FCF6E3BBE71
:10FB8000FC617B3F379B41BEBE147B3FC2C547BE75
:10FB900016C57A3F60EE4DBE02737A3F011554BE22
:10FBA000841E7A3F97395ABE9DC7793F135C60BE69
:10FBB0004E6E793F667C66BE9812793F7F9A6CBE26
:10FBC0007BB4783F51B672BEF853783FCCCF78BE45
:10FBD00010F1773FE1E67EBEC58B773FC07D82BEE8
:10FBE0001724773FCE8685BE07BA763F938E88BEB0
:10FBF000974D763F07958BBEC6DE753F229A8EBE27
:10FC0000976D753FDD9D91BE0BFA743F31A094BE98
:10FC10002284743F17A197BEDD0B743F86A09ABE65
:10FC20003F91733F789E9DBE4714733FE59AA0BEF7
:10FC3000F894723FC595A3BE5213723F128FA6BEB1
:10FC4000578F713FC486A9BE0809713FD47CACBEF2
:10FC50006680703F3A71AFBE73F56F3FEF63B2BE1F
:10FC600030686F3FEC54B5BE9ED86E3F2A44B8BE94
:10FC7000BE466E3FA031BBBE93B26D3F4A1DBEBEB5
:10FC80001D1C6D3F1E07C1BE5E836C3F15EFC3BEDA
:10FC900058E86B3F29D5C6BE0C4B6B3F53B9C9BE64
:10FCA0007BAB6A3F8B9BCCBEA7096A3FCA7BCFBEAA
:10FCB0009165693F095AD2BE3CBF683F4136D5BE07
:10FCC000A816683F6B10D8BED86B673F80E8DABED5
:10FCD000CCBE663F79BEDDBE880F663F4F92E0BE68
:10FCE0000B5E653FFA63E3BE59AA643F7533E6BE17
:10FCF00073F4633FB700E9BE5A3C633FBBCBEBBE36
:10FD00001082623F7994EEBE98C5613FEA5AF1BE17
:10FD1000F206613F071FF4BE2146603FCBE0F6BE0E
:10FD200027835F3F2DA0F9BE05BE5E3F275DFCBE69
:10FD3000BEF65D3FB217FFBE532D5D3FE4E700BF47
:10FD4000C7615C3FB14202BF1A945B3F3D9C03BF59
:10FD500050C45A3F84F404BF6AF2593F824B06BF35
:10FD60006A1E593F36A107BF5348583F9BF508BF4D
:10FD70002670573FAD480ABFE595563F6B9A0BBFBB
:10FD800093B9553FD0EA0CBF31DB543FDA390EBF8F
:10FD9000C3FA533F84870FBF4918533FCDD310BFD9
:10FDA000C633523FB01E12BF3D4D513F2A6813BFAC
:10FDB000AF64503F39B014BF1F7A4F3FD9F615BF1B
:10FDC000908D4E3F073C17BF029F4D3FC07F18BF2D
:10FDD00079AE4C3F00C219BFF8BB4B3FC6021BBFF8
:10FDE0007FC74A3F0C421CBF12D1493FD17F1DBF84
:10FDF000B3D8483F12BC1EBF65DE473FCBF61FBFDE
:10FE00002AE2463FF92F21BF03E4453F996722BF0D
:10FE1000F5E3443FA99D23BF00E2433F25D224BF21
:10FE200029DE423F0A0526BF70D8413F563627BF1C
:10FE3000DAD0403F056628BF67C73F3F159429BF0A
:10FE40001BBC3E3F82C02ABFF9AE3D3F4AEB2BBFF1
:10FE500003A03C3F69142DBF3B8F3B3FDE3B2EBFD1
:10FE6000A47C3A3FA5612FBF4268393FBB8530BFB4
:10FE70001652383F1DA831BF233A373FC9C832BF99
:10FE80006C20363FBCE733BFF304353FF30435BF86
:10FE9000BCE7333F6C2036BFC9C8323F233A37BF77
:10FEA0001DA8313F165238BFBB85303F426839BF6D
:10FEB000A5612F3FA47C3ABFDE3B2E3F3B8F3BBF6B
:10FEC00069142D3F03A03CBF4AEB2B3FF9AE3DBF69
:10FED00082C02A3F1BBC3EBF1594293F67C73FBF66
:10FEE0000566283FDAD040BF5636273F70D841BF5D
:10FEF0000A05263F29DE42BF25D2243F00E243BF48
:10FF0000A99D233FF5E344BF9967223F03E445BF22
:10FF1000F92F213F2AE246BFCBF61F3F65DE47BFE0
:10FF200012BC1E3FB3D848BFD17F1D3F12D149BF7D
:10FF30000C421C3F7FC74ABFC6021B3FF8BB4BBFEA
:10FF400000C2193F79AE4CBFC07F183F029F4DBF22
:10FF5000073C173F908D4EBFD9F6153F1F7A4FBF14
:10FF600039B0143FAF6450BF2A68133F3D4D51BFB5
:10FF7000B01E123FC63352BFCDD3103F491853BFF6
:10FF800084870F3FC3FA53BFDA390E3F31DB54BFCA
:10FF9000D0EA0C3F93B955BF6B9A0B3FE59556BF1E
:10FFA000AD480A3F267057BF9BF5083F534858BFDE
:10FFB00036A1073F6A1E59BF824B063F6AF259BFFE
:10FFC00084F4043F50C45ABF3D9C033F1A945BBF66
:10FFD000B142023FC7615CBFE4E7003F532D5DBF04
:10FFE000B217FF3EBEF65DBF275DFC3E05BE5EBF9D
:10FFF0002DA0F93E27835FBFCBE0F63E214660BFD0
:020000040804EE
:10000000071FF43EF20661BFEA5AF13E98C561BF90
:100010007994EE3E108262BFBBCBEB3E5A3C63BF8D
:10002000B700E93E73F463BF7533E63E59AA64BF77
:10003000FA63E33E0B5E65BF4F92E03E880F66BFFA
:1000400079BEDD3ECCBE66BF80E8DA3ED86B67BFC6
:100050006B10D83EA81668BF4136D53E3CBF68BF7E
:10006000095AD23E916569BFCA7BCF3EA7096ABFD4
:100070008B9BCC3E7BAB6ABF53B9C93E0C4B6BBF6D
:1000800029D5C63E58E86BBF15EFC33E5E836CBFF3
:100090001E07C13E1D1C6DBF4A1DBE3E93B26DBF03
:1000A000A031BB3EBE466EBF2A44B83E9ED86EBF4E
:1000B000EC54B53E30686FBFEF63B23E73F56FBF6F
:1000C0003A71AF3E668070BFD47CAC3E080971BF08
:1000D000C486A93E578F71BF128FA63E521372BFBE
:1000E000C595A33EF89472BFE59AA03E471473BF2E
:1000F000789E9D3E3F9173BF86A09A3EDD0B74BFF4
:1001000017A1973E228474BF31A0943E0BFA74BFAE
:10011000DD9D913E976D75BF229A8E3EC6DE75BFFE
:1001200007958B3E974D76BF938E883E07BA76BF74
:10013000CE86853E172477BFC07D823EC58B77BFB4
:10014000E1E67E3E10F177BFCCCF783EF85378BF22
:1001500051B6723E7BB478BF7F9A6C3E981279BFDD
:10016000667C663E4E6E79BF135C603E9DC779BF6C
:1001700097395A3E841E7ABF0115543E02737ABFE6
:1001800060EE4D3E16C57ABFC2C5473EBE147BBF6A
:10019000379B413EFC617BBFCF6E3B3ECDAC7BBF0E
:1001A0009840353E31F57BBFA2102F3E283B7CBFE7
:1001B000FCDE283EB07E7CBFB6AB223EC9BF7CBF12
:1001C000DE761C3E73FE7CBF8340163EAC3A7DBF9C
:1001D000B708103E74747DBF86CF093ECCAB7DBF9F
:1001E0000295033EB1E07DBF73B2FA3D24137EBF9A
:1001F0007638EE3D23437EBF2EBCE13DB0707EBF1E
:10020000B93DD53DC99B7EBF36BDC83D6DC47EBFDF
:10021000C33ABC3D9DEA7EBF80B6AF3D580E7FBF5E
:100220008C30A33D9D2F7FBF05A9963D6D4E7FBFAE
:100230000A208A3DC76A7FBF742B7B3DAB847FBF9A
:100240006814623D189C7FBF2FFB483D0FB17FBFF4
:1002500007E02F3D8FC37FBF2CC3163D98D37FBFD0
:10026000B949FB3C29E17FBFB00AC93C43EC7FBFE1
:10027000B6C9963CE6F47FBF900E493C11FB7FBFA8
:10028000890FC93BC4FE7FBF000000000000803F13
:10029000B00AC93C43EC7F3F2FFB483D0FB17F3F85
:1002A00005A9963D6D4E7F3F36BDC83D6DC47E3F6E
:1002B00073B2FA3D24137E3F8340163EAC3A7D3F35
:1002C000A2102F3E283B7C3FC2C5473EBE147B3F59
:1002D000135C603E9DC7793FCCCF783EF853783FA2
:1002E000938E883E07BA763F31A0943E0BFA743F56
:1002F000E59AA03E4714733FD47CAC3E0809713F99
:100300002A44B83E9ED86E3F15EFC33E5E836C3FD5
:10031000CA7BCF3EA7096A3F80E8DA3ED86B673FC9
:100320007533E63E59AA643FEA5AF13E98C5613FEB
:10033000275DFC3E05BE5E3F3D9C033F1A945B3F3C
:100340009BF5083F5348583FDA390E3F31DB543FA5
:100350002A68133F3D4D513FC07F183F029F4D3FDC
:10036000D17F1D3F12D1493F9967223F03E4453FAA
:100370005636273F70D8413F4AEB2B3FF9AE3D3F01
:10038000BB85303F4268393FF304353FF304353FC6
:100390004268393FBB85303FF9AE3D3F4AEB2B3FCA
:1003A00070D8413F5636273F03E4453F9967223FC7
:1003B00012D1493FD17F1D3F029F4D3FC07F183F63
:1003C0003D4D513F2A68133F31DB543FDA390E3F30
:1003D0005348583F9BF5083F1A945B3F3D9C033FB1
:1003E00005BE5E3F275DFC3E98C5613FEA5AF13E7F
:1003F00059AA643F7533E63ED86B673F80E8DA3E22
:10040000A7096A3FCA7BCF3E5E836C3F15EFC33EB0
:100410009ED86E3F2A44B83E0809713FD47CAC3E5A
:100420004714733FE59AA03E0BFA743F31A0943E07
:1004300007BA763F938E883EF853783FCCCF783E0C
:100440009DC7793F135C603EBE147B3FC2C5473EEB
:10045000283B7C3FA2102F3EAC3A7D3F8340163EA6
:1004600024137E3F73B2FA3D6DC47E3F36BDC83D56
:100470006D4E7F3F05A9963D0FB17F3F2FFB483D55
:1004800043EC7F3FB00AC93C0000803F0000000001
:1004900043EC7F3FB00AC9BC0FB17F3F2FFB48BD83
:1004A0006D4E7F3F05A996BD6DC47E3F36BDC8BD6C
:1004B00024137E3F73B2FABDAC3A7D3F834016BE33
:1004C000283B7C3FA2102FBEBE147B3FC2C547BE57
:1004D0009DC7793F135C60BEF853783FCCCF78BEA0
:1004E00007BA763F938E88BE0BFA743F31A094BE54
:1004F0004714733FE59AA0BE0809713FD47CACBE97
:100500009ED86E3F2A44B8BE5E836C3F15EFC3BED3
:10051000A7096A3FCA7BCFBED86B673F80E8DABEC7
:1005200059AA643F7533E6BE98C5613FEA5AF1BEE9
:1005300005BE5E3F275DFCBE1A945B3F3D9C03BF3A
:100540005348583F9BF508BF31DB543FDA390EBFA3
:100550003D4D513F2A6813BF029F4D3FC07F18BFDA
:1005600012D1493FD17F1DBF03E4453F996722BFA8
:1005700070D8413F563627BFF9AE3D3F4AEB2BBFFF
:100580004268393FBB8530BFF304353FF30435BFC4
:10059000BB85303F426839BF4AEB2B3FF9AE3DBFC8
:1005A0005636273F70D841BF9967223F03E445BFC5
:1005B000D17F1D3F12D149BFC07F183F029F4DBF61
:1005C0002A68133F3D4D51BFDA390E3F31DB54BF2E
:1005D0009BF5083F534858BF3D9C033F1A945BBFAF
:1005E000275DFC3E05BE5EBFEA5AF13E98C561BF7D
:1005F0007533E63E59AA64BF80E8DA3ED86B67BF20
:10060000CA7BCF3EA7096ABF15EFC33E5E836CBFAE
:100610002A44B83E9ED86EBFD47CAC3E080971BF58
:10062000E59AA03E471473BF31A0943E0BFA74BF05
:10063000938E883E07BA76BFCCCF783EF85378BF0A
:10064000135C603E9DC779BFC2C5473EBE147BBFE9
:10065000A2102F3E283B7CBF8340163EAC3A7DBFA4
:1006600073B2FA3D24137EBF36BDC83D6DC47EBF54
:1006700005A9963D6D4E7FBF2FFB483D0FB17FBF53
:10068000B00AC93C43EC7FBF080000021000000420
:1006900018000006200040002800400230004004FE
:1006A000380040064000800048008002500080046E
:1006B000580080066000C0006800C0027000C004DE
:1006C0007800C0068000000188000003900000054B
:1006D00098000007A0004001A8004003B0004005BA
:1006E000B8004007C0008001C8008003D00080052A
:1006F000D8008007E000C001E800C003F000C0059A
:10070000F800C007000100020801080210010804F7
:10071000180108062001800228014802300148041F
:10072000380148064001000348018802500188044E
:1007300058018806600180036801C8027001C8047E
:100740007801C806800108028801080390010805A5
:1007500098010807A0018802A8014803B0014805D4
:10076000B8014807C0010803C8018803D001880503
:10077000D8018807E0018803E801C803F001C80533
:10078000F801C80708021002000200041002100459
:100790001802100620028004280250023002500481
:1007A00038025006400200054802900250029004B0
:1007B00058029006600280056802D0027002D004E0
:1007C0007802D00680020804880210039002100507
:1007D00098021007A0028804A8025003B002500536
:1007E000B8025007C0020805C8029003D002900565
:1007F000D8029007E0028805E802D003F002D00595
:10080000F802D007000300060803100610031804BE
:1008100018031806200380062803900630035804A6
:100820003803580640030007480310075003980494
:100830005803980660038007680390077003D80484
:100840007803D80680030806880318069003180565
:1008500098031807A0038806A8039806B003580554
:10086000B8035807C0030807C8031807D003980542
:10087000D8039807E0038807E8039807F003D80532
:10088000F803D80708048004100420041804200684
:100890002804800530046004380460064004000623
:1008A000480488045004A0045804A00660041006FC
:1008B000680488057004E0047804E0068804800673
:1008C0009004200598042007A0040806A8048007C7
:1008D000B0046005B8046007C0042006C804880698
:1008E000D004A005D804A007E0041806E80488078F
:1008F000F004E005F804E007080520051005800570
:10090000180528062805900530058805380568066D
:100910004005000748052007500580075805A80630
:100920006005080768059805700588077805E806DA
:100930008805900698052807A0052806A8059007B1
:10094000B0052807B8056807C0051007C805980650
:10095000D0059007D805A807E0051807E80598070F
:10096000F0059807F805E8071806300638067006FF
:100970004006000748068007500608075806B006DC
:100980006006100768069007700618077806F006DC
:100990008806A00698063007A806A007B0068807B4
:1009A000B8067007C0062007C806A007D0062807AB
:1009B000D806B007E0063007E806A807F006980753
:1009C000F806F007480750073807980750076007F0
:1009D000580770076007C0076807D0077807F00757
:1009E0007007E007B807F007A807B007D807F007B7
:1009F000C807E007E807F007000000000000803F9C
:100A00002FFB483D0FB17F3F36BDC83D6DC47E3FD3
:100A10008340163EAC3A7D3FC2C5473EBE147B3F85
:100A2000CCCF783EF853783F31A0943E0BFA743F18
:100A3000D47CAC3E0809713F15EFC33E5E836C3F2A
:100A400080E8DA3ED86B673FEA5AF13E98C5613FCD
:100A50003D9C033F1A945B3FDA390E3F31DB543F34
:100A6000C07F183F029F4D3F9967223F03E4453FF7
:100A70004AEB2B3FF9AE3D3FF304353FF304353FDE
:100A8000F9AE3D3F4AEB2B3F03E4453F9967223FD8
:100A9000029F4D3FC07F183F31DB543FDA390E3F94
:100AA0001A945B3F3D9C033F98C5613FEA5AF13E73
:100AB000D86B673F80E8DA3E5E836C3F15EFC33E3C
:100AC0000809713FD47CAC3E0BFA743F31A0943ED0
:100AD000F853783FCCCF783EBE147B3FC2C5473E2B
:100AE000AC3A7D3F8340163E6DC47E3F36BDC83D67
:100AF0000FB17F3F2FFB483D0000803F000000000A
:100B00000FB17F3F2FFB48BD6DC47E3F36BDC8BDD2
:100B1000AC3A7D3F834016BEBE147B3FC2C547BE84
:100B2000F853783FCCCF78BE0BFA743F31A094BE17
:100B30000809713FD47CACBE5E836C3F15EFC3BE29
:100B4000D86B673F80E8DABE98C5613FEA5AF1BECC
:100B50001A945B3F3D9C03BF31DB543FDA390EBF33
:100B6000029F4D3FC07F18BF03E4453F996722BFF6
:100B7000F9AE3D3F4AEB2BBFF304353FF30435BFDD
:100B80004AEB2B3FF9AE3DBF9967223F03E445BFD7
:100B9000C07F183F029F4DBFDA390E3F31DB54BF93
:100BA0003D9C033F1A945BBFEA5AF13E98C561BF72
:100BB00080E8DA3ED86B67BF15EFC33E5E836CBF3B
:100BC000D47CAC3E080971BF31A0943E0BFA74BFCF
:100BD000CCCF783EF85378BFC2C5473EBE147BBF2A
:100BE0008340163EAC3A7DBF36BDC83D6DC47EBF66
:100BF0002FFB483D0FB17FBF0800000210004000EE
:100C00001800400220008000280080023000C00050
:100C10003800C002400000014800000350004001BD
:100C20005800400360008001680080037000C0012C
:100C30007800C003800000028800080290000003D2
:100C400098004802A0000802A8008802B000C8006E
:100C5000B800C802C0000801C8000803D00048015D
:100C6000D8004803E0008801E8008803F000C801CC
:100C7000F800C803080110021001400118015002D9
:100C80002001000328019002300148013801D00200
:100C9000480110035801500360019001680190035E
:100CA0007001D0017801D003800140028801180250
:100CB0009001400398015802A0014802A80198023F
:100CC000B0014803B801D802C0015002C80118039E
:100CD000D0015003D8015803E0015802E8019803FD
:100CE000F0015803F801D803080220021002400264
:100CF000180260022802A002300260023802E002FC
:100D000040020003480220035002400358026003DF
:100D1000600220036802A003700260037802E0030F
:100D20008802A002900280039802A003B002880308
:100D3000B802E802C0028003C8022803D002900370
:100D4000D8026803E002A003E802A803F0029803B7
:100D5000F802E803080320031003400318036003AC
:100D600028038803300360033803980348036003B3
:100D7000580370036803B0037803F0038803A003EB
:100D80009003C0039803E003B003C803B803E8036B
:100D9000C803E003D803F00300000000A200000035
:100DA000F9A2000083F9A2006E83F9A24E6E83F9C6
:100DB000444E6E8315444E6E2915444EFC2915444D
:100DC00027FC29155727FC29D15727FCF5D1572790
:100DD00034F5D157DD34F5D1C0DD34F5DBC0DD3479
:100DE00062DBC0DD9562DBC0999562DB3C99956260
:100DF000433C999590433C994190433C000000004E
:100E0000000000000000F03F000000000000F0BF04
:100E1000000000000000F0BF000000000000F03FF4
:100E200083C8C96D305F6441182D4454FB21F93FDC
:100E3000000000000000F03F1C620CFDFFFFDFBF60
:100E4000198F06E15355A53F9D359AE887C056BFD7
:100E5000C3F87B024393F93E03A695595455C5BF89
:100E6000C40B23057610813F24CF7437EB9429BF40
:100E7000000000000000F03F000000000000F0BF94
:100E8000000000000000F0BF000000000000F03F84
:100E900083C8C96D305F6441182D4454FB21F93F6C
:100EA000000000000000F0BF1C620CFDFFFFDF3FF0
:100EB000198F06E15355A5BF9D359AE887C0563F67
:100EC000C3F87B024393F9BE03A695595455C5BF99
:100ED000C40B23057610813F24CF7437EB9429BFD0
:100EE000BEF3F879EC61F63FDEAA8C80F77BD5BFC4
:100EF0003D88AF4AED71F53FDB6DC0A7F0BED2BFB4
:100F0000B010F0F03995F43F673A517FAE1ED0BF74
:100F10008503B8B095C9F33FE92482A6D831CBBF89
:100F2000A564880C190DF33F5877C00A4F57C6BF08
:100F3000A08E0B7B225EF23F00819CC72BAAC1BF13
:100F40003F341A4A4ABBF13F5E0E8CCE764EBABF92
:100F5000BAE58AF05823F13FCC1C615A3C97B1BFE7
:100F6000A70099413F95F03F1E0CE138F452A2BF13
:100F7000000000000000F03F000000000000000042
:100F8000AC479AFD8C60EE3F8459F25DAAA5AA3F5A
:100F9000A06A021FB3A4EC3FB42E36AA535EBC3F36
:100FA000E6FC6A573620EB3F08DB2077E526C53F95
:100FB0002DAAA163D1C2E93F7047220D86C2CB3F63
:100FC000ED417803E686E83FE17EA0C88B05D13F7E
:100FD000624853F5DC67E73F09EEB6573004D43F6B
:100FE000EF39FAFE422EE63F3483B848A30ED0BF55
:100FF0006A0BE00B5B57D53F23410AF2FEFFDFBFD0
:08100000A8F9FB7F01000000CC
:1010080025020008B90B02083D3A0208A572020839
:0410180001020008C9
:10101C00000000000024F40001000000100000009B
:10102C00AAAAAAAA11C900083DC80008C9CA000882
:10103C00B9C90008A1C8000801011400029FCD3FE6
:10104C003419CB3F7B85C83FD4FE000088130000C9
:10105C0021FF00084DFF000851FF000855FF000854
:10106C003D040108190301084903010859FF000850
:10107C005DFF0008000020000020000000200000A0
:10108C0080BB000080BB0000141400001A03000099
:10109C000000000000000000000000000000000044
:1010AC00000000000000000004030904120100020B
:1010BC00EF020140830433570102010203010000D7
:1010CC0012010002000000408304315702020102A9
:1010DC0003010000120100020000004083042057AD
:1010EC000002010203010000FD2101088921010811
:1010FC005D22010821220108C12101087522010885
:10110C008D2201087D210108892101085D22010839
:10111C00A5220108C1210108C9220108E122010808
:10112C004D2401087924010841230108F922010802
:10113C00F123010895230108FD220108300100204C
:10114C00008002021F00000053544D3332463720FA
:10115C00534420436172642052656164657220209F
:10116C00312E3030018100000A06000200000040E0
:10117C000100000009022000010104C03209040032
:10118C000002080650050705810240000007050112
:10119C0002400000D92F0108053201087130010806
:1011AC0000000000000000007D31010887310108BB
:1011BC000000000000000000000000009131010858
:1011CC00C931010801320108CD2F010800060000C9
:1011DC0000000000030000000080000820202020F8
:1011EC00000000020080000080BB000081000000B5
:1011FC000A060002EF020140010000000A0600028C
:10120C00000000400100000009029800020100C02B
:10121C0032080B000201002000090400000001014B
:10122C00200009240100020840000008240A1003D1
:10123C00070000112402010101001002030000004C
:10124C000000000012240602010300000000000050
:10125C000000000000000C24030301030002100036
:10126C000000090401000001022000090401010230
:10127C000102200010240101000101000000020302
:10128C000000000006240201021007050105C4003D
:10129C00040825010000000000070581110400046A
:1012AC0009027A00020100C03209040000000101A9
:1012BC0000000924010001280001010C2402010195
:1012CC00010002030000000A2406020101010000D3
:1012DC0000092403030103000200090401000001BA
:1012EC0002000009040101020102000007240101AF
:1012FC000101000E2402010202100244AC0080BB6A
:10130C000009050105C40001008107250101000049
:10131C00000905811104000401000000F5430108D7
:10132C008943010861400108213F01082D3E010855
:10133C00A53F01081940010845460108253F010851
:10134C00853F0108E53D0108E53D0108093E01081E
:10135C00653F010801010100AD7301082972010804
:10136C002D720108857201089D72010891720108A5
:10137C0011790108A5710108B572010841720108C3
:10138C00077101080972010802000000100002FF39
:10139C00000000C0000000C0E803000000000000D6
:1013AC0003000000CC6302209C030020000000001E
:1013BC00CC630220346402209C64022000000000F4
:1013CC000000000000000000000000000000000011
:1013DC000000000000000000000000000000000001
:1013EC0000000000000000000000000000000000F1
:0813FC000000000000000000E9
:1014040000000000000000000000000000000000D8
:1014140000000000000000000000000000000000C8
:1014240000000000000000000000000000000000B8
:1014340000000000000000000000000000000000A8
:101444000000000000000000000000000000000098
:101454000000000000000000000000000000000088
:101464000000000000000000000000000000000078
:101474000000000000000000000000000000000068
:101484000000000000000000000000000000000058
:101494000000000000000000000000000000000048
:1014A4000000000000000000000000000000000038
:1014B4000000000000000000000000000000000028
:1014C4000000000000000000000000000000000018
:1014D4000000000000000000000000000000000008
:1014E40000000000000000000000000000000000F8
:1014F40000000000000000000000000000000000E8
:1015040000000000000000000000000000000000D7
:1015140000000000000000000000000000000000C7
:1015240000000000000000000000000000000000B7
:1015340000000000000000000000000000000000A7
:101544000000000000000000000000000000000097
:101554000000000000000000000000000000000087
:101564000000000000000000000000000000000077
:101574000000000000000000000000000000000067
:101584000000000000000000000000000000000057
:101594000000000000000000000000000000000047
:1015A4000000000000000000000000000000000037
:1015B4000000000000000000000000000000000027
:1015C4000000000000000000000000000000000017
:1015D4000000000000000000000000000000000007
:1015E40000000000000000000000000000000000F7
:1015F40000000000000000000000000000000000E7
:040000050801690184
:00000001FF
